,Farley 1,Farley 2,Hatch 1,Hatch 2,Vogtle 1,Vogtle 2,Vogtle 3
10/20/21,100,98,100,100,100,100,0
10/21/21,100,98,100,100,100,100,0
10/22/21,99,98,100,100,100,100,0
10/23/21,100,98,100,100,100,100,0
10/24/21,100,98,100,100,100,100,0
10/25/21,100,98,99,100,100,100,0
10/26/21,100,98,100,100,100,100,0
10/27/21,100,98,100,100,100,100,0
10/28/21,100,98,100,100,100,100,0
10/29/21,100,98,100,100,100,100,0
10/30/21,100,98,100,100,100,100,0
10/31/21,100,98,100,100,100,100,0
11/1/21,100,98,100,100,100,100,0
11/2/21,100,98,100,100,100,100,0
11/3/21,100,98,100,100,100,100,0
11/4/21,100,100,100,100,100,100,0
11/5/21,100,100,100,100,100,100,0
11/6/21,100,100,100,100,100,100,0
11/7/21,100,100,100,100,100,100,0
11/8/21,100,100,100,100,100,100,0
11/9/21,100,100,100,100,100,100,0
11/10/21,100,100,100,100,100,100,0
11/11/21,100,100,100,100,100,100,0
11/12/21,100,100,100,100,100,100,0
11/13/21,100,100,100,100,100,100,0
11/14/21,100,100,100,100,100,100,0
11/15/21,100,100,100,100,100,100,0
11/16/21,100,100,100,100,100,100,0
11/17/21,100,100,100,100,100,100,0
11/18/21,100,100,100,100,100,100,0
11/19/21,100,100,100,100,100,99,0
11/20/21,100,100,100,100,100,100,0
11/21/21,100,100,100,100,100,100,0
11/22/21,100,100,100,100,100,100,0
11/23/21,100,100,100,100,100,100,0
11/24/21,100,100,100,100,100,100,0
11/25/21,100,100,100,100,100,100,0
11/26/21,100,100,100,100,100,100,0
11/27/21,100,100,100,100,100,100,0
11/28/21,100,100,100,100,100,100,0
11/29/21,100,100,100,100,100,100,0
11/30/21,100,100,100,100,100,100,0
12/1/21,100,100,100,100,100,100,0
12/2/21,100,100,99,100,100,100,0
12/3/21,100,100,99,100,100,100,0
12/4/21,100,100,99,100,100,100,0
12/5/21,100,100,96,100,100,100,0
12/6/21,100,100,100,100,100,100,0
12/7/21,100,100,100,100,100,100,0
12/8/21,100,100,100,100,100,100,0
12/9/21,100,100,100,100,100,100,0
12/10/21,100,100,100,100,100,100,0
12/11/21,100,100,100,40,100,100,0
12/12/21,100,100,100,35,100,100,0
12/13/21,100,100,100,62,100,100,0
12/14/21,100,100,100,88,100,100,0
12/15/21,100,100,100,100,100,100,0
12/16/21,100,100,99,100,100,100,0
12/17/21,100,100,99,100,84,100,0
12/18/21,100,100,99,100,85,100,0
12/19/21,100,100,97,100,85,100,0
12/20/21,100,100,100,100,86,100,0
12/21/21,100,100,99,100,100,100,0
12/22/21,100,100,99,100,100,100,0
12/23/21,100,100,99,100,100,100,0
12/24/21,100,100,99,100,100,100,0
12/25/21,100,100,98,100,100,100,0
12/26/21,100,100,98,100,100,100,0
12/27/21,100,100,97,100,100,100,0
12/28/21,100,100,97,100,100,100,0
12/29/21,100,100,96,100,100,100,0
12/30/21,100,100,0,100,100,100,0
12/31/21,100,100,0,100,100,100,0
1/1/22,100,100,0,100,100,100,0
1/2/22,100,100,0,100,100,100,0
1/3/22,100,100,23,100,100,100,0
1/4/22,100,100,89,100,100,100,0
1/5/22,100,100,88,100,100,100,0
1/6/22,100,100,98,100,100,100,0
1/7/22,100,100,96,100,100,100,0
1/8/22,100,100,98,100,100,100,0
1/9/22,100,100,98,100,100,100,0
1/10/22,100,100,99,100,100,100,0
1/11/22,100,100,99,100,100,100,0
1/12/22,100,100,99,100,100,100,0
1/13/22,100,100,99,100,100,100,0
1/14/22,100,100,98,100,100,100,0
1/15/22,100,100,99,100,100,100,0
1/16/22,100,100,99,100,100,100,0
1/17/22,100,100,99,100,100,100,0
1/18/22,100,100,98,100,100,100,0
1/19/22,100,100,97,100,100,100,0
1/20/22,100,100,97,100,100,100,0
1/21/22,100,100,97,100,100,100,0
1/22/22,100,100,96,100,100,100,0
1/23/22,100,100,95,100,100,100,0
1/24/22,100,100,95,100,100,100,0
1/25/22,100,100,94,100,100,100,0
1/26/22,100,100,94,100,100,100,0
1/27/22,100,100,94,100,100,100,0
1/28/22,100,100,93,100,100,100,0
1/29/22,100,100,93,100,100,100,0
1/30/22,100,100,92,100,100,100,0
1/31/22,100,100,92,100,100,100,0
2/1/22,100,100,91,100,100,100,0
2/2/22,100,100,91,100,100,100,0
2/3/22,100,100,91,100,100,100,0
2/4/22,100,100,90,100,100,100,0
2/5/22,100,100,90,100,100,100,0
2/6/22,100,100,0,100,100,100,0
2/7/22,100,100,0,100,100,100,0
2/8/22,100,100,0,100,100,100,0
2/9/22,100,100,0,100,100,100,0
2/10/22,100,100,0,100,100,100,0
2/11/22,100,100,0,100,100,100,0
2/12/22,100,100,0,100,100,100,0
2/13/22,100,100,0,100,100,100,0
2/14/22,100,100,0,100,100,100,0
2/15/22,100,100,0,100,100,100,0
2/16/22,100,100,0,100,100,100,0
2/17/22,100,100,0,100,100,100,0
2/18/22,100,100,0,100,100,100,0
2/19/22,100,100,0,100,100,100,0
2/20/22,100,100,0,100,100,100,0
2/21/22,100,100,0,100,100,100,0
2/22/22,100,100,0,100,100,100,0
2/23/22,100,100,0,100,100,100,0
2/24/22,100,100,0,100,100,100,0
2/25/22,100,100,0,100,100,100,0
2/26/22,100,100,0,100,100,100,0
2/27/22,100,100,0,100,100,100,0
2/28/22,100,100,0,100,100,100,0
3/1/22,100,100,0,100,100,99,0
3/2/22,100,100,21,100,100,99,0
3/3/22,100,100,10,100,100,98,0
3/4/22,100,100,58,100,100,97,0
3/5/22,100,100,96,100,100,97,0
3/6/22,100,100,100,100,100,0,0
3/7/22,100,100,100,100,100,0,0
3/8/22,100,100,100,100,100,0,0
3/9/22,100,100,100,100,100,0,0
3/10/22,100,100,100,100,100,0,0
3/11/22,100,100,100,100,100,0,0
3/12/22,100,100,100,100,100,0,0
3/13/22,100,100,100,100,100,0,0
3/14/22,100,100,100,100,100,0,0
3/15/22,100,100,100,100,100,0,0
3/16/22,100,100,100,100,100,0,0
3/17/22,100,100,100,100,100,0,0
3/18/22,100,100,100,100,100,0,0
3/19/22,100,100,100,79,100,0,0
3/20/22,100,100,100,50,100,0,0
3/21/22,100,100,100,72,100,0,0
3/22/22,100,100,100,93,100,0,0
3/23/22,100,100,100,100,100,0,0
3/24/22,100,100,100,100,100,0,0
3/25/22,100,100,100,100,100,0,0
3/26/22,100,100,100,100,100,0,0
3/27/22,100,100,100,100,100,0,0
3/28/22,100,100,100,100,100,0,0
3/29/22,100,99,100,100,100,0,0
3/30/22,100,98,100,100,100,0,0
3/31/22,100,97,100,100,100,0,0
4/1/22,100,96,100,100,100,0,0
4/2/22,100,95,100,100,100,0,0
4/3/22,100,94,100,100,100,0,0
4/4/22,100,93,100,100,100,0,0
4/5/22,100,92,100,100,100,0,0
4/6/22,100,91,100,100,100,41,0
4/7/22,100,91,100,100,100,60,0
4/8/22,100,90,100,100,100,81,0
4/9/22,100,88,100,100,100,95,0
4/10/22,100,69,100,100,100,100,0
4/11/22,100,0,100,100,100,65,0
4/12/22,100,0,100,100,100,65,0
4/13/22,100,0,100,100,100,65,0
4/14/22,100,0,100,100,100,80,0
4/15/22,100,0,100,100,100,100,0
4/16/22,100,0,100,100,100,100,0
4/17/22,100,0,100,100,100,100,0
4/18/22,100,0,100,100,100,100,0
4/19/22,100,0,100,100,100,100,0
4/20/22,100,0,100,100,100,100,0
4/21/22,100,0,100,100,100,100,0
4/22/22,100,0,100,100,100,100,0
4/23/22,100,0,100,100,100,100,0
4/24/22,100,0,100,100,100,100,0
4/25/22,100,0,100,100,100,100,0
4/26/22,100,0,100,100,100,100,0
4/27/22,100,0,100,100,100,100,0
4/28/22,100,0,100,100,100,100,0
4/29/22,100,0,100,100,100,100,0
4/30/22,100,0,100,100,100,100,0
5/1/22,100,0,100,100,100,100,0
5/2/22,100,0,100,100,100,100,0
5/3/22,100,10,100,100,100,100,0
5/4/22,100,47,100,100,0,100,0
5/5/22,100,58,100,100,3,100,0
5/6/22,100,60,100,100,20,100,0
5/7/22,100,60,100,100,65,100,0
5/8/22,100,60,100,100,65,100,0
5/9/22,100,92,100,100,100,100,0
5/10/22,100,100,100,100,100,100,0
5/11/22,100,100,100,100,100,100,0
5/12/22,100,100,100,100,100,100,0
5/13/22,100,100,100,100,100,100,0
5/14/22,100,100,100,100,100,100,0
5/15/22,100,100,100,100,100,100,0
5/16/22,100,100,100,100,100,100,0
5/17/22,100,100,97,100,100,100,0
5/18/22,100,100,96,100,100,100,0
5/19/22,100,100,96,100,100,100,0
5/20/22,100,100,97,100,100,100,0
5/21/22,100,100,97,100,100,100,0
5/22/22,100,100,97,100,100,100,0
5/23/22,100,100,0,100,100,100,0
5/24/22,100,100,0,100,100,100,0
5/25/22,100,100,0,100,100,100,0
5/26/22,100,100,33,100,100,100,0
5/27/22,100,100,95,100,92,100,0
5/28/22,100,100,100,97,100,100,0
5/29/22,100,100,97,100,100,100,0
5/30/22,100,100,97,100,100,100,0
5/31/22,100,100,100,97,100,100,0
6/1/22,100,100,100,100,100,100,0
6/2/22,100,100,100,100,100,100,0
6/3/22,100,100,100,100,100,100,0
6/4/22,100,100,100,100,100,100,0
6/5/22,100,100,100,100,100,100,0
6/6/22,100,100,100,100,100,100,0
6/7/22,100,100,100,100,100,100,0
6/8/22,100,100,100,100,100,100,0
6/9/22,100,100,100,100,100,100,0
6/10/22,100,100,100,100,100,100,0
6/11/22,100,100,100,100,100,100,0
6/12/22,100,100,100,100,100,100,0
6/13/22,100,89,100,100,100,100,0
6/14/22,100,100,100,100,100,100,0
6/15/22,100,100,100,100,100,100,0
6/16/22,100,100,100,100,100,100,0
6/17/22,100,100,100,100,100,100,0
6/18/22,100,100,100,100,100,100,0
6/19/22,100,100,100,100,100,100,0
6/20/22,100,100,100,100,100,100,0
6/21/22,100,100,100,100,100,100,0
6/22/22,100,100,100,100,100,100,0
6/23/22,100,100,100,100,100,100,0
6/24/22,100,100,100,100,100,100,0
6/25/22,100,100,100,100,100,100,0
6/26/22,100,100,100,100,100,100,0
6/27/22,100,100,100,100,100,100,0
6/28/22,100,100,100,100,100,100,0
6/29/22,100,100,100,100,100,100,0
6/30/22,100,100,100,100,100,100,0
7/1/22,100,100,100,100,100,100,0
7/2/22,100,100,100,100,100,100,0
7/3/22,100,100,100,100,100,100,0
7/4/22,100,100,100,100,100,100,0
7/5/22,100,100,100,100,100,100,0
7/6/22,100,100,100,100,100,100,0
7/7/22,100,100,100,100,100,100,0
7/8/22,100,100,100,100,100,100,0
7/9/22,100,100,100,100,100,100,0
7/10/22,100,100,100,100,100,100,0
7/11/22,100,100,100,100,100,100,0
7/12/22,100,100,100,100,100,100,0
7/13/22,100,100,100,100,100,100,0
7/14/22,100,100,100,100,100,100,0
7/15/22,100,100,100,100,100,100,0
7/16/22,100,100,100,100,100,100,0
7/17/22,100,100,100,100,100,100,0
7/18/22,100,100,100,100,100,100,0
7/19/22,100,100,100,100,100,100,0
7/20/22,100,100,100,100,100,100,0
7/21/22,100,100,100,100,100,100,0
7/22/22,100,100,100,100,100,100,0
7/23/22,100,100,100,100,100,45,0
7/24/22,100,100,100,100,100,35,0
7/25/22,100,100,100,100,100,100,0
7/26/22,100,100,100,100,100,100,0
7/27/22,100,100,100,100,100,100,0
7/28/22,100,100,100,100,100,100,0
7/29/22,100,100,100,100,100,100,0
7/30/22,100,100,100,100,60,100,0
7/31/22,100,100,100,100,90,100,0
8/1/22,100,100,100,100,100,100,0
8/2/22,100,100,100,100,100,100,0
8/3/22,100,100,100,100,100,100,0
8/4/22,0,100,100,100,100,100,0
8/5/22,0,100,100,100,100,100,0
8/6/22,20,100,100,100,100,100,0
8/7/22,48,100,100,100,100,100,0
8/8/22,100,100,100,100,100,100,0
8/9/22,100,100,100,100,100,100,0
8/10/22,100,100,100,100,100,100,0
8/11/22,100,100,100,100,100,100,0
8/12/22,100,100,100,100,100,100,0
8/13/22,100,100,100,100,100,100,0
8/14/22,100,100,100,100,100,100,0
8/15/22,100,100,100,100,100,100,0
8/16/22,100,100,100,99,100,100,0
8/17/22,100,100,100,100,100,100,0
8/18/22,100,100,100,100,100,100,0
8/19/22,100,100,100,100,100,100,0
8/20/22,100,100,100,100,100,100,0
8/21/22,100,100,100,100,100,100,0
8/22/22,97,100,100,100,100,100,0
8/23/22,97,100,100,100,100,100,0
8/24/22,100,100,100,100,100,100,0
8/25/22,100,100,100,100,100,100,0
8/26/22,100,100,100,100,100,100,0
8/27/22,100,100,100,100,100,100,0
8/28/22,100,100,100,100,100,100,0
8/29/22,97,100,100,100,100,100,0
8/30/22,96,100,100,100,100,100,0
8/31/22,95,100,100,100,100,100,0
9/1/22,94,100,100,100,100,100,0
9/2/22,93,100,100,100,100,100,0
9/3/22,93,100,97,100,100,100,0
9/4/22,93,100,97,100,100,100,0
9/5/22,90,100,90,100,100,100,0
9/6/22,89,100,100,100,100,100,0
9/7/22,88,100,100,100,100,100,0
9/8/22,88,100,100,100,100,100,0
9/9/22,86,100,100,100,100,100,0
9/10/22,86,100,100,96,100,100,0
9/11/22,84,100,100,90,100,100,0
9/12/22,84,100,100,100,100,100,0
9/13/22,82,100,100,96,100,100,0
9/14/22,82,100,100,100,100,100,0
9/15/22,81,100,100,100,100,100,0
9/16/22,80,100,100,100,100,100,0
9/17/22,79,100,100,100,100,100,0
9/18/22,61,100,100,100,100,100,0
9/19/22,0,100,100,100,100,100,0
9/20/22,0,100,100,100,100,100,0
9/21/22,0,100,100,100,100,100,0
9/22/22,0,100,100,100,100,100,0
9/23/22,0,100,100,100,100,100,0
9/24/22,0,100,100,100,100,100,0
9/25/22,0,100,100,100,100,100,0
9/26/22,0,100,100,100,100,100,0
9/27/22,0,100,100,100,100,100,0
9/28/22,0,100,100,100,100,100,0
9/29/22,0,100,100,100,100,100,0
9/30/22,0,100,100,100,100,100,0
10/1/22,0,100,100,100,100,100,0
10/2/22,0,100,100,100,100,100,0
10/3/22,0,100,100,100,100,100,0
10/4/22,0,100,100,100,100,100,0
10/5/22,0,100,100,100,100,100,0
10/6/22,0,100,100,100,100,100,0
10/7/22,0,100,100,100,100,100,0
10/8/22,0,100,100,100,100,100,0
10/9/22,0,100,100,100,100,100,0
10/10/22,0,100,100,0,100,100,0
10/11/22,0,100,100,0,100,100,0
10/12/22,0,100,100,0,100,100,0
10/13/22,0,100,100,0,100,100,0
10/14/22,0,100,100,0,100,100,0
10/15/22,0,100,100,1,100,100,0
10/16/22,0,100,100,7,100,100,0
10/17/22,0,100,100,52,100,100,0
10/18/22,0,100,100,93,100,100,0
10/19/22,0,100,100,100,100,100,0
10/20/22,0,100,100,100,100,100,0
10/21/22,0,100,100,100,100,100,0
10/22/22,0,100,100,100,100,100,0
10/23/22,0,100,100,100,100,100,0
10/24/22,0,100,100,100,100,100,0
10/25/22,0,100,100,100,100,100,0
10/26/22,0,100,100,100,100,100,0
10/27/22,0,100,100,100,100,100,0
10/28/22,0,100,100,100,100,100,0
10/29/22,0,100,100,100,100,100,0
10/30/22,0,100,100,100,100,100,0
10/31/22,0,100,100,100,100,100,0
11/1/22,0,100,100,100,100,100,0
11/2/22,0,100,100,100,100,100,0
11/3/22,0,100,100,100,100,100,0
11/4/22,0,100,100,100,100,100,0
11/5/22,0,100,100,100,100,100,0
11/6/22,0,100,100,100,100,100,0
11/7/22,0,100,100,100,100,100,0
11/8/22,0,100,100,100,100,100,0
11/9/22,0,100,100,100,100,100,0
11/10/22,0,100,100,100,100,100,0
11/11/22,0,100,100,100,100,100,0
11/12/22,0,100,100,100,100,100,0
11/13/22,0,100,100,100,100,100,0
11/14/22,0,100,100,100,100,100,0
11/15/22,0,100,100,100,100,100,0
11/16/22,0,100,100,100,100,100,0
11/17/22,0,100,100,100,100,100,0
11/18/22,0,100,100,100,100,100,0
11/19/22,0,100,100,100,100,100,0
11/20/22,0,100,97,100,100,100,0
11/21/22,0,100,100,100,100,100,0
11/22/22,0,100,100,90,100,100,0
11/23/22,0,100,100,100,100,100,0
11/24/22,0,100,100,100,100,100,0
11/25/22,0,100,100,100,100,100,0
11/26/22,0,100,100,100,100,100,0
11/27/22,0,100,100,100,92,100,0
11/28/22,0,100,100,100,100,100,0
11/29/22,0,100,100,100,100,100,0
11/30/22,0,100,100,99,100,100,0
12/1/22,0,100,100,99,97,100,0
12/2/22,0,100,100,99,100,100,0
12/3/22,0,100,100,97,100,100,0
12/4/22,0,100,100,98,100,100,0
12/5/22,0,100,100,98,100,100,0
12/6/22,0,100,100,97,100,100,0
12/7/22,0,100,100,97,100,100,0
12/8/22,0,100,100,97,100,100,0
12/9/22,0,100,100,96,100,100,0
12/10/22,0,100,100,96,100,100,0
12/11/22,0,100,100,96,100,100,0
12/12/22,0,100,100,95,100,100,0
12/13/22,0,100,100,95,100,100,0
12/14/22,0,100,100,95,100,100,0
12/15/22,0,100,100,99,100,100,0
12/16/22,0,100,100,99,100,100,0
12/17/22,0,100,100,99,100,100,0
12/18/22,0,100,100,98,100,100,0
12/19/22,0,100,100,98,100,100,0
12/20/22,0,100,100,98,100,100,0
12/21/22,0,100,100,98,100,100,0
12/22/22,1,100,100,98,100,100,0
12/23/22,14,100,100,98,100,100,0
12/24/22,18,100,100,98,100,100,0
12/25/22,50,100,100,97,100,100,0
12/26/22,92,100,100,97,100,100,0
12/27/22,100,100,100,97,100,100,0
12/28/22,100,100,100,96,100,100,0
12/29/22,100,100,100,96,100,100,0
12/30/22,100,100,100,96,100,100,0
12/31/22,100,100,100,95,100,100,0
1/1/23,100,100,100,95,100,100,0
1/2/23,100,100,100,95,100,100,0
1/3/23,100,100,100,94,100,100,0
1/4/23,100,100,100,94,100,100,0
1/5/23,100,100,100,94,100,100,0
1/6/23,100,100,100,93,100,100,0
1/7/23,100,100,100,93,100,100,0
1/8/23,100,100,100,93,100,100,0
1/9/23,100,100,100,93,100,100,0
1/10/23,100,100,100,93,100,100,0
1/11/23,100,100,100,92,100,100,0
1/12/23,100,100,100,92,100,100,0
1/13/23,100,100,100,92,100,100,0
1/14/23,100,100,100,91,100,100,0
1/15/23,100,100,100,91,100,100,0
1/16/23,100,100,100,91,100,100,0
1/17/23,100,100,100,90,100,100,0
1/18/23,100,100,100,89,100,100,0
1/19/23,100,100,100,89,100,100,0
1/20/23,100,100,100,82,100,100,0
1/21/23,100,100,100,86,100,100,0
1/22/23,100,100,100,87,100,100,0
1/23/23,100,100,100,86,100,100,0
1/24/23,100,100,97,86,100,100,0
1/25/23,100,100,97,86,100,100,0
1/26/23,100,100,100,86,100,100,0
1/27/23,100,100,100,86,100,100,0
1/28/23,100,100,100,86,100,100,0
1/29/23,100,100,100,0,100,100,0
1/30/23,100,100,100,0,100,100,0
1/31/23,100,100,100,0,100,100,0
2/1/23,100,100,100,0,100,100,0
2/2/23,0,100,100,0,100,100,0
2/3/23,0,100,100,0,100,100,0
2/4/23,0,100,100,0,100,100,0
2/5/23,60,100,100,0,100,100,0
2/6/23,99,100,100,0,100,100,0
2/7/23,100,100,100,0,100,100,0
2/8/23,100,100,100,0,100,100,0
2/9/23,100,100,100,0,100,100,0
2/10/23,100,100,100,0,100,100,0
2/11/23,100,100,100,0,100,100,0
2/12/23,100,100,100,0,100,100,0
2/13/23,100,100,100,0,100,100,0
2/14/23,100,100,100,0,100,100,0
2/15/23,100,100,100,0,100,100,0
2/16/23,100,100,100,0,100,100,0
2/17/23,100,100,100,0,100,100,0
2/18/23,100,100,100,0,100,100,0
2/19/23,100,100,100,0,100,100,0
2/20/23,100,100,100,0,100,100,0
2/21/23,100,100,100,0,100,100,0
2/22/23,100,100,100,0,99,100,0
2/23/23,100,100,100,0,99,100,0
2/24/23,100,100,100,0,99,100,0
2/25/23,100,100,100,0,98,100,0
2/26/23,100,100,100,0,97,100,0
2/27/23,100,100,100,20,97,100,0
2/28/23,100,100,100,18,95,100,0
3/1/23,100,100,100,17,95,100,0
3/2/23,100,100,100,34,95,100,0
3/3/23,100,100,100,54,92,100,0
3/4/23,100,100,100,96,90,100,0
3/5/23,100,100,100,98,0,100,0
3/6/23,100,100,100,100,0,100,0
3/7/23,100,100,100,100,0,100,0
3/8/23,100,100,100,100,0,100,0
3/9/23,100,100,100,100,0,100,4
3/10/23,100,100,100,100,0,100,9
3/11/23,100,100,100,100,0,100,18
3/12/23,100,100,91,79,0,100,18
3/13/23,100,100,100,100,0,100,18
3/14/23,100,100,100,100,0,100,18
3/15/23,100,100,100,100,0,100,18
3/16/23,100,100,100,100,0,100,0
3/17/23,100,100,100,100,0,100,0
3/18/23,100,100,100,100,0,100,0
3/19/23,100,100,100,100,0,100,0
3/20/23,100,100,100,100,0,100,0
3/21/23,100,100,100,100,0,100,18
3/22/23,100,100,100,100,0,100,18
3/23/23,100,100,100,100,0,100,18
3/24/23,100,100,100,100,0,100,18
3/25/23,100,100,100,100,0,100,18
3/26/23,100,100,100,100,0,100,17
3/27/23,100,100,100,100,0,100,18
3/28/23,100,100,100,100,0,100,18
3/29/23,100,100,100,100,0,100,18
3/30/23,100,100,100,20,0,100,18
3/31/23,100,100,100,71,42,100,18
4/1/23,100,100,100,0,83,100,18
4/2/23,100,100,100,0,100,100,25
4/3/23,100,100,100,62,100,100,25
4/4/23,100,100,100,94,100,100,25
4/5/23,100,100,100,100,100,100,25
4/6/23,100,100,100,100,100,100,25
4/7/23,100,100,100,100,100,100,25
4/8/23,100,100,100,100,100,100,25
4/9/23,100,100,100,100,100,100,0
4/10/23,100,99,100,100,100,100,0
4/11/23,100,100,100,100,100,100,0
4/12/23,100,100,100,100,100,100,0
4/13/23,100,100,100,100,100,100,0
4/14/23,100,100,100,100,100,100,0
4/15/23,100,100,100,100,100,100,0
4/16/23,100,100,100,100,100,100,15
4/17/23,100,100,100,100,100,100,34
4/18/23,100,100,100,100,100,100,49
4/19/23,100,100,100,100,100,100,48
4/20/23,100,100,100,100,100,100,46
4/21/23,100,100,100,100,100,100,49
4/22/23,100,100,100,100,100,100,29
4/23/23,100,100,100,100,100,100,50
4/24/23,100,100,100,100,100,100,51
4/25/23,100,100,100,100,100,100,51
4/26/23,100,100,100,100,100,100,52
4/27/23,100,100,100,100,100,100,51
4/28/23,100,100,100,100,100,100,51
4/29/23,100,100,100,100,100,100,50
4/30/23,100,100,100,100,100,100,50
5/1/23,100,100,100,100,100,100,50
5/2/23,100,100,100,100,100,100,0
5/3/23,100,100,100,100,100,100,0
5/4/23,100,100,100,100,100,100,0
5/5/23,100,100,100,100,100,100,0
5/6/23,100,100,100,100,100,100,0
5/7/23,100,100,100,100,100,100,0
5/8/23,100,100,100,100,100,100,0
5/9/23,100,100,100,100,100,100,0
5/10/23,100,100,100,100,100,100,0
5/11/23,100,100,100,100,100,100,0
5/12/23,100,100,100,100,100,100,0
5/13/23,100,100,79,100,100,100,0
5/14/23,100,100,95,100,100,100,0
5/15/23,100,100,100,100,100,100,0
5/16/23,100,100,100,100,100,100,0
5/17/23,100,100,100,100,100,100,15
5/18/23,100,100,100,100,100,100,45
5/19/23,100,100,60,100,100,100,75
5/20/23,100,100,0,100,100,100,75
5/21/23,100,100,0,100,100,100,75
5/22/23,100,100,0,100,100,100,75
5/23/23,100,100,22,100,100,100,80
5/24/23,100,100,50,100,100,100,90
5/25/23,100,100,97,100,100,100,90
5/26/23,100,100,100,100,100,100,90
5/27/23,100,100,100,100,100,100,98
5/28/23,100,100,100,100,100,100,98
5/29/23,100,100,100,100,100,100,100
5/30/23,100,100,100,100,100,100,100
5/31/23,100,100,100,100,100,100,100
6/1/23,100,100,100,100,100,100,98
6/2/23,100,100,100,100,100,100,100
6/3/23,100,70,100,100,100,100,100
6/4/23,100,100,100,100,100,100,77
6/5/23,100,100,100,100,100,100,100
6/6/23,100,100,100,100,100,100,98
6/7/23,100,100,100,100,100,100,0
6/8/23,100,100,100,100,100,100,18
6/9/23,100,100,100,100,100,100,32
6/10/23,100,100,100,100,100,100,51
6/11/23,100,100,100,100,100,100,0
6/12/23,100,100,100,100,100,100,0
6/13/23,100,100,100,100,100,100,0
6/14/23,100,0,91,100,100,100,0
6/15/23,100,0,100,100,100,100,0
6/16/23,100,0,100,100,100,100,0
6/17/23,100,0,100,100,100,100,0
6/18/23,100,0,100,100,100,100,0
6/19/23,100,0,100,100,100,100,0
6/20/23,100,30,100,100,100,100,0
6/21/23,100,97,100,100,100,100,0
6/22/23,100,100,100,100,100,100,0
6/23/23,100,100,100,100,100,100,0
6/24/23,100,100,100,100,0,100,0
6/25/23,100,100,100,100,0,100,0
6/26/23,100,100,100,100,0,100,0
6/27/23,100,100,100,100,0,100,0
6/28/23,100,100,100,100,0,100,0
6/29/23,100,100,100,100,100,100,0
6/30/23,100,100,100,100,100,100,0
7/1/23,100,100,100,100,100,100,0
7/2/23,100,100,100,100,100,100,0
7/3/23,100,100,100,100,100,100,0
7/4/23,100,100,100,100,100,100,0
7/5/23,100,100,100,100,100,100,0
7/6/23,100,100,100,100,100,100,0
7/7/23,100,100,100,100,100,100,15
7/8/23,100,100,100,100,100,100,15
7/9/23,100,100,100,100,100,100,60
7/10/23,100,100,100,100,100,100,0
7/11/23,100,100,100,100,100,100,0
7/12/23,100,100,100,100,100,100,0
7/13/23,100,100,100,100,100,100,0
7/14/23,100,100,100,100,100,100,0
7/15/23,100,100,100,100,100,100,15
7/16/23,100,100,100,100,100,100,0
7/17/23,100,100,100,100,100,100,0
7/18/23,100,100,100,100,100,100,0
7/19/23,100,100,100,100,100,100,17
7/20/23,100,100,100,100,100,100,17
7/21/23,100,100,100,100,100,100,51
7/22/23,100,100,100,100,100,100,0
7/23/23,100,100,100,100,100,100,0
7/24/23,100,100,100,100,100,100,0
7/25/23,100,100,100,100,100,100,0
7/26/23,100,100,100,100,100,100,25
7/27/23,100,100,100,100,100,100,46
7/28/23,100,100,100,100,100,100,98
7/29/23,100,100,100,100,100,100,100
7/30/23,100,100,100,100,100,100,100
7/31/23,100,100,100,100,100,100,100
8/1/23,100,100,100,100,100,100,100
8/2/23,100,100,65,100,100,100,100
8/3/23,100,100,70,100,100,100,100
8/4/23,100,100,70,100,100,100,100
8/5/23,100,100,70,100,100,100,100
8/6/23,100,100,70,100,100,100,100
8/7/23,100,100,70,100,100,100,100
8/8/23,100,100,70,100,100,100,100
8/9/23,100,100,70,100,100,100,100
8/10/23,100,100,99,100,100,100,100
8/11/23,100,100,100,100,100,100,100
8/12/23,100,100,100,100,100,100,100
8/13/23,100,100,100,100,100,100,100
8/14/23,100,100,94,100,100,100,100
8/15/23,100,100,94,100,100,100,100
8/16/23,100,100,89,100,100,100,100
8/17/23,100,100,100,100,100,100,100
8/18/23,100,100,100,100,100,100,100
8/19/23,100,100,100,100,100,100,100
8/20/23,100,100,100,100,100,100,100
8/21/23,100,100,100,100,100,100,100
8/22/23,100,100,100,100,100,100,100
8/23/23,100,100,100,100,0,100,100
8/24/23,100,100,100,100,0,100,100
8/25/23,100,100,100,100,40,99,100
8/26/23,100,100,100,100,53,99,100
8/27/23,100,100,100,100,49,97,100
8/28/23,100,100,100,100,52,96,100
8/29/23,100,100,100,100,82,96,100
8/30/23,100,100,100,100,100,95,100
8/31/23,100,100,100,100,100,94,100
9/1/23,100,100,100,100,100,93,100
9/2/23,100,100,100,100,100,91,100
9/3/23,100,100,100,100,100,91,100
9/4/23,100,100,100,100,100,90,100
9/5/23,100,100,100,100,100,89,100
9/6/23,100,100,100,100,100,88,100
9/7/23,100,100,100,100,100,87,100
9/8/23,100,100,100,100,100,86,100
9/9/23,100,100,100,100,100,86,100
9/10/23,100,100,100,99,100,0,100
9/11/23,100,100,100,100,100,0,100
9/12/23,100,100,100,100,100,0,100
9/13/23,100,100,100,100,100,0,100
9/14/23,100,100,100,100,100,0,100
9/15/23,100,100,100,100,100,0,100
9/16/23,100,100,100,100,100,0,100
9/17/23,100,100,100,100,100,0,100
9/18/23,100,100,100,100,100,0,100
9/19/23,100,100,100,100,100,0,100
9/20/23,100,100,100,100,100,0,100
9/21/23,100,100,100,100,100,0,100
9/22/23,100,100,100,100,100,0,100
9/23/23,100,100,100,100,100,0,100
9/24/23,100,100,100,100,100,0,100
9/25/23,100,100,100,100,100,0,100
9/26/23,100,98,100,100,100,0,100
9/27/23,100,98,100,100,100,0,100
9/28/23,100,97,100,100,100,0,100
9/29/23,100,96,100,100,100,0,100
9/30/23,100,95,100,100,100,0,100
10/1/23,100,93,100,100,100,40,100
10/2/23,100,93,100,100,100,70,100
10/3/23,100,92,100,100,100,95,100
10/4/23,100,90,100,100,100,100,100
10/5/23,100,90,100,100,100,100,100
10/6/23,100,89,100,100,100,100,100
10/7/23,100,87,100,100,100,100,100
10/8/23,100,67,100,100,100,100,100
10/9/23,100,0,100,100,100,100,100
10/10/23,100,0,100,100,100,100,100
10/11/23,100,0,100,100,100,100,100
10/12/23,100,0,100,100,100,100,100
10/13/23,100,0,100,100,100,100,100
10/14/23,100,0,100,100,100,100,100
10/15/23,100,0,100,100,100,100,100
10/16/23,100,0,100,100,100,100,100
10/17/23,100,0,100,100,100,100,100
10/18/23,100,0,100,100,100,100,100
10/19/23,100,0,100,100,100,100,100