"BA Code","Timestamp (Hour Ending)","Solar Generation (MWh)","Hydro Generation (MWh)","Other Generation (MWh)","Petroleum Generation (MWh)","Natural gas Generation (MWh)","Coal Generation (MWh)","Nuclear Generation (MWh)"
CPLE,"12/1/2022 12 a.m. EST",-1,49,1095,0,1648,193,2719
CPLE,"12/1/2022 1 a.m. EST",-2,48,1098,0,1655,198,2797
CPLE,"12/1/2022 2 a.m. EST",-3,48,1091,0,1676,252,2820
CPLE,"12/1/2022 3 a.m. EST",-2,48,1096,0,1689,387,2832
CPLE,"12/1/2022 4 a.m. EST",-2,46,1090,0,1683,391,2845
CPLE,"12/1/2022 5 a.m. EST",-1,47,1084,0,1948,391,2859
CPLE,"12/1/2022 6 a.m. EST",-3,47,1083,0,2216,388,2869
CPLE,"12/1/2022 7 a.m. EST",-2,46,1100,0,2600,391,2882
CPLE,"12/1/2022 8 a.m. EST",211,59,1087,0,2822,390,2889
CPLE,"12/1/2022 9 a.m. EST",1014,66,1067,0,2316,371,2895
CPLE,"12/1/2022 10 a.m. EST",1848,69,1004,0,1786,202,2900
CPLE,"12/1/2022 11 a.m. EST",2294,64,931,0,1607,138,2902
CPLE,"12/1/2022 12 p.m. EST",2416,67,911,0,1585,128,2911
CPLE,"12/1/2022 1 p.m. EST",2390,64,879,0,1498,127,2908
CPLE,"12/1/2022 2 p.m. EST",2286,62,843,0,1251,125,2929
CPLE,"12/1/2022 3 p.m. EST",1929,52,863,0,1524,134,2939
CPLE,"12/1/2022 4 p.m. EST",1112,47,970,0,1698,289,2906
CPLE,"12/1/2022 5 p.m. EST",214,43,1070,0,1716,549,2902
CPLE,"12/1/2022 6 p.m. EST",31,51,1085,-1,1718,631,2898
CPLE,"12/1/2022 7 p.m. EST",32,46,1087,-1,1903,630,2899
CPLE,"12/1/2022 8 p.m. EST",32,49,1083,-1,1951,630,2896
CPLE,"12/1/2022 9 p.m. EST",-4,44,1123,0,2241,632,2899
CPLE,"12/1/2022 10 p.m. EST",-2,51,1124,0,2456,629,2895
CPLE,"12/1/2022 11 p.m. EST",-2,45,1120,0,2445,632,2894
CPLE,"12/2/2022 12 a.m. EST",-1,46,1111,0,2444,628,2895
CPLE,"12/2/2022 1 a.m. EST",-3,49,1104,-4,2391,631,2895
CPLE,"12/2/2022 2 a.m. EST",-2,44,1101,0,2376,631,2895
CPLE,"12/2/2022 3 a.m. EST",-1,39,1097,0,2379,631,2892
CPLE,"12/2/2022 4 a.m. EST",-2,39,1100,-4,2375,628,2894
CPLE,"12/2/2022 5 a.m. EST",-2,39,1090,0,2513,631,2897
CPLE,"12/2/2022 6 a.m. EST",-1,39,1111,0,2969,631,2894
CPLE,"12/2/2022 7 a.m. EST",-2,45,1184,52,3209,630,2893
CPLE,"12/2/2022 8 a.m. EST",189,98,1259,127,3317,630,2893
CPLE,"12/2/2022 9 a.m. EST",992,41,1144,0,2867,610,2893
CPLE,"12/2/2022 10 a.m. EST",1674,38,1042,0,1769,447,2891
CPLE,"12/2/2022 11 a.m. EST",1929,44,1022,0,1547,365,2891
CPLE,"12/2/2022 12 p.m. EST",2060,41,997,0,1478,282,2887
CPLE,"12/2/2022 1 p.m. EST",1927,41,1061,0,1660,151,2890
CPLE,"12/2/2022 2 p.m. EST",1742,37,1047,0,1774,121,2886
CPLE,"12/2/2022 3 p.m. EST",1450,45,1012,0,1844,122,2884
CPLE,"12/2/2022 4 p.m. EST",822,41,1016,0,1870,123,2882
CPLE,"12/2/2022 5 p.m. EST",188,43,1057,0,1802,246,2884
CPLE,"12/2/2022 6 p.m. EST",27,43,1111,0,1803,407,2882
CPLE,"12/2/2022 7 p.m. EST",28,48,1129,0,1732,465,2880
CPLE,"12/2/2022 8 p.m. EST",29,46,1093,0,1746,319,2881
CPLE,"12/2/2022 9 p.m. EST",-2,48,1103,0,1823,280,2882
CPLE,"12/2/2022 10 p.m. EST",-1,45,1102,0,1832,304,2881
CPLE,"12/2/2022 11 p.m. EST",-5,47,1104,0,1856,228,2880
CPLE,"12/3/2022 12 a.m. EST",-1,48,1049,0,1762,233,2882
CPLE,"12/3/2022 1 a.m. EST",-1,39,893,0,1406,352,2880
CPLE,"12/3/2022 2 a.m. EST",0,47,832,0,1308,291,2881
CPLE,"12/3/2022 3 a.m. EST",-3,44,856,0,1359,132,2880
CPLE,"12/3/2022 4 a.m. EST",-1,48,879,0,1356,120,2879
CPLE,"12/3/2022 5 a.m. EST",-2,47,922,-1,1354,185,2879
CPLE,"12/3/2022 6 a.m. EST",-4,40,953,-1,1348,256,2879
CPLE,"12/3/2022 7 a.m. EST",0,47,998,-1,1346,304,2877
CPLE,"12/3/2022 8 a.m. EST",52,46,931,-1,1346,187,2873
CPLE,"12/3/2022 9 a.m. EST",331,45,906,-1,1328,184,2874
CPLE,"12/3/2022 10 a.m. EST",727,49,902,-1,1309,147,2875
CPLE,"12/3/2022 11 a.m. EST",870,47,906,-1,1295,135,2870
CPLE,"12/3/2022 12 p.m. EST",715,46,905,-1,1280,136,2869
CPLE,"12/3/2022 1 p.m. EST",478,47,901,-1,1275,135,2869
CPLE,"12/3/2022 2 p.m. EST",380,46,894,0,1254,133,2870
CPLE,"12/3/2022 3 p.m. EST",262,42,891,0,1258,136,2869
CPLE,"12/3/2022 4 p.m. EST",136,52,894,0,1265,136,2868
CPLE,"12/3/2022 5 p.m. EST",49,45,910,0,1430,182,2870
CPLE,"12/3/2022 6 p.m. EST",26,46,897,-1,1448,344,2867
CPLE,"12/3/2022 7 p.m. EST",26,47,877,-1,1375,359,2870
CPLE,"12/3/2022 8 p.m. EST",25,46,862,0,1357,362,2868
CPLE,"12/3/2022 9 p.m. EST",-3,48,912,0,1415,278,2870
CPLE,"12/3/2022 10 p.m. EST",-1,46,926,0,1391,242,2866
CPLE,"12/3/2022 11 p.m. EST",-3,46,918,0,1274,235,2869
CPLE,"12/4/2022 12 a.m. EST",0,47,918,0,1279,205,2871
CPLE,"12/4/2022 1 a.m. EST",0,46,939,0,1316,131,2872
CPLE,"12/4/2022 2 a.m. EST",-1,48,950,0,1329,133,2874
CPLE,"12/4/2022 3 a.m. EST",-1,46,948,0,1337,133,2875
CPLE,"12/4/2022 4 a.m. EST",-3,48,942,0,1346,129,2879
CPLE,"12/4/2022 5 a.m. EST",-1,46,941,-1,1350,131,2879
CPLE,"12/4/2022 6 a.m. EST",-2,46,916,-1,1315,133,2879
CPLE,"12/4/2022 7 a.m. EST",-3,46,890,-1,1314,132,2881
CPLE,"12/4/2022 8 a.m. EST",105,46,935,-1,1542,146,2882
CPLE,"12/4/2022 9 a.m. EST",532,46,968,-1,1517,149,2883
CPLE,"12/4/2022 10 a.m. EST",1014,44,921,-1,1389,130,2884
CPLE,"12/4/2022 11 a.m. EST",1252,42,844,-1,1355,133,2887
CPLE,"12/4/2022 12 p.m. EST",1196,46,835,-1,1362,152,2881
CPLE,"12/4/2022 1 p.m. EST",983,45,823,0,1337,137,2884
CPLE,"12/4/2022 2 p.m. EST",766,46,902,86,1357,136,2879
CPLE,"12/4/2022 3 p.m. EST",558,45,898,154,1306,138,2879
CPLE,"12/4/2022 4 p.m. EST",294,46,900,132,1379,138,2882
CPLE,"12/4/2022 5 p.m. EST",83,43,906,9,1654,173,2881
CPLE,"12/4/2022 6 p.m. EST",30,43,911,-1,2003,296,2881
CPLE,"12/4/2022 7 p.m. EST",32,44,914,-1,2042,186,2882
CPLE,"12/4/2022 8 p.m. EST",33,48,910,-1,2077,122,2880
CPLE,"12/4/2022 9 p.m. EST",-2,42,955,-1,2060,121,2879
CPLE,"12/4/2022 10 p.m. EST",-2,43,928,0,2039,119,2884
CPLE,"12/4/2022 11 p.m. EST",-1,46,925,0,2027,121,2873
CPLE,"12/5/2022 12 a.m. EST",-1,44,933,0,2042,122,2881
CPLE,"12/5/2022 1 a.m. EST",-1,45,927,-3,2056,120,2883
CPLE,"12/5/2022 2 a.m. EST",-2,44,924,0,2076,121,2885
CPLE,"12/5/2022 3 a.m. EST",-2,42,917,-1,2012,168,2882
CPLE,"12/5/2022 4 a.m. EST",-3,44,913,-1,1992,184,2877
CPLE,"12/5/2022 5 a.m. EST",-3,45,908,0,2005,323,2882
CPLE,"12/5/2022 6 a.m. EST",0,44,925,-1,2114,516,2882
CPLE,"12/5/2022 7 a.m. EST",-1,43,1074,-1,2219,635,2880
CPLE,"12/5/2022 8 a.m. EST",157,44,1050,0,2458,642,2885
CPLE,"12/5/2022 9 a.m. EST",643,40,993,-1,2070,647,2881
CPLE,"12/5/2022 10 a.m. EST",979,44,978,0,1784,483,2881
CPLE,"12/5/2022 11 a.m. EST",1188,42,926,0,1907,200,2879
CPLE,"12/5/2022 12 p.m. EST",1446,44,845,0,1912,138,2876
CPLE,"12/5/2022 1 p.m. EST",1365,43,848,0,1868,140,2877
CPLE,"12/5/2022 2 p.m. EST",1086,44,872,0,1875,140,2877
CPLE,"12/5/2022 3 p.m. EST",667,43,910,0,1864,211,2876
CPLE,"12/5/2022 4 p.m. EST",472,44,913,0,1868,346,2877
CPLE,"12/5/2022 5 p.m. EST",185,39,905,0,1886,437,2872
CPLE,"12/5/2022 6 p.m. EST",32,45,905,0,2049,643,2876
CPLE,"12/5/2022 7 p.m. EST",31,43,910,0,2150,657,2876
CPLE,"12/5/2022 8 p.m. EST",30,41,905,0,2077,570,2877
CPLE,"12/5/2022 9 p.m. EST",-2,45,937,0,2019,466,2874
CPLE,"12/5/2022 10 p.m. EST",-1,42,941,0,1880,397,2869
CPLE,"12/5/2022 11 p.m. EST",-1,43,946,0,2020,184,2867
CPLE,"12/6/2022 12 a.m. EST",-2,40,941,0,1950,123,2873
CPLE,"12/6/2022 1 a.m. EST",-2,42,938,-3,1677,121,2874
CPLE,"12/6/2022 2 a.m. EST",-1,43,934,0,1522,123,2871
CPLE,"12/6/2022 3 a.m. EST",-2,41,931,0,1500,122,2878
CPLE,"12/6/2022 4 a.m. EST",0,44,922,-1,1482,120,2877
CPLE,"12/6/2022 5 a.m. EST",-3,42,905,-1,1416,220,2875
CPLE,"12/6/2022 6 a.m. EST",-3,42,906,-1,1563,299,2873
CPLE,"12/6/2022 7 a.m. EST",-1,42,905,-1,1832,471,2879
CPLE,"12/6/2022 8 a.m. EST",49,42,862,0,1783,641,2875
CPLE,"12/6/2022 9 a.m. EST",185,42,893,0,2121,490,2874
CPLE,"12/6/2022 10 a.m. EST",370,37,910,-1,2155,583,2872
CPLE,"12/6/2022 11 a.m. EST",627,48,908,0,2142,558,2873
CPLE,"12/6/2022 12 p.m. EST",685,41,905,-1,2132,610,2870
CPLE,"12/6/2022 1 p.m. EST",663,40,905,0,2105,579,2870
CPLE,"12/6/2022 2 p.m. EST",634,43,920,7,2114,643,2806
CPLE,"12/6/2022 3 p.m. EST",500,42,965,0,2177,616,2809
CPLE,"12/6/2022 4 p.m. EST",339,42,973,53,2245,537,2814
CPLE,"12/6/2022 5 p.m. EST",89,42,964,0,2242,606,2832
CPLE,"12/6/2022 6 p.m. EST",28,43,974,0,2270,603,2839
CPLE,"12/6/2022 7 p.m. EST",30,41,972,0,2228,418,2848
CPLE,"12/6/2022 8 p.m. EST",28,43,973,0,2246,340,2859
CPLE,"12/6/2022 9 p.m. EST",-2,41,977,0,2013,301,2876
CPLE,"12/6/2022 10 p.m. EST",-3,42,934,0,1974,172,2879
CPLE,"12/6/2022 11 p.m. EST",-1,43,934,0,1871,121,2889
CPLE,"12/7/2022 12 a.m. EST",-3,41,908,0,1440,124,2890
CPLE,"12/7/2022 1 a.m. EST",-4,42,845,-1,1430,120,2893
CPLE,"12/7/2022 2 a.m. EST",0,43,825,0,1413,122,2894
CPLE,"12/7/2022 3 a.m. EST",0,44,827,0,1429,124,2895
CPLE,"12/7/2022 4 a.m. EST",-1,39,867,0,1434,120,2896
CPLE,"12/7/2022 5 a.m. EST",-1,44,897,-1,1446,124,2899
CPLE,"12/7/2022 6 a.m. EST",-2,42,894,-1,1680,131,2896
CPLE,"12/7/2022 7 a.m. EST",-4,42,894,-1,1686,231,2895
CPLE,"12/7/2022 8 a.m. EST",79,39,889,-1,1767,227,2898
CPLE,"12/7/2022 9 a.m. EST",350,34,891,0,1765,159,2897
CPLE,"12/7/2022 10 a.m. EST",548,33,889,-2,1759,254,2887
CPLE,"12/7/2022 11 a.m. EST",627,32,904,0,1781,218,2889
CPLE,"12/7/2022 12 p.m. EST",560,34,914,-1,1784,133,2892
CPLE,"12/7/2022 1 p.m. EST",533,34,914,-1,1781,132,2893
CPLE,"12/7/2022 2 p.m. EST",549,33,909,0,1747,131,2893
CPLE,"12/7/2022 3 p.m. EST",323,34,902,-1,1840,132,2887
CPLE,"12/7/2022 4 p.m. EST",199,34,908,-1,1907,134,2887
CPLE,"12/7/2022 5 p.m. EST",65,33,917,0,1892,163,2883
CPLE,"12/7/2022 6 p.m. EST",19,32,910,0,2028,290,2884
CPLE,"12/7/2022 7 p.m. EST",17,31,907,-1,2074,559,2883
CPLE,"12/7/2022 8 p.m. EST",18,33,906,0,2016,603,2883
CPLE,"12/7/2022 9 p.m. EST",-2,35,923,0,1945,458,2883
CPLE,"12/7/2022 10 p.m. EST",-3,34,921,0,1948,359,2884
CPLE,"12/7/2022 11 p.m. EST",-1,33,910,0,1617,334,2880
CPLE,"12/8/2022 12 a.m. EST",-3,34,826,0,1241,267,2883
CPLE,"12/8/2022 1 a.m. EST",0,33,845,0,1245,181,2886
CPLE,"12/8/2022 2 a.m. EST",-1,32,849,0,1264,160,2882
CPLE,"12/8/2022 3 a.m. EST",-1,34,841,0,1239,155,2886
CPLE,"12/8/2022 4 a.m. EST",-2,34,844,0,1260,116,2883
CPLE,"12/8/2022 5 a.m. EST",-3,34,870,0,1268,132,2887
CPLE,"12/8/2022 6 a.m. EST",-4,33,917,0,1248,209,2883
CPLE,"12/8/2022 7 a.m. EST",0,34,938,0,1434,225,2886
CPLE,"12/8/2022 8 a.m. EST",50,33,973,0,1788,207,2887
CPLE,"12/8/2022 9 a.m. EST",245,33,973,0,1800,103,2887
CPLE,"12/8/2022 10 a.m. EST",532,33,958,-1,1796,0,2884
CPLE,"12/8/2022 11 a.m. EST",800,34,898,-1,1699,-26,2889
CPLE,"12/8/2022 12 p.m. EST",894,33,895,-1,1716,-29,2883
CPLE,"12/8/2022 1 p.m. EST",808,34,899,-1,1760,-26,2883
CPLE,"12/8/2022 2 p.m. EST",618,34,905,0,1802,-27,2886
CPLE,"12/8/2022 3 p.m. EST",357,32,920,0,1976,-26,2883
CPLE,"12/8/2022 4 p.m. EST",228,34,911,0,2091,-27,2884
CPLE,"12/8/2022 5 p.m. EST",62,31,903,0,2112,-24,2883
CPLE,"12/8/2022 6 p.m. EST",26,36,940,0,2119,-27,2887
CPLE,"12/8/2022 7 p.m. EST",27,34,970,0,2076,-28,2886
CPLE,"12/8/2022 8 p.m. EST",29,34,969,0,2121,-24,2888
CPLE,"12/8/2022 9 p.m. EST",-1,33,1000,0,2157,-27,2887
CPLE,"12/8/2022 10 p.m. EST",-1,33,990,0,2114,-26,2888
CPLE,"12/8/2022 11 p.m. EST",-2,34,920,0,1809,-25,2890
CPLE,"12/9/2022 12 a.m. EST",-4,33,937,0,1795,-25,2890
CPLE,"12/9/2022 1 a.m. EST",-2,30,957,0,1834,-26,2890
CPLE,"12/9/2022 2 a.m. EST",-2,9,967,0,1588,-21,2890
CPLE,"12/9/2022 3 a.m. EST",0,10,942,0,1551,-20,2883
CPLE,"12/9/2022 4 a.m. EST",-1,9,908,0,1589,-21,2902
CPLE,"12/9/2022 5 a.m. EST",-3,9,906,-1,1601,-22,2893
CPLE,"12/9/2022 6 a.m. EST",-4,10,905,-1,1562,-22,2892
CPLE,"12/9/2022 7 a.m. EST",-1,23,967,-1,1720,-19,2894
CPLE,"12/9/2022 8 a.m. EST",50,35,986,-1,1886,-22,2895
CPLE,"12/9/2022 9 a.m. EST",239,36,994,56,1880,-23,2897
CPLE,"12/9/2022 10 a.m. EST",480,34,991,105,1885,-20,2896
CPLE,"12/9/2022 11 a.m. EST",758,35,991,79,1866,-23,2894
CPLE,"12/9/2022 12 p.m. EST",953,35,992,0,1839,-21,2898
CPLE,"12/9/2022 1 p.m. EST",1186,34,982,0,1823,-20,2894
CPLE,"12/9/2022 2 p.m. EST",971,35,976,0,1823,-21,2892
CPLE,"12/9/2022 3 p.m. EST",623,35,980,0,1834,-20,2895
CPLE,"12/9/2022 4 p.m. EST",379,36,965,0,1852,-20,2891
CPLE,"12/9/2022 5 p.m. EST",102,34,977,0,1970,-19,2892
CPLE,"12/9/2022 6 p.m. EST",31,35,990,0,2191,-21,2895
CPLE,"12/9/2022 7 p.m. EST",28,36,993,0,2223,-19,2892
CPLE,"12/9/2022 8 p.m. EST",28,33,991,0,2229,-21,2896
CPLE,"12/9/2022 9 p.m. EST",0,35,1021,-1,2243,-21,2897
CPLE,"12/9/2022 10 p.m. EST",-4,36,1023,-1,2243,-20,2814
CPLE,"12/9/2022 11 p.m. EST",-2,34,1018,-1,2243,-19,2587
CPLE,"12/10/2022 12 a.m. EST",-1,11,1019,0,1889,-20,2574
CPLE,"12/10/2022 1 a.m. EST",-1,10,1006,0,1513,-21,2600
CPLE,"12/10/2022 2 a.m. EST",0,5,1007,0,1552,-21,2608
CPLE,"12/10/2022 3 a.m. EST",-1,10,1012,0,1556,-21,2610
CPLE,"12/10/2022 4 a.m. EST",-4,14,1010,0,1566,-20,2601
CPLE,"12/10/2022 5 a.m. EST",-3,9,1010,0,1561,-20,2618
CPLE,"12/10/2022 6 a.m. EST",-4,10,1012,0,1559,-22,2696
CPLE,"12/10/2022 7 a.m. EST",-3,11,1004,0,1611,-22,2702
CPLE,"12/10/2022 8 a.m. EST",70,34,963,-1,1655,-20,2710
CPLE,"12/10/2022 9 a.m. EST",418,33,977,-1,1697,-21,2714
CPLE,"12/10/2022 10 a.m. EST",766,35,979,-1,1698,-20,2722
CPLE,"12/10/2022 11 a.m. EST",1054,33,976,-1,1642,-21,2740
CPLE,"12/10/2022 12 p.m. EST",1331,34,970,0,1636,-22,2754
CPLE,"12/10/2022 1 p.m. EST",1331,34,972,0,1671,-19,2766
CPLE,"12/10/2022 2 p.m. EST",1083,34,977,0,1641,-20,2781
CPLE,"12/10/2022 3 p.m. EST",727,34,952,0,1592,-20,2788
CPLE,"12/10/2022 4 p.m. EST",342,34,949,0,1577,-22,2803
CPLE,"12/10/2022 5 p.m. EST",73,35,964,0,1656,-20,2814
CPLE,"12/10/2022 6 p.m. EST",28,33,1018,0,1845,-19,2831
CPLE,"12/10/2022 7 p.m. EST",28,35,1052,0,1837,-21,2843
CPLE,"12/10/2022 8 p.m. EST",27,35,1133,0,1968,-21,2852
CPLE,"12/10/2022 9 p.m. EST",-2,33,1171,0,1906,-21,2864
CPLE,"12/10/2022 10 p.m. EST",-3,36,1110,0,1749,-21,2875
CPLE,"12/10/2022 11 p.m. EST",-2,33,1082,0,1721,-19,2877
CPLE,"12/11/2022 12 a.m. EST",-1,12,1038,0,1730,-19,2887
CPLE,"12/11/2022 1 a.m. EST",0,9,1036,-3,1703,-22,2894
CPLE,"12/11/2022 2 a.m. EST",-4,11,1039,0,1738,-21,2895
CPLE,"12/11/2022 3 a.m. EST",-3,10,1038,0,1735,-21,2894
CPLE,"12/11/2022 4 a.m. EST",0,9,1033,0,1710,-20,2893
CPLE,"12/11/2022 5 a.m. EST",-1,10,1031,0,1729,-21,2895
CPLE,"12/11/2022 6 a.m. EST",-3,18,1037,0,1731,-22,2895
CPLE,"12/11/2022 7 a.m. EST",-1,14,1044,0,1669,-21,2894
CPLE,"12/11/2022 8 a.m. EST",46,42,1039,0,1616,-21,2894
CPLE,"12/11/2022 9 a.m. EST",205,42,1057,0,1639,-21,2891
CPLE,"12/11/2022 10 a.m. EST",536,43,1040,0,1609,-21,2896
CPLE,"12/11/2022 11 a.m. EST",759,39,938,0,1506,-20,2895
CPLE,"12/11/2022 12 p.m. EST",888,41,918,0,1499,-22,2893
CPLE,"12/11/2022 1 p.m. EST",837,44,875,0,1509,-20,2893
CPLE,"12/11/2022 2 p.m. EST",596,38,932,0,1640,-20,2890
CPLE,"12/11/2022 3 p.m. EST",428,43,961,0,1628,-21,2891
CPLE,"12/11/2022 4 p.m. EST",232,41,1027,0,1637,-19,2889
CPLE,"12/11/2022 5 p.m. EST",73,40,1060,0,1616,-22,2890
CPLE,"12/11/2022 6 p.m. EST",26,42,1061,0,1721,-20,2890
CPLE,"12/11/2022 7 p.m. EST",29,40,1084,0,1856,-21,2889
CPLE,"12/11/2022 8 p.m. EST",29,41,1083,0,1772,-21,2887
CPLE,"12/11/2022 9 p.m. EST",-2,41,1116,0,1706,-20,2891
CPLE,"12/11/2022 10 p.m. EST",-2,42,1108,0,1690,-20,2892
CPLE,"12/11/2022 11 p.m. EST",-3,42,1067,0,1612,-21,2883
CPLE,"12/12/2022 12 a.m. EST",-2,16,1003,0,1613,-19,2888
CPLE,"12/12/2022 1 a.m. EST",-1,31,1005,0,1613,-20,2890
CPLE,"12/12/2022 2 a.m. EST",0,37,1022,0,1655,-20,2886
CPLE,"12/12/2022 3 a.m. EST",-1,41,1041,-2,1689,-21,2889
CPLE,"12/12/2022 4 a.m. EST",-1,41,1108,0,1681,-19,2887
CPLE,"12/12/2022 5 a.m. EST",-3,39,1135,-5,1670,-20,2883
CPLE,"12/12/2022 6 a.m. EST",-3,42,1194,0,1743,-20,2887
CPLE,"12/12/2022 7 a.m. EST",-3,39,1188,0,1941,-20,2887
CPLE,"12/12/2022 8 a.m. EST",87,39,1135,0,2136,-21,2888
CPLE,"12/12/2022 9 a.m. EST",603,36,1011,0,1821,-20,2889
CPLE,"12/12/2022 10 a.m. EST",1383,39,914,42,1421,-21,2886
CPLE,"12/12/2022 11 a.m. EST",1885,36,882,48,1436,-21,2886
CPLE,"12/12/2022 12 p.m. EST",2096,39,815,0,1385,-22,2730
CPLE,"12/12/2022 1 p.m. EST",1938,35,719,0,1093,-23,2850
CPLE,"12/12/2022 2 p.m. EST",1711,38,734,0,978,-25,2862
CPLE,"12/12/2022 3 p.m. EST",1418,38,759,0,1116,-25,2871
CPLE,"12/12/2022 4 p.m. EST",817,32,923,0,1545,-30,2883
CPLE,"12/12/2022 5 p.m. EST",175,40,1068,0,1813,-31,2893
CPLE,"12/12/2022 6 p.m. EST",31,40,1090,0,2153,-29,2899
CPLE,"12/12/2022 7 p.m. EST",29,37,1082,0,2293,-26,2909
CPLE,"12/12/2022 8 p.m. EST",28,37,1084,0,2420,-19,2894
CPLE,"12/12/2022 9 p.m. EST",0,33,1117,0,2415,14,2900
CPLE,"12/12/2022 10 p.m. EST",-3,40,1113,0,2401,109,2743
CPLE,"12/12/2022 11 p.m. EST",-2,38,1113,0,2397,132,2758
CPLE,"12/13/2022 12 a.m. EST",-3,37,1111,-1,2064,132,2769
CPLE,"12/13/2022 1 a.m. EST",-1,38,1100,-2,1862,131,2782
CPLE,"12/13/2022 2 a.m. EST",0,36,1107,-1,1915,130,2796
CPLE,"12/13/2022 3 a.m. EST",0,38,1109,-1,1918,185,2811
CPLE,"12/13/2022 4 a.m. EST",-3,37,1109,0,2002,328,2822
CPLE,"12/13/2022 5 a.m. EST",-2,37,1104,0,2271,430,2834
CPLE,"12/13/2022 6 a.m. EST",-5,39,1136,0,2801,437,2849
CPLE,"12/13/2022 7 a.m. EST",-1,37,1194,0,3102,434,2863
CPLE,"12/13/2022 8 a.m. EST",123,36,1112,0,3099,435,2871
CPLE,"12/13/2022 9 a.m. EST",785,38,1025,0,2412,423,2881
CPLE,"12/13/2022 10 a.m. EST",1639,36,957,0,2061,192,2890
CPLE,"12/13/2022 11 a.m. EST",2052,37,994,0,1932,116,2898
CPLE,"12/13/2022 12 p.m. EST",2169,39,888,0,1586,117,2903
CPLE,"12/13/2022 1 p.m. EST",2134,36,846,0,1562,116,2903
CPLE,"12/13/2022 2 p.m. EST",1987,38,919,0,1736,119,2903
CPLE,"12/13/2022 3 p.m. EST",1703,56,946,0,1824,364,2899
CPLE,"12/13/2022 4 p.m. EST",998,55,982,0,1834,446,2906
CPLE,"12/13/2022 5 p.m. EST",210,56,1072,0,1985,451,2901
CPLE,"12/13/2022 6 p.m. EST",28,57,1090,0,2334,493,2901
CPLE,"12/13/2022 7 p.m. EST",32,54,1090,0,2581,504,2902
CPLE,"12/13/2022 8 p.m. EST",32,56,1085,0,2570,511,2900
CPLE,"12/13/2022 9 p.m. EST",-5,55,1120,0,2585,559,2904
CPLE,"12/13/2022 10 p.m. EST",0,62,1116,0,2398,609,2903
CPLE,"12/13/2022 11 p.m. EST",-3,65,1118,0,2065,620,2902
CPLE,"12/14/2022 12 a.m. EST",-1,62,1110,0,2079,656,2901
CPLE,"12/14/2022 1 a.m. EST",0,65,1108,-1,2043,693,2900
CPLE,"12/14/2022 2 a.m. EST",-3,64,1064,-1,1766,692,2894
CPLE,"12/14/2022 3 a.m. EST",-5,63,1069,-1,1704,696,2873
CPLE,"12/14/2022 4 a.m. EST",-2,63,1103,-1,1732,685,2856
CPLE,"12/14/2022 5 a.m. EST",-2,64,1134,-1,1926,712,2856
CPLE,"12/14/2022 6 a.m. EST",0,50,1146,0,2273,802,2852
CPLE,"12/14/2022 7 a.m. EST",-4,44,1144,0,2706,853,2856
CPLE,"12/14/2022 8 a.m. EST",70,41,1094,0,3035,832,2852
CPLE,"12/14/2022 9 a.m. EST",306,14,1040,0,2596,834,2859
CPLE,"12/14/2022 10 a.m. EST",556,12,977,0,2125,876,2854
CPLE,"12/14/2022 11 a.m. EST",702,10,1005,0,2277,979,2856
CPLE,"12/14/2022 12 p.m. EST",699,14,1074,0,2315,1177,2853
CPLE,"12/14/2022 1 p.m. EST",559,13,1175,0,2302,1203,2855
CPLE,"12/14/2022 2 p.m. EST",405,32,1177,0,2326,1265,2852
CPLE,"12/14/2022 3 p.m. EST",275,40,1179,0,2437,1357,2853
CPLE,"12/14/2022 4 p.m. EST",148,32,1182,0,2557,1390,2871
CPLE,"12/14/2022 5 p.m. EST",48,41,1177,0,2554,1411,2883
CPLE,"12/14/2022 6 p.m. EST",27,41,1183,0,2748,1421,2890
CPLE,"12/14/2022 7 p.m. EST",27,39,1179,0,2767,1447,2892
CPLE,"12/14/2022 8 p.m. EST",25,37,1116,0,2795,1472,2891
CPLE,"12/14/2022 9 p.m. EST",-1,37,1139,0,2776,1474,2894
CPLE,"12/14/2022 10 p.m. EST",-3,38,1138,0,2657,1425,2774
CPLE,"12/14/2022 11 p.m. EST",-4,36,1120,0,2307,1454,2787
CPLE,"12/15/2022 12 a.m. EST",-3,37,1111,0,2206,1463,2804
CPLE,"12/15/2022 1 a.m. EST",-4,20,1113,0,2133,1449,2814
CPLE,"12/15/2022 2 a.m. EST",-1,11,1106,0,1903,1408,2820
CPLE,"12/15/2022 3 a.m. EST",-2,11,1092,0,1808,1481,2831
CPLE,"12/15/2022 4 a.m. EST",-2,12,1090,0,1815,1493,2839
CPLE,"12/15/2022 5 a.m. EST",-4,11,1089,0,1803,1512,2851
CPLE,"12/15/2022 6 a.m. EST",-3,10,1052,0,1682,1528,2860
CPLE,"12/15/2022 7 a.m. EST",-6,33,1071,0,1737,1467,2864
CPLE,"12/15/2022 8 a.m. EST",27,37,1085,0,1967,1467,2862
CPLE,"12/15/2022 9 a.m. EST",46,40,1090,0,2035,1515,2871
CPLE,"12/15/2022 10 a.m. EST",101,38,1064,0,2024,1520,2888
CPLE,"12/15/2022 11 a.m. EST",175,23,1016,-1,2042,1524,2889
CPLE,"12/15/2022 12 p.m. EST",289,9,955,2,2125,1511,2892
CPLE,"12/15/2022 1 p.m. EST",324,9,952,-1,2090,1555,2890
CPLE,"12/15/2022 2 p.m. EST",308,10,957,2,2077,1561,2886
CPLE,"12/15/2022 3 p.m. EST",374,10,958,0,2035,1681,2892
CPLE,"12/15/2022 4 p.m. EST",230,9,978,0,2177,1712,2886
CPLE,"12/15/2022 5 p.m. EST",82,11,1125,0,2310,1776,2890
CPLE,"12/15/2022 6 p.m. EST",27,33,1166,0,2290,1854,2891
CPLE,"12/15/2022 7 p.m. EST",27,37,1158,0,2255,1912,2889
CPLE,"12/15/2022 8 p.m. EST",28,41,1156,0,2355,1953,2891
CPLE,"12/15/2022 9 p.m. EST",-3,40,1174,0,2319,1962,2888
CPLE,"12/15/2022 10 p.m. EST",-3,35,1120,0,1858,1967,2888
CPLE,"12/15/2022 11 p.m. EST",-4,14,1102,0,1682,1965,2890
CPLE,"12/16/2022 12 a.m. EST",-2,14,1101,0,1682,1970,2891
CPLE,"12/16/2022 1 a.m. EST",-2,15,1105,0,1693,1969,2891
CPLE,"12/16/2022 2 a.m. EST",-2,16,1085,-1,1645,1939,2890
CPLE,"12/16/2022 3 a.m. EST",-3,15,1085,0,1640,1970,2891
CPLE,"12/16/2022 4 a.m. EST",0,12,1080,-1,1644,1951,2891
CPLE,"12/16/2022 5 a.m. EST",-2,17,1068,0,1605,1972,2890
CPLE,"12/16/2022 6 a.m. EST",-1,16,1064,-1,1602,1928,2890
CPLE,"12/16/2022 7 a.m. EST",-1,46,1116,0,1733,1901,2894
CPLE,"12/16/2022 8 a.m. EST",62,49,1163,-1,2082,1889,2891
CPLE,"12/16/2022 9 a.m. EST",433,46,1158,0,2061,1891,2893
CPLE,"12/16/2022 10 a.m. EST",995,47,1101,-1,1921,1885,2894
CPLE,"12/16/2022 11 a.m. EST",1597,42,1000,0,1514,1801,2890
CPLE,"12/16/2022 12 p.m. EST",1972,49,809,0,1109,1828,2892
CPLE,"12/16/2022 1 p.m. EST",2062,58,713,0,1026,1866,2889
CPLE,"12/16/2022 2 p.m. EST",1999,55,673,0,821,1825,2888
CPLE,"12/16/2022 3 p.m. EST",1717,56,675,0,814,1724,2888
CPLE,"12/16/2022 4 p.m. EST",1012,57,761,0,1078,1711,2888
CPLE,"12/16/2022 5 p.m. EST",214,57,995,0,1651,1898,2884
CPLE,"12/16/2022 6 p.m. EST",28,59,1115,0,1733,1930,2887
CPLE,"12/16/2022 7 p.m. EST",23,64,1160,0,1981,1939,2885
CPLE,"12/16/2022 8 p.m. EST",27,61,1152,0,2016,1933,2886
CPLE,"12/16/2022 9 p.m. EST",-2,63,1182,0,2021,1926,2886
CPLE,"12/16/2022 10 p.m. EST",0,64,1184,0,1999,1923,2886
CPLE,"12/16/2022 11 p.m. EST",-1,65,1182,0,1902,1871,2886
CPLE,"12/17/2022 12 a.m. EST",-1,62,1178,0,1888,1892,2887
CPLE,"12/17/2022 1 a.m. EST",-2,62,1126,0,1921,1891,2889
CPLE,"12/17/2022 2 a.m. EST",-1,67,1113,0,1920,1889,2887
CPLE,"12/17/2022 3 a.m. EST",-2,52,1104,0,1921,1891,2886
CPLE,"12/17/2022 4 a.m. EST",-3,52,1100,0,1884,1866,2889
CPLE,"12/17/2022 5 a.m. EST",-2,53,1100,0,1897,1882,2889
CPLE,"12/17/2022 6 a.m. EST",-4,56,1109,0,1929,1876,2889
CPLE,"12/17/2022 7 a.m. EST",-2,52,1109,0,2484,1886,2888
CPLE,"12/17/2022 8 a.m. EST",59,49,1126,0,2825,1794,2889
CPLE,"12/17/2022 9 a.m. EST",434,45,1168,0,2911,1619,2890
CPLE,"12/17/2022 10 a.m. EST",809,50,1164,0,2921,1388,2886
CPLE,"12/17/2022 11 a.m. EST",836,46,1164,0,2914,1487,2888
CPLE,"12/17/2022 12 p.m. EST",1049,46,1160,6,2337,1843,2886
CPLE,"12/17/2022 1 p.m. EST",984,48,1161,72,1828,1898,2887
CPLE,"12/17/2022 2 p.m. EST",831,49,1105,-1,1712,1963,2888
CPLE,"12/17/2022 3 p.m. EST",539,44,1083,0,1665,2020,2886
CPLE,"12/17/2022 4 p.m. EST",277,49,1082,0,1666,2080,2889
CPLE,"12/17/2022 5 p.m. EST",80,47,1094,0,1689,2182,2887
CPLE,"12/17/2022 6 p.m. EST",28,44,1088,0,1711,2197,2881
CPLE,"12/17/2022 7 p.m. EST",28,50,1089,0,1683,2175,2885
CPLE,"12/17/2022 8 p.m. EST",28,49,1074,0,1650,2153,2885
CPLE,"12/17/2022 9 p.m. EST",-1,47,1092,0,1648,2159,2884
CPLE,"12/17/2022 10 p.m. EST",-2,45,1098,0,1654,2181,2887
CPLE,"12/17/2022 11 p.m. EST",-4,48,1087,0,1628,2187,2883
CPLE,"12/18/2022 12 a.m. EST",-1,44,1093,0,1657,2187,2884
CPLE,"12/18/2022 1 a.m. EST",-2,50,1092,0,1656,2190,2887
CPLE,"12/18/2022 2 a.m. EST",-2,48,1090,-1,1661,2191,2888
CPLE,"12/18/2022 3 a.m. EST",-3,45,1091,0,1635,2187,2887
CPLE,"12/18/2022 4 a.m. EST",0,51,1096,0,1664,2193,2889
CPLE,"12/18/2022 5 a.m. EST",-3,46,1108,0,1704,2201,2888
CPLE,"12/18/2022 6 a.m. EST",-1,49,1100,0,1672,2199,2891
CPLE,"12/18/2022 7 a.m. EST",-2,40,1106,-1,1705,2227,2888
CPLE,"12/18/2022 8 a.m. EST",110,48,1086,0,1740,2282,2886
CPLE,"12/18/2022 9 a.m. EST",823,46,1081,61,1727,2333,2888
CPLE,"12/18/2022 10 a.m. EST",1756,23,1038,151,1581,2389,2888
CPLE,"12/18/2022 11 a.m. EST",2224,23,930,0,1452,2413,2887
CPLE,"12/18/2022 12 p.m. EST",2377,23,695,0,1014,2389,2893
CPLE,"12/18/2022 1 p.m. EST",2347,23,674,-1,860,2106,2885
CPLE,"12/18/2022 2 p.m. EST",2234,22,673,0,858,1812,2885
CPLE,"12/18/2022 3 p.m. EST",1870,18,719,0,1018,1563,2887
CPLE,"12/18/2022 4 p.m. EST",1104,12,866,0,1498,1437,2883
CPLE,"12/18/2022 5 p.m. EST",243,11,952,0,1704,1757,2885
CPLE,"12/18/2022 6 p.m. EST",26,9,1050,-1,1673,2238,2884
CPLE,"12/18/2022 7 p.m. EST",26,8,1114,0,1710,2481,2881
CPLE,"12/18/2022 8 p.m. EST",27,7,1154,0,1745,2522,2883
CPLE,"12/18/2022 9 p.m. EST",-2,8,1178,0,1746,2674,2883
CPLE,"12/18/2022 10 p.m. EST",0,7,1177,0,1755,2702,2887
CPLE,"12/18/2022 11 p.m. EST",-3,17,1180,-1,1748,2696,2886
CPLE,"12/19/2022 12 a.m. EST",-1,15,1179,0,1774,2696,2886
CPLE,"12/19/2022 1 a.m. EST",-1,15,1146,0,1759,2700,2887
CPLE,"12/19/2022 2 a.m. EST",-3,21,1097,0,1719,2700,2887
CPLE,"12/19/2022 3 a.m. EST",-2,21,1097,0,1860,2696,2886
CPLE,"12/19/2022 4 a.m. EST",-1,25,1090,0,2217,2704,2887
CPLE,"12/19/2022 5 a.m. EST",-2,20,1088,0,2309,2694,2888
CPLE,"12/19/2022 6 a.m. EST",-1,100,1093,0,2364,2701,2886
CPLE,"12/19/2022 7 a.m. EST",-2,100,1094,0,2955,2683,2886
CPLE,"12/19/2022 8 a.m. EST",101,92,1147,0,3203,2675,2887
CPLE,"12/19/2022 9 a.m. EST",812,91,1160,0,2832,2678,2887
CPLE,"12/19/2022 10 a.m. EST",1701,47,1143,0,2059,2675,2885
CPLE,"12/19/2022 11 a.m. EST",2036,39,1027,0,1716,2672,2883
CPLE,"12/19/2022 12 p.m. EST",1999,40,877,0,1417,2689,2889
CPLE,"12/19/2022 1 p.m. EST",1888,41,722,0,963,2693,2848
CPLE,"12/19/2022 2 p.m. EST",2009,41,674,0,743,2698,2856
CPLE,"12/19/2022 3 p.m. EST",1599,38,656,0,919,2661,2867
CPLE,"12/19/2022 4 p.m. EST",950,40,718,0,884,2633,2876
CPLE,"12/19/2022 5 p.m. EST",222,42,920,0,1572,2670,2884
CPLE,"12/19/2022 6 p.m. EST",28,39,1026,0,1746,2695,2890
CPLE,"12/19/2022 7 p.m. EST",26,41,1096,0,1777,2685,2895
CPLE,"12/19/2022 8 p.m. EST",29,40,1103,0,1809,2683,2895
CPLE,"12/19/2022 9 p.m. EST",-2,39,1128,0,1801,2674,2928
CPLE,"12/19/2022 10 p.m. EST",-1,40,1125,0,1794,2680,2928
CPLE,"12/19/2022 11 p.m. EST",0,18,1029,0,1653,2711,2898
CPLE,"12/20/2022 12 a.m. EST",-3,17,899,0,1182,2677,2893
CPLE,"12/20/2022 1 a.m. EST",-3,16,964,0,1752,2393,2896
CPLE,"12/20/2022 2 a.m. EST",-1,12,970,0,1788,2251,2894
CPLE,"12/20/2022 3 a.m. EST",-1,17,1029,0,1799,2115,2898
CPLE,"12/20/2022 4 a.m. EST",-1,16,1101,0,1796,2038,2896
CPLE,"12/20/2022 5 a.m. EST",0,17,1087,0,1741,2378,2899
CPLE,"12/20/2022 6 a.m. EST",-2,17,1096,0,1800,2723,2897
CPLE,"12/20/2022 7 a.m. EST",-3,93,1147,0,2358,2669,2896
CPLE,"12/20/2022 8 a.m. EST",16,95,1156,0,2511,2749,2900
CPLE,"12/20/2022 9 a.m. EST",120,93,1050,0,2288,2796,2896
CPLE,"12/20/2022 10 a.m. EST",235,43,1040,0,2120,2803,2897
CPLE,"12/20/2022 11 a.m. EST",284,41,1039,0,1978,2800,2898
CPLE,"12/20/2022 12 p.m. EST",312,39,1076,0,1798,2687,2889
CPLE,"12/20/2022 1 p.m. EST",294,40,1088,0,1799,2602,2896
CPLE,"12/20/2022 2 p.m. EST",240,39,1109,0,1771,2606,2897
CPLE,"12/20/2022 3 p.m. EST",163,39,1080,0,1710,2602,2898
CPLE,"12/20/2022 4 p.m. EST",86,39,1092,0,1758,2604,2900
CPLE,"12/20/2022 5 p.m. EST",18,38,1108,0,1932,2603,2900
CPLE,"12/20/2022 6 p.m. EST",-1,41,1152,0,2297,2601,2897
CPLE,"12/20/2022 7 p.m. EST",0,41,1169,0,2454,2611,2899
CPLE,"12/20/2022 8 p.m. EST",0,39,1111,0,2496,2597,2896
CPLE,"12/20/2022 9 p.m. EST",-2,38,1099,0,2484,2602,2895
CPLE,"12/20/2022 10 p.m. EST",-1,42,1106,0,2442,2605,2893
CPLE,"12/20/2022 11 p.m. EST",-1,23,1098,0,2098,2608,2893
CPLE,"12/21/2022 12 a.m. EST",-3,15,1037,0,1754,2457,2893
CPLE,"12/21/2022 1 a.m. EST",-3,17,1038,0,1754,2102,2893
CPLE,"12/21/2022 2 a.m. EST",-2,16,1008,0,1663,2113,2891
CPLE,"12/21/2022 3 a.m. EST",-1,17,1012,0,1670,2228,2897
CPLE,"12/21/2022 4 a.m. EST",-3,15,1009,0,1673,2330,2893
CPLE,"12/21/2022 5 a.m. EST",-1,15,1039,0,1711,2599,2898
CPLE,"12/21/2022 6 a.m. EST",0,19,1081,0,2084,2605,2888
CPLE,"12/21/2022 7 a.m. EST",-3,94,1116,0,2508,2607,2896
CPLE,"12/21/2022 8 a.m. EST",55,97,1095,0,2638,2602,2895
CPLE,"12/21/2022 9 a.m. EST",326,93,1084,0,2559,2604,2896
CPLE,"12/21/2022 10 a.m. EST",714,43,1085,0,2217,2602,2894
CPLE,"12/21/2022 11 a.m. EST",940,37,1070,0,1711,2524,2891
CPLE,"12/21/2022 12 p.m. EST",999,41,1081,0,1744,2579,2893
CPLE,"12/21/2022 1 p.m. EST",870,40,1043,0,1735,2600,2892
CPLE,"12/21/2022 2 p.m. EST",709,39,999,0,1679,2613,2891
CPLE,"12/21/2022 3 p.m. EST",495,38,991,0,1684,2610,2888
CPLE,"12/21/2022 4 p.m. EST",273,40,1017,0,1704,2602,2889
CPLE,"12/21/2022 5 p.m. EST",78,42,1078,0,1721,2599,2889
CPLE,"12/21/2022 6 p.m. EST",28,37,1089,62,1834,2602,2891
CPLE,"12/21/2022 7 p.m. EST",27,41,1088,12,1930,2615,2888
CPLE,"12/21/2022 8 p.m. EST",26,40,1090,0,1914,2603,2888
CPLE,"12/21/2022 9 p.m. EST",-1,39,1115,0,1894,2582,2888
CPLE,"12/21/2022 10 p.m. EST",-1,41,1111,0,1735,2557,2890
CPLE,"12/21/2022 11 p.m. EST",-5,22,1099,0,1690,2584,2888
CPLE,"12/22/2022 12 a.m. EST",-3,18,1106,0,1724,2581,2886
CPLE,"12/22/2022 1 a.m. EST",-3,17,1114,0,1737,2228,2891
CPLE,"12/22/2022 2 a.m. EST",-2,13,1060,0,1757,2135,2887
CPLE,"12/22/2022 3 a.m. EST",-2,17,1039,0,1750,2139,2887
CPLE,"12/22/2022 4 a.m. EST",-4,15,1035,0,1738,2144,2886
CPLE,"12/22/2022 5 a.m. EST",-2,26,1033,0,1732,2300,2888
CPLE,"12/22/2022 6 a.m. EST",-1,40,1066,0,1732,2583,2887
CPLE,"12/22/2022 7 a.m. EST",-3,43,1099,0,1688,2564,2886
CPLE,"12/22/2022 8 a.m. EST",29,42,1077,0,1679,2586,2885
CPLE,"12/22/2022 9 a.m. EST",51,43,1071,0,1653,2594,2885
CPLE,"12/22/2022 10 a.m. EST",46,56,1071,0,1687,2578,2884
CPLE,"12/22/2022 11 a.m. EST",77,79,1031,0,1814,2581,2883
CPLE,"12/22/2022 12 p.m. EST",281,74,982,0,1656,2566,2885
CPLE,"12/22/2022 1 p.m. EST",427,41,909,0,1574,2569,2879
CPLE,"12/22/2022 2 p.m. EST",468,40,834,0,1338,2516,2882
CPLE,"12/22/2022 3 p.m. EST",413,39,756,0,1140,2513,2881
CPLE,"12/22/2022 4 p.m. EST",258,39,754,0,1115,2517,2884
CPLE,"12/22/2022 5 p.m. EST",76,39,792,0,1266,2496,2884
CPLE,"12/22/2022 6 p.m. EST",26,42,971,0,1685,2535,2882
CPLE,"12/22/2022 7 p.m. EST",24,63,1007,0,1689,2563,2884
CPLE,"12/22/2022 8 p.m. EST",24,95,934,0,1653,2547,2882
CPLE,"12/22/2022 9 p.m. EST",-2,96,940,0,1594,2532,2885
CPLE,"12/22/2022 10 p.m. EST",-1,79,853,0,1359,2534,2884
CPLE,"12/22/2022 11 p.m. EST",-3,42,796,0,1223,2523,2881
CPLE,"12/23/2022 12 a.m. EST",-2,42,770,0,1094,2628,2883
CPLE,"12/23/2022 1 a.m. EST",-3,48,756,0,1095,2702,2884
CPLE,"12/23/2022 2 a.m. EST",-7,46,732,0,1054,2686,2881
CPLE,"12/23/2022 3 a.m. EST",-2,48,691,0,875,2711,2881
CPLE,"12/23/2022 4 a.m. EST",-1,44,692,0,882,2713,2882
CPLE,"12/23/2022 5 a.m. EST",-4,48,692,0,885,2715,2881
CPLE,"12/23/2022 6 a.m. EST",-2,47,740,0,978,2705,2877
CPLE,"12/23/2022 7 a.m. EST",-2,43,767,0,1166,2706,2876
CPLE,"12/23/2022 8 a.m. EST",51,52,811,0,1360,2710,2879
CPLE,"12/23/2022 9 a.m. EST",399,51,882,0,1579,2708,2878
CPLE,"12/23/2022 10 a.m. EST",1042,54,785,-1,1231,2697,2884
CPLE,"12/23/2022 11 a.m. EST",1802,57,680,-1,941,2598,2886
CPLE,"12/23/2022 12 p.m. EST",2096,54,712,-1,1089,2367,2886
CPLE,"12/23/2022 1 p.m. EST",2211,56,778,0,1082,2254,2887
CPLE,"12/23/2022 2 p.m. EST",2155,83,716,-1,881,2566,2886
CPLE,"12/23/2022 3 p.m. EST",1861,95,834,-1,1118,2599,2887
CPLE,"12/23/2022 4 p.m. EST",1120,95,1013,11,1589,2693,2885
CPLE,"12/23/2022 5 p.m. EST",263,94,1196,350,1805,2707,2887
CPLE,"12/23/2022 6 p.m. EST",33,96,1340,726,2269,2707,2888
CPLE,"12/23/2022 7 p.m. EST",35,104,1380,763,2626,2711,2886
CPLE,"12/23/2022 8 p.m. EST",34,97,1379,765,2848,2711,2889
CPLE,"12/23/2022 9 p.m. EST",-3,104,1417,765,3122,2703,2889
CPLE,"12/23/2022 10 p.m. EST",-4,101,1416,793,3139,2690,2887
CPLE,"12/23/2022 11 p.m. EST",-3,100,1420,918,3082,2679,2889
CPLE,"12/24/2022 12 a.m. EST",-3,101,1421,920,3030,2681,2886
CPLE,"12/24/2022 1 a.m. EST",-1,101,1414,907,2740,2681,2887
CPLE,"12/24/2022 2 a.m. EST",-3,103,1407,949,2907,2678,2887
CPLE,"12/24/2022 3 a.m. EST",-2,101,1423,949,2887,2678,2884
CPLE,"12/24/2022 4 a.m. EST",-2,100,1420,961,3062,2540,2878
CPLE,"12/24/2022 5 a.m. EST",-1,102,1423,959,3194,2378,2888
CPLE,"12/24/2022 6 a.m. EST",-3,101,1424,995,3278,2405,2887
CPLE,"12/24/2022 7 a.m. EST",-3,100,1419,1074,3397,2083,2883
CPLE,"12/24/2022 8 a.m. EST",80,101,1379,1149,3415,2021,2890
CPLE,"12/24/2022 9 a.m. EST",632,100,1353,1084,3048,2001,2888
CPLE,"12/24/2022 10 a.m. EST",1445,94,1291,982,2804,2040,2888
CPLE,"12/24/2022 11 a.m. EST",1894,71,1255,926,2711,1880,2890
CPLE,"12/24/2022 12 p.m. EST",2057,70,1249,998,2715,1597,2885
CPLE,"12/24/2022 1 p.m. EST",2071,69,1245,834,2700,1597,2886
CPLE,"12/24/2022 2 p.m. EST",1982,56,1249,970,2623,1656,2886
CPLE,"12/24/2022 3 p.m. EST",1705,49,1265,989,2570,1424,2884
CPLE,"12/24/2022 4 p.m. EST",1026,42,1224,1112,2692,1347,2882
CPLE,"12/24/2022 5 p.m. EST",229,42,1201,1129,2955,1331,2885
CPLE,"12/24/2022 6 p.m. EST",28,42,1231,1150,2762,1296,2883
CPLE,"12/24/2022 7 p.m. EST",23,41,1269,1136,2719,1290,2882
CPLE,"12/24/2022 8 p.m. EST",26,46,1257,1125,2806,1257,2881
CPLE,"12/24/2022 9 p.m. EST",-1,44,1355,1123,2888,1265,2884
CPLE,"12/24/2022 10 p.m. EST",-1,44,1376,1115,2945,1284,2883
CPLE,"12/24/2022 11 p.m. EST",-1,35,1377,997,2944,1291,2884
CPLE,"12/25/2022 12 a.m. EST",-2,45,1376,993,2878,1444,2882
CPLE,"12/25/2022 1 a.m. EST",-2,43,1373,998,2929,1712,2881
CPLE,"12/25/2022 2 a.m. EST",-3,45,1349,999,2917,1809,2878
CPLE,"12/25/2022 3 a.m. EST",0,43,1368,1019,2817,1882,2871
CPLE,"12/25/2022 4 a.m. EST",-1,44,1367,1104,2831,1790,2873
CPLE,"12/25/2022 5 a.m. EST",-1,44,1368,1128,2900,1522,2870
CPLE,"12/25/2022 6 a.m. EST",-4,102,1369,1122,2972,1546,2873
CPLE,"12/25/2022 7 a.m. EST",-1,99,1373,1093,2926,1792,2871
CPLE,"12/25/2022 8 a.m. EST",84,103,1343,1083,2873,1838,2870
CPLE,"12/25/2022 9 a.m. EST",716,96,1338,937,2845,1844,2875
CPLE,"12/25/2022 10 a.m. EST",1641,103,1331,657,2740,1823,2873
CPLE,"12/25/2022 11 a.m. EST",2117,98,1265,657,2297,1578,2871
CPLE,"12/25/2022 12 p.m. EST",2267,29,1212,312,1971,1445,2871
CPLE,"12/25/2022 1 p.m. EST",2273,23,1174,-1,1644,1448,2870
CPLE,"12/25/2022 2 p.m. EST",2171,25,1086,-2,1462,1445,2869
CPLE,"12/25/2022 3 p.m. EST",1861,20,957,-1,1155,1437,2863
CPLE,"12/25/2022 4 p.m. EST",1140,24,948,82,1196,1436,2868
CPLE,"12/25/2022 5 p.m. EST",270,27,1091,523,1725,1470,2865
CPLE,"12/25/2022 6 p.m. EST",21,64,1342,851,2130,1544,2865
CPLE,"12/25/2022 7 p.m. EST",22,64,1375,991,2161,1537,2868
CPLE,"12/25/2022 8 p.m. EST",23,66,1382,1114,2259,1721,2870
CPLE,"12/25/2022 9 p.m. EST",-1,61,1407,1116,2260,1758,2872
CPLE,"12/25/2022 10 p.m. EST",-2,65,1404,1115,2267,1794,2866
CPLE,"12/25/2022 11 p.m. EST",-1,60,1404,1100,2206,1869,2867
CPLE,"12/26/2022 12 a.m. EST",0,62,1395,979,2129,2351,2868
CPLE,"12/26/2022 1 a.m. EST",-1,60,1392,777,2074,2575,2867
CPLE,"12/26/2022 2 a.m. EST",-6,57,1377,843,2103,2581,2866
CPLE,"12/26/2022 3 a.m. EST",-1,52,1403,1052,2190,2658,2868
CPLE,"12/26/2022 4 a.m. EST",-1,56,1407,908,2213,2726,2865
CPLE,"12/26/2022 5 a.m. EST",-1,57,1428,1003,2290,2731,2863
CPLE,"12/26/2022 6 a.m. EST",-2,101,1434,1109,2426,2731,2869
CPLE,"12/26/2022 7 a.m. EST",-1,102,1430,1112,2587,2732,2864
CPLE,"12/26/2022 8 a.m. EST",81,92,1402,1109,2581,2731,2870
CPLE,"12/26/2022 9 a.m. EST",729,101,1376,891,2425,2727,2867
CPLE,"12/26/2022 10 a.m. EST",1659,80,1112,511,2066,2723,2867
CPLE,"12/26/2022 11 a.m. EST",2082,47,877,-7,1486,2717,2869
CPLE,"12/26/2022 12 p.m. EST",2170,45,730,0,1158,2685,2865
CPLE,"12/26/2022 1 p.m. EST",2117,35,704,-3,1028,2463,2868
CPLE,"12/26/2022 2 p.m. EST",1929,45,684,0,726,2239,2871
CPLE,"12/26/2022 3 p.m. EST",1616,43,676,-1,885,2209,2873
CPLE,"12/26/2022 4 p.m. EST",1010,42,694,-1,968,2233,2868
CPLE,"12/26/2022 5 p.m. EST",277,46,808,0,1352,2242,2866
CPLE,"12/26/2022 6 p.m. EST",23,44,995,-3,1821,2230,2864
CPLE,"12/26/2022 7 p.m. EST",23,43,1091,0,2152,2237,2860
CPLE,"12/26/2022 8 p.m. EST",25,44,1101,0,2329,2244,2863
CPLE,"12/26/2022 9 p.m. EST",-1,43,1119,0,2321,2242,2864
CPLE,"12/26/2022 10 p.m. EST",-3,41,1115,-2,2300,2241,2859
CPLE,"12/26/2022 11 p.m. EST",-2,48,1117,-1,2188,2239,2863
CPLE,"12/27/2022 12 a.m. EST",-2,53,1108,-1,2116,2241,2864
CPLE,"12/27/2022 1 a.m. EST",-2,54,1118,0,2347,2238,2864
CPLE,"12/27/2022 2 a.m. EST",-2,56,1123,0,2237,2241,2863
CPLE,"12/27/2022 3 a.m. EST",0,59,1123,0,2246,2239,2860
CPLE,"12/27/2022 4 a.m. EST",-1,56,1121,0,2359,2249,2865
CPLE,"12/27/2022 5 a.m. EST",0,65,1118,0,2459,2599,2863
CPLE,"12/27/2022 6 a.m. EST",0,103,1115,0,2768,2736,2860
CPLE,"12/27/2022 7 a.m. EST",-1,100,1119,0,2933,2742,2864
CPLE,"12/27/2022 8 a.m. EST",79,97,1091,0,2931,2739,2862
CPLE,"12/27/2022 9 a.m. EST",587,100,1081,0,2702,2744,2862
CPLE,"12/27/2022 10 a.m. EST",1274,100,971,0,1698,2668,2861
CPLE,"12/27/2022 11 a.m. EST",1605,101,932,0,1527,2104,2864
CPLE,"12/27/2022 12 p.m. EST",1794,24,728,0,946,1751,2861
CPLE,"12/27/2022 1 p.m. EST",1951,24,679,0,973,1451,2862
CPLE,"12/27/2022 2 p.m. EST",1980,22,689,0,961,1330,2818
CPLE,"12/27/2022 3 p.m. EST",1697,23,696,0,895,1287,2827
CPLE,"12/27/2022 4 p.m. EST",1093,24,807,0,1089,1301,2838
CPLE,"12/27/2022 5 p.m. EST",273,23,962,0,1709,1703,2846
CPLE,"12/27/2022 6 p.m. EST",29,77,1073,0,1761,2400,2854
CPLE,"12/27/2022 7 p.m. EST",29,105,1104,0,1801,2713,2865
CPLE,"12/27/2022 8 p.m. EST",31,102,1103,0,1796,2715,2872
CPLE,"12/27/2022 9 p.m. EST",-2,105,1136,0,1796,2715,2877
CPLE,"12/27/2022 10 p.m. EST",-1,103,1068,0,1608,2627,2875
CPLE,"12/27/2022 11 p.m. EST",0,28,1117,0,1776,2422,2875
CPLE,"12/28/2022 12 a.m. EST",0,22,1132,0,1831,2394,2874
CPLE,"12/28/2022 1 a.m. EST",-2,24,1108,0,1820,2401,2874
CPLE,"12/28/2022 2 a.m. EST",-3,14,1104,0,1809,2403,2872
CPLE,"12/28/2022 3 a.m. EST",-1,23,1107,0,1887,2404,2873
CPLE,"12/28/2022 4 a.m. EST",-2,24,1107,0,2078,2409,2875
CPLE,"12/28/2022 5 a.m. EST",-2,23,1106,0,2251,2413,2872
CPLE,"12/28/2022 6 a.m. EST",-1,25,1114,0,2581,2435,2873
CPLE,"12/28/2022 7 a.m. EST",-2,90,1162,0,2624,2552,2870
CPLE,"12/28/2022 8 a.m. EST",49,105,1164,0,2985,2613,2873
CPLE,"12/28/2022 9 a.m. EST",650,105,1156,0,2720,2624,2873
CPLE,"12/28/2022 10 a.m. EST",1554,103,1043,0,1929,2591,2874
CPLE,"12/28/2022 11 a.m. EST",2044,102,991,0,1679,1882,2876
CPLE,"12/28/2022 12 p.m. EST",2200,29,1002,0,1709,1120,2872
CPLE,"12/28/2022 1 p.m. EST",2232,24,1009,0,1692,902,2871
CPLE,"12/28/2022 2 p.m. EST",2143,21,965,0,1667,778,2869
CPLE,"12/28/2022 3 p.m. EST",1799,23,928,0,1621,799,2866
CPLE,"12/28/2022 4 p.m. EST",1077,24,968,0,1668,949,2866
CPLE,"12/28/2022 5 p.m. EST",256,33,1033,0,1631,1604,2867
CPLE,"12/28/2022 6 p.m. EST",11,100,1077,0,1675,1893,2864
CPLE,"12/28/2022 7 p.m. EST",12,100,1107,0,1766,1965,2866
CPLE,"12/28/2022 8 p.m. EST",9,38,1098,0,1767,1959,2865
CPLE,"12/28/2022 9 p.m. EST",5,21,1108,0,1782,1967,2869
CPLE,"12/28/2022 10 p.m. EST",6,26,1109,0,1769,1958,2872
CPLE,"12/28/2022 11 p.m. EST",6,22,1100,0,1772,2077,2869
CPLE,"12/29/2022 12 a.m. EST",5,25,1104,0,1767,2284,2870
CPLE,"12/29/2022 1 a.m. EST",-2,15,1128,-1,1763,2313,2870
CPLE,"12/29/2022 2 a.m. EST",-3,23,1125,0,1770,2316,2869
CPLE,"12/29/2022 3 a.m. EST",-2,23,1124,0,1945,2390,2870
CPLE,"12/29/2022 4 a.m. EST",-3,24,1112,0,2233,2465,2867
CPLE,"12/29/2022 5 a.m. EST",-2,28,1112,0,2383,2573,2869
CPLE,"12/29/2022 6 a.m. EST",0,99,1112,0,2358,2700,2870
CPLE,"12/29/2022 7 a.m. EST",-2,102,1123,0,2443,2728,2867
CPLE,"12/29/2022 8 a.m. EST",84,101,1097,0,2607,2715,2869
CPLE,"12/29/2022 9 a.m. EST",698,99,1073,0,2181,2654,2869
CPLE,"12/29/2022 10 a.m. EST",1578,66,1014,0,1758,1818,2865
CPLE,"12/29/2022 11 a.m. EST",2008,21,907,0,1484,1049,2867
CPLE,"12/29/2022 12 p.m. EST",2170,24,856,0,1437,496,2860
CPLE,"12/29/2022 1 p.m. EST",2199,20,885,0,1490,215,2860
CPLE,"12/29/2022 2 p.m. EST",2107,24,844,0,1351,186,2860
CPLE,"12/29/2022 3 p.m. EST",1764,22,859,0,1324,187,2856
CPLE,"12/29/2022 4 p.m. EST",1066,21,967,0,1543,189,2856
CPLE,"12/29/2022 5 p.m. EST",270,27,1042,0,1581,281,2855
CPLE,"12/29/2022 6 p.m. EST",25,63,1075,0,1589,454,2853
CPLE,"12/29/2022 7 p.m. EST",29,63,1075,0,1613,708,2857
CPLE,"12/29/2022 8 p.m. EST",28,60,1031,0,1512,673,2854
CPLE,"12/29/2022 9 p.m. EST",-2,58,1091,0,1590,652,2857
CPLE,"12/29/2022 10 p.m. EST",-3,55,1076,0,1545,653,2858
CPLE,"12/29/2022 11 p.m. EST",-3,54,1063,0,1523,564,2857
CPLE,"12/30/2022 12 a.m. EST",-5,20,1047,0,1437,492,2861
CPLE,"12/30/2022 1 a.m. EST",6,13,1032,0,1551,515,2856
CPLE,"12/30/2022 2 a.m. EST",6,15,1084,0,1712,528,2858
CPLE,"12/30/2022 3 a.m. EST",5,14,1094,0,1708,523,2860
CPLE,"12/30/2022 4 a.m. EST",6,16,1112,0,1694,521,2859
CPLE,"12/30/2022 5 a.m. EST",5,16,1161,0,1720,617,2857
CPLE,"12/30/2022 6 a.m. EST",2,39,1148,0,1648,798,2859
CPLE,"12/30/2022 7 a.m. EST",3,95,1153,0,1681,859,2859
CPLE,"12/30/2022 8 a.m. EST",46,93,1122,0,1688,838,2858
CPLE,"12/30/2022 9 a.m. EST",513,94,1076,0,1696,579,2857
CPLE,"12/30/2022 10 a.m. EST",1266,60,939,0,1580,369,2856
CPLE,"12/30/2022 11 a.m. EST",1702,15,865,0,1377,228,2856
CPLE,"12/30/2022 12 p.m. EST",1995,14,770,0,1118,130,2850
CPLE,"12/30/2022 1 p.m. EST",2023,16,736,0,772,39,2849
CPLE,"12/30/2022 2 p.m. EST",1777,11,822,0,1265,-39,2844
CPLE,"12/30/2022 3 p.m. EST",1351,18,947,0,1459,-42,2842
CPLE,"12/30/2022 4 p.m. EST",787,13,1001,0,1506,-30,2843
CPLE,"12/30/2022 5 p.m. EST",159,16,1079,0,1517,-27,2845
CPLE,"12/30/2022 6 p.m. EST",12,56,1151,0,1740,-29,2843
CPLE,"12/30/2022 7 p.m. EST",15,54,1160,0,1754,-25,2839
CPLE,"12/30/2022 8 p.m. EST",13,58,1102,0,1639,-24,2842
CPLE,"12/30/2022 9 p.m. EST",4,52,1107,0,1642,-35,2845
CPLE,"12/30/2022 10 p.m. EST",6,56,1091,0,1597,-32,2844
CPLE,"12/30/2022 11 p.m. EST",4,55,1081,0,1565,-38,2845
CPLE,"12/31/2022 12 a.m. EST",6,58,975,0,1347,-29,2847
CPLE,"12/31/2022 1 a.m. EST",-2,19,852,0,1324,-31,2848
CPLE,"12/31/2022 2 a.m. EST",-5,15,775,0,1117,-24,2848
CPLE,"12/31/2022 3 a.m. EST",-1,15,790,0,1164,-23,2847
CPLE,"12/31/2022 4 a.m. EST",-3,17,761,0,1093,-25,2845
CPLE,"12/31/2022 5 a.m. EST",-5,30,738,0,1040,-23,2850
CPLE,"12/31/2022 6 a.m. EST",-1,40,743,0,1044,-24,2849
CPLE,"12/31/2022 7 a.m. EST",-3,38,705,0,931,-24,2846
CPLE,"12/31/2022 8 a.m. EST",12,41,684,0,977,-21,2845
CPLE,"12/31/2022 9 a.m. EST",157,43,781,0,1222,-24,2845
CPLE,"12/31/2022 10 a.m. EST",329,41,911,0,1588,-24,2849
CPLE,"12/31/2022 11 a.m. EST",537,44,977,0,1636,-22,2846
CPLE,"12/31/2022 12 p.m. EST",564,42,1060,0,1631,-22,2841
CPLE,"12/31/2022 1 p.m. EST",513,42,1095,0,1633,-22,2840
CPLE,"12/31/2022 2 p.m. EST",476,51,1086,0,1611,-20,2839
CPLE,"12/31/2022 3 p.m. EST",307,49,1089,0,1600,-22,2836
CPLE,"12/31/2022 4 p.m. EST",127,51,1086,0,1595,-22,2835
CPLE,"12/31/2022 5 p.m. EST",27,52,1085,0,1584,-23,2836
CPLE,"12/31/2022 6 p.m. EST",4,76,1082,0,1593,-21,2835
CPLE,"12/31/2022 7 p.m. EST",2,72,1077,0,1569,-20,2837
CPLE,"12/31/2022 8 p.m. EST",2,76,1078,0,1557,-23,2833
CPLE,"12/31/2022 9 p.m. EST",-2,73,964,0,1532,-21,2836
CPLE,"12/31/2022 10 p.m. EST",-1,75,789,0,1039,-21,2834
CPLE,"12/31/2022 11 p.m. EST",-2,20,691,0,935,-23,2835
CPLE,"1/1/2023 12 a.m. EST",-3,16,724,0,710,-22,2836
