"BA Code","Timestamp (Hour Ending)","Wind Generation (MWh)","Solar Generation (MWh)","Hydro Generation (MWh)","Other Generation (MWh)","Natural gas Generation (MWh)","Coal Generation (MWh)","Nuclear Generation (MWh)"
ERCO,"8/1/2022 12 a.m. CDT",18712,0,8,150,26010,9144,4977
ERCO,"8/1/2022 1 a.m. CDT",19029,0,78,104,22426,8241,4978
ERCO,"8/1/2022 2 a.m. CDT",19080,0,115,110,20019,7786,4979
ERCO,"8/1/2022 3 a.m. CDT",19061,0,123,87,18580,7528,4980
ERCO,"8/1/2022 4 a.m. CDT",19129,0,59,90,17231,7812,4981
ERCO,"8/1/2022 5 a.m. CDT",18575,0,47,96,16761,8246,4982
ERCO,"8/1/2022 6 a.m. CDT",18280,0,46,96,17467,8308,4983
ERCO,"8/1/2022 7 a.m. CDT",17306,2,16,97,19116,8431,4983
ERCO,"8/1/2022 8 a.m. CDT",15051,1012,9,194,20967,8403,4985
ERCO,"8/1/2022 9 a.m. CDT",13002,5566,8,144,21420,8384,4986
ERCO,"8/1/2022 10 a.m. CDT",13648,7765,27,153,22209,8384,4987
ERCO,"8/1/2022 11 a.m. CDT",12309,8553,29,172,26702,8417,4986
ERCO,"8/1/2022 12 p.m. CDT",8926,8454,28,256,32454,9784,4986
ERCO,"8/1/2022 1 p.m. CDT",7316,8774,27,206,35773,10841,4984
ERCO,"8/1/2022 2 p.m. CDT",7089,8971,27,194,38128,11297,4983
ERCO,"8/1/2022 3 p.m. CDT",7626,9020,32,203,39715,11498,4981
ERCO,"8/1/2022 4 p.m. CDT",9547,8897,120,133,39929,11429,4979
ERCO,"8/1/2022 5 p.m. CDT",11101,8534,122,200,39249,11348,4978
ERCO,"8/1/2022 6 p.m. CDT",12083,8101,121,277,38430,11315,4977
ERCO,"8/1/2022 7 p.m. CDT",13505,6865,123,245,37481,11352,4977
ERCO,"8/1/2022 8 p.m. CDT",14979,3322,17,285,37358,11377,4977
ERCO,"8/1/2022 9 p.m. CDT",15550,323,6,211,37368,11367,4978
ERCO,"8/1/2022 10 p.m. CDT",17115,0,6,164,33823,11255,4980
ERCO,"8/1/2022 11 p.m. CDT",18580,0,5,167,28800,10681,4986
ERCO,"8/2/2022 12 a.m. CDT",18952,0,5,132,25784,9131,4987
ERCO,"8/2/2022 1 a.m. CDT",19630,0,78,128,22416,8351,4988
ERCO,"8/2/2022 2 a.m. CDT",19915,0,105,88,19721,8037,4988
ERCO,"8/2/2022 3 a.m. CDT",20034,0,122,112,18056,7786,4984
ERCO,"8/2/2022 4 a.m. CDT",20006,0,46,73,17295,7584,4984
ERCO,"8/2/2022 5 a.m. CDT",19582,0,45,96,17203,7607,4985
ERCO,"8/2/2022 6 a.m. CDT",18425,0,45,81,18952,7610,4986
ERCO,"8/2/2022 7 a.m. CDT",18221,2,44,102,20063,7766,4986
ERCO,"8/2/2022 8 a.m. CDT",17166,1040,13,92,20168,8253,4987
ERCO,"8/2/2022 9 a.m. CDT",16855,5272,5,61,19025,8320,4987
ERCO,"8/2/2022 10 a.m. CDT",19828,6862,25,89,18873,8182,4987
ERCO,"8/2/2022 11 a.m. CDT",19708,7810,27,228,21978,8382,4986
ERCO,"8/2/2022 12 p.m. CDT",18326,9271,27,214,25733,8879,4986
ERCO,"8/2/2022 1 p.m. CDT",16996,9603,28,209,29110,10408,4986
ERCO,"8/2/2022 2 p.m. CDT",16041,9529,28,192,32664,11302,4984
ERCO,"8/2/2022 3 p.m. CDT",15929,9570,35,137,34756,11261,4982
ERCO,"8/2/2022 4 p.m. CDT",15624,9344,121,225,35955,11351,4981
ERCO,"8/2/2022 5 p.m. CDT",15420,9304,123,291,36691,11345,4981
ERCO,"8/2/2022 6 p.m. CDT",15224,9036,121,328,37106,11342,4980
ERCO,"8/2/2022 7 p.m. CDT",15377,7782,35,281,37805,11336,4979
ERCO,"8/2/2022 8 p.m. CDT",16549,3799,6,324,38261,11423,4979
ERCO,"8/2/2022 9 p.m. CDT",17014,346,6,281,38167,11550,4980
ERCO,"8/2/2022 10 p.m. CDT",18886,0,8,147,34536,11272,4981
ERCO,"8/2/2022 11 p.m. CDT",21430,0,8,177,29092,10454,4982
ERCO,"8/3/2022 12 a.m. CDT",23089,0,8,173,24700,8916,4983
ERCO,"8/3/2022 1 a.m. CDT",24286,0,8,111,20571,8222,4983
ERCO,"8/3/2022 2 a.m. CDT",24546,0,81,88,17460,8113,4984
ERCO,"8/3/2022 3 a.m. CDT",24783,0,110,127,15298,7941,4984
ERCO,"8/3/2022 4 a.m. CDT",24423,0,131,90,14631,7747,4986
ERCO,"8/3/2022 5 a.m. CDT",24140,0,65,110,14658,7641,4986
ERCO,"8/3/2022 6 a.m. CDT",23585,0,47,106,15420,7592,4987
ERCO,"8/3/2022 7 a.m. CDT",22836,4,47,115,16462,7923,4988
ERCO,"8/3/2022 8 a.m. CDT",21813,1146,16,100,16486,8244,4987
ERCO,"8/3/2022 9 a.m. CDT",21271,5037,8,83,15990,8091,4988
ERCO,"8/3/2022 10 a.m. CDT",22848,5455,7,154,17709,8127,4990
ERCO,"8/3/2022 11 a.m. CDT",21182,7575,10,217,21465,8133,4990
ERCO,"8/3/2022 12 p.m. CDT",18679,9178,10,197,25925,8868,4995
ERCO,"8/3/2022 1 p.m. CDT",16297,9443,32,256,29938,10545,4994
ERCO,"8/3/2022 2 p.m. CDT",13718,9219,33,247,35282,11309,4987
ERCO,"8/3/2022 3 p.m. CDT",12608,9212,36,242,38604,11386,4986
ERCO,"8/3/2022 4 p.m. CDT",11735,8821,120,245,40219,11413,4985
ERCO,"8/3/2022 5 p.m. CDT",10979,8822,122,223,41065,11414,4983
ERCO,"8/3/2022 6 p.m. CDT",10444,8345,122,463,41798,11340,4983
ERCO,"8/3/2022 7 p.m. CDT",10644,6799,121,415,41818,11377,4984
ERCO,"8/3/2022 8 p.m. CDT",11451,3327,39,342,42295,11337,4984
ERCO,"8/3/2022 9 p.m. CDT",12976,206,31,235,41555,11341,4985
ERCO,"8/3/2022 10 p.m. CDT",15835,0,34,204,37015,11217,4986
ERCO,"8/3/2022 11 p.m. CDT",19023,0,13,179,30905,10648,4987
ERCO,"8/4/2022 12 a.m. CDT",20740,0,10,126,26654,9225,4987
ERCO,"8/4/2022 1 a.m. CDT",21163,0,82,131,23229,8166,4987
ERCO,"8/4/2022 2 a.m. CDT",20847,0,110,116,20820,8055,4989
ERCO,"8/4/2022 3 a.m. CDT",20081,0,107,95,19478,8018,4991
ERCO,"8/4/2022 4 a.m. CDT",19217,0,49,96,18990,7986,4990
ERCO,"8/4/2022 5 a.m. CDT",19174,0,49,88,18372,7872,4991
ERCO,"8/4/2022 6 a.m. CDT",18148,0,48,98,19850,7909,4992
ERCO,"8/4/2022 7 a.m. CDT",16302,2,16,95,21959,8173,4992
ERCO,"8/4/2022 8 a.m. CDT",14229,879,9,118,23624,8204,4993
ERCO,"8/4/2022 9 a.m. CDT",13065,5166,9,83,23915,7922,4994
ERCO,"8/4/2022 10 a.m. CDT",13070,8149,11,139,24422,7904,4992
ERCO,"8/4/2022 11 a.m. CDT",11117,8941,11,157,29025,8559,4991
ERCO,"8/4/2022 12 p.m. CDT",9277,9321,10,176,33296,9915,4986
ERCO,"8/4/2022 1 p.m. CDT",7791,9419,33,206,37851,10663,4989
ERCO,"8/4/2022 2 p.m. CDT",7469,9286,33,175,41206,10899,4990
ERCO,"8/4/2022 3 p.m. CDT",7554,9039,40,307,43714,10904,4987
ERCO,"8/4/2022 4 p.m. CDT",7612,8777,123,280,44612,10822,4987
ERCO,"8/4/2022 5 p.m. CDT",8465,8445,124,227,44030,10819,4986
ERCO,"8/4/2022 6 p.m. CDT",10695,8106,124,140,41936,10541,4986
ERCO,"8/4/2022 7 p.m. CDT",12606,6147,123,245,40389,10560,4986
ERCO,"8/4/2022 8 p.m. CDT",13229,2750,37,311,40713,10748,4986
ERCO,"8/4/2022 9 p.m. CDT",12864,177,32,495,40904,10773,4987
ERCO,"8/4/2022 10 p.m. CDT",14019,0,30,231,37708,10518,4987
ERCO,"8/4/2022 11 p.m. CDT",14894,0,7,175,33556,9803,4988
ERCO,"8/5/2022 12 a.m. CDT",15914,0,7,132,29411,8808,4988
ERCO,"8/5/2022 1 a.m. CDT",14988,0,80,117,27677,7917,4989
ERCO,"8/5/2022 2 a.m. CDT",13450,0,118,91,26565,7828,4989
ERCO,"8/5/2022 3 a.m. CDT",12705,0,108,84,25342,7765,4989
ERCO,"8/5/2022 4 a.m. CDT",12704,0,62,82,24049,7740,4990
ERCO,"8/5/2022 5 a.m. CDT",12796,0,49,82,23402,7741,4989
ERCO,"8/5/2022 6 a.m. CDT",12235,0,49,78,24257,7741,4990
ERCO,"8/5/2022 7 a.m. CDT",11561,2,18,88,25819,7743,4990
ERCO,"8/5/2022 8 a.m. CDT",10490,830,9,84,26506,7746,4990
ERCO,"8/5/2022 9 a.m. CDT",8759,4542,9,113,27733,7697,4990
ERCO,"8/5/2022 10 a.m. CDT",9793,7589,9,165,27441,7657,4990
ERCO,"8/5/2022 11 a.m. CDT",8429,9089,9,194,30721,8502,4991
ERCO,"8/5/2022 12 p.m. CDT",5548,9326,10,232,35954,9819,4990
ERCO,"8/5/2022 1 p.m. CDT",3429,9099,34,180,40179,10493,4990
ERCO,"8/5/2022 2 p.m. CDT",3582,9082,32,185,41781,10950,4991
ERCO,"8/5/2022 3 p.m. CDT",5232,8805,33,187,41892,10949,4991
ERCO,"8/5/2022 4 p.m. CDT",7024,8274,118,270,41908,10749,4992
ERCO,"8/5/2022 5 p.m. CDT",8350,8098,118,307,41107,10562,4993
ERCO,"8/5/2022 6 p.m. CDT",9795,7326,118,226,39840,10515,4993
ERCO,"8/5/2022 7 p.m. CDT",11934,6186,118,155,37425,10318,4994
ERCO,"8/5/2022 8 p.m. CDT",13815,2995,34,315,36379,10303,4994
ERCO,"8/5/2022 9 p.m. CDT",14735,263,28,161,36002,10431,4994
ERCO,"8/5/2022 10 p.m. CDT",15609,58,28,171,33119,10247,4995
ERCO,"8/5/2022 11 p.m. CDT",17367,58,5,127,29028,9308,4995
ERCO,"8/6/2022 12 a.m. CDT",19598,58,35,150,24222,8048,4996
ERCO,"8/6/2022 1 a.m. CDT",19667,58,77,94,21552,7647,4997
ERCO,"8/6/2022 2 a.m. CDT",18752,45,113,80,19800,7379,4997
ERCO,"8/6/2022 3 a.m. CDT",17683,0,130,80,18905,7387,4997
ERCO,"8/6/2022 4 a.m. CDT",17316,0,61,84,17629,7401,4998
ERCO,"8/6/2022 5 a.m. CDT",16773,0,43,92,17031,7391,4999
ERCO,"8/6/2022 6 a.m. CDT",15745,0,42,96,17693,7402,4999
ERCO,"8/6/2022 7 a.m. CDT",14672,2,11,89,18652,7534,4999
ERCO,"8/6/2022 8 a.m. CDT",13158,953,4,103,19612,7674,5000
ERCO,"8/6/2022 9 a.m. CDT",9799,5137,4,96,21202,7661,4999
ERCO,"8/6/2022 10 a.m. CDT",9990,7823,3,96,21429,7642,4999
ERCO,"8/6/2022 11 a.m. CDT",9389,8925,3,120,24693,7666,4998
ERCO,"8/6/2022 12 p.m. CDT",7434,8966,3,160,29282,8621,4997
ERCO,"8/6/2022 1 p.m. CDT",7214,9031,24,162,31650,9704,4993
ERCO,"8/6/2022 2 p.m. CDT",8260,9110,27,206,32955,10061,4993
ERCO,"8/6/2022 3 p.m. CDT",8242,8787,33,275,35098,10240,4996
ERCO,"8/6/2022 4 p.m. CDT",8328,8149,116,281,36556,10338,4996
ERCO,"8/6/2022 5 p.m. CDT",9400,7504,116,205,36699,10449,4993
ERCO,"8/6/2022 6 p.m. CDT",10995,7071,116,172,35633,10310,4989
ERCO,"8/6/2022 7 p.m. CDT",13225,5887,33,180,33453,10245,4988
ERCO,"8/6/2022 8 p.m. CDT",15730,2450,27,198,32248,10139,4990
ERCO,"8/6/2022 9 p.m. CDT",17116,181,27,147,31024,10017,4992
ERCO,"8/6/2022 10 p.m. CDT",17727,0,27,156,29423,9428,4992
ERCO,"8/6/2022 11 p.m. CDT",18023,0,9,147,26954,8674,4993
ERCO,"8/7/2022 12 a.m. CDT",17581,0,3,132,24520,8439,4993
ERCO,"8/7/2022 1 a.m. CDT",16580,0,75,105,22961,7759,4995
ERCO,"8/7/2022 2 a.m. CDT",16276,0,105,71,20924,7583,4996
ERCO,"8/7/2022 3 a.m. CDT",16423,0,103,84,18966,7613,4997
ERCO,"8/7/2022 4 a.m. CDT",15715,0,44,84,18142,7598,4998
ERCO,"8/7/2022 5 a.m. CDT",14552,0,44,70,18185,7593,4998
ERCO,"8/7/2022 6 a.m. CDT",13528,0,44,76,18603,7606,4998
ERCO,"8/7/2022 7 a.m. CDT",12641,2,43,80,18975,7617,4999
ERCO,"8/7/2022 8 a.m. CDT",11365,1081,13,112,19389,7615,5001
ERCO,"8/7/2022 9 a.m. CDT",9970,5803,5,82,19767,7585,5000
ERCO,"8/7/2022 10 a.m. CDT",12197,8993,5,132,19006,7373,5004
ERCO,"8/7/2022 11 a.m. CDT",11553,9679,5,150,23390,7517,5005
ERCO,"8/7/2022 12 p.m. CDT",10111,9599,5,149,28602,8047,5004
ERCO,"8/7/2022 1 p.m. CDT",8705,9501,26,170,32086,9644,5001
ERCO,"8/7/2022 2 p.m. CDT",8750,8914,27,182,34677,10256,4996
ERCO,"8/7/2022 3 p.m. CDT",9319,8589,31,195,36462,10445,4992
ERCO,"8/7/2022 4 p.m. CDT",10214,8172,117,336,37072,10586,4989
ERCO,"8/7/2022 5 p.m. CDT",11150,8141,118,299,37354,10501,4987
ERCO,"8/7/2022 6 p.m. CDT",12034,7690,118,162,37211,10529,4987
ERCO,"8/7/2022 7 p.m. CDT",12669,6565,35,172,36607,10523,4987
ERCO,"8/7/2022 8 p.m. CDT",13194,3166,28,278,37116,10282,4988
ERCO,"8/7/2022 9 p.m. CDT",12537,200,27,273,38581,9959,4989
ERCO,"8/7/2022 10 p.m. CDT",12331,0,5,153,37029,9868,4990
ERCO,"8/7/2022 11 p.m. CDT",13369,0,5,168,32882,9249,4992
ERCO,"8/8/2022 12 a.m. CDT",14259,0,5,140,29444,7747,4993
ERCO,"8/8/2022 1 a.m. CDT",15069,0,77,88,26232,6797,4993
ERCO,"8/8/2022 2 a.m. CDT",15349,0,110,64,23816,6703,4994
ERCO,"8/8/2022 3 a.m. CDT",15318,0,100,85,21897,6668,4995
ERCO,"8/8/2022 4 a.m. CDT",14394,0,42,70,21569,6695,4996
ERCO,"8/8/2022 5 a.m. CDT",12901,0,42,63,22624,6699,4997
ERCO,"8/8/2022 6 a.m. CDT",11645,0,41,58,24455,6690,4997
ERCO,"8/8/2022 7 a.m. CDT",10641,1,11,83,26702,6750,4998
ERCO,"8/8/2022 8 a.m. CDT",9617,973,3,83,27631,6797,4999
ERCO,"8/8/2022 9 a.m. CDT",8347,5411,3,66,27356,6796,4998
ERCO,"8/8/2022 10 a.m. CDT",8837,8920,3,126,27243,6873,4998
ERCO,"8/8/2022 11 a.m. CDT",6438,9727,3,170,31958,7920,4997
ERCO,"8/8/2022 12 p.m. CDT",4274,9750,3,241,36719,9194,4995
ERCO,"8/8/2022 1 p.m. CDT",3586,9488,25,177,40709,9647,4992
ERCO,"8/8/2022 2 p.m. CDT",3971,9058,27,157,43413,10368,4987
ERCO,"8/8/2022 3 p.m. CDT",4480,8631,71,272,45089,10436,4981
ERCO,"8/8/2022 4 p.m. CDT",5596,8428,71,218,45812,10261,4979
ERCO,"8/8/2022 5 p.m. CDT",7074,8124,72,282,45174,10209,4980
ERCO,"8/8/2022 6 p.m. CDT",7146,7508,72,266,45249,10183,4980
ERCO,"8/8/2022 7 p.m. CDT",6965,6174,72,268,44963,10225,4981
ERCO,"8/8/2022 8 p.m. CDT",6502,2806,28,356,45649,10356,4982
ERCO,"8/8/2022 9 p.m. CDT",6962,147,25,293,45493,10232,4984
ERCO,"8/8/2022 10 p.m. CDT",8066,0,3,176,42460,10225,4986
ERCO,"8/8/2022 11 p.m. CDT",9079,0,3,154,38031,9826,4987
ERCO,"8/9/2022 12 a.m. CDT",10038,0,3,130,33992,8760,4988
ERCO,"8/9/2022 1 a.m. CDT",10997,0,74,67,30227,8250,4988
ERCO,"8/9/2022 2 a.m. CDT",11416,0,104,57,27859,7418,4990
ERCO,"8/9/2022 3 a.m. CDT",11019,0,130,56,26458,7305,4991
ERCO,"8/9/2022 4 a.m. CDT",10680,0,75,55,25818,7298,4993
ERCO,"8/9/2022 5 a.m. CDT",10277,0,43,60,25741,7303,4993
ERCO,"8/9/2022 6 a.m. CDT",8542,0,43,65,27873,7302,4992
ERCO,"8/9/2022 7 a.m. CDT",7573,1,13,85,29801,7380,4993
ERCO,"8/9/2022 8 a.m. CDT",5423,802,5,98,31647,7595,4994
ERCO,"8/9/2022 9 a.m. CDT",3392,5189,5,75,32004,7527,4993
ERCO,"8/9/2022 10 a.m. CDT",2714,7903,5,143,33699,7533,4996
ERCO,"8/9/2022 11 a.m. CDT",2161,8260,5,226,36826,8852,5006
ERCO,"8/9/2022 12 p.m. CDT",1426,8627,12,184,40090,10088,5005
ERCO,"8/9/2022 1 p.m. CDT",1370,8427,27,192,42993,10675,5000
ERCO,"8/9/2022 2 p.m. CDT",2012,8305,23,244,45325,10677,4992
ERCO,"8/9/2022 3 p.m. CDT",2889,7666,25,210,46425,10726,4976
ERCO,"8/9/2022 4 p.m. CDT",4674,6800,110,240,45561,10636,4973
ERCO,"8/9/2022 5 p.m. CDT",6198,6309,112,145,43856,10727,4972
ERCO,"8/9/2022 6 p.m. CDT",7085,6051,113,178,41645,10523,4972
ERCO,"8/9/2022 7 p.m. CDT",8697,4749,112,195,39724,10160,4971
ERCO,"8/9/2022 8 p.m. CDT",9823,2240,35,243,38807,10220,4972
ERCO,"8/9/2022 9 p.m. CDT",8546,106,27,217,40485,10347,4974
ERCO,"8/9/2022 10 p.m. CDT",8118,0,15,160,39051,10335,4976
ERCO,"8/9/2022 11 p.m. CDT",7644,0,4,154,36804,10044,4978
ERCO,"8/10/2022 12 a.m. CDT",6765,0,4,138,34887,8976,4979
ERCO,"8/10/2022 1 a.m. CDT",6459,0,75,88,32028,8521,4980
ERCO,"8/10/2022 2 a.m. CDT",6125,0,112,100,29834,8396,4976
ERCO,"8/10/2022 3 a.m. CDT",6034,0,129,82,28305,8366,4981
ERCO,"8/10/2022 4 a.m. CDT",6122,0,61,64,27220,8335,4982
ERCO,"8/10/2022 5 a.m. CDT",5851,0,61,64,27476,8066,4984
ERCO,"8/10/2022 6 a.m. CDT",5248,0,42,62,28955,8000,4985
ERCO,"8/10/2022 7 a.m. CDT",4904,1,12,71,30585,8075,4986
ERCO,"8/10/2022 8 a.m. CDT",4358,656,4,95,31275,7913,4987
ERCO,"8/10/2022 9 a.m. CDT",3346,3744,4,80,32069,7892,4987
ERCO,"8/10/2022 10 a.m. CDT",2628,6611,5,81,33091,8438,4987
ERCO,"8/10/2022 11 a.m. CDT",1762,7837,6,129,36170,9332,4986
ERCO,"8/10/2022 12 p.m. CDT",1430,8094,25,166,40054,9450,4985
ERCO,"8/10/2022 1 p.m. CDT",2646,7973,24,179,42869,9604,4983
ERCO,"8/10/2022 2 p.m. CDT",3993,7850,22,225,44741,9720,4978
ERCO,"8/10/2022 3 p.m. CDT",5250,7033,28,177,46154,9861,4974
ERCO,"8/10/2022 4 p.m. CDT",6952,6470,113,161,45872,9866,4975
ERCO,"8/10/2022 5 p.m. CDT",6664,6055,115,185,45670,9911,4972
ERCO,"8/10/2022 6 p.m. CDT",6330,5479,114,133,44232,9887,4966
ERCO,"8/10/2022 7 p.m. CDT",6663,4092,113,132,41974,9671,4965
ERCO,"8/10/2022 8 p.m. CDT",6767,2121,29,230,39330,9467,4966
ERCO,"8/10/2022 9 p.m. CDT",6493,126,8,163,39261,9749,4967
ERCO,"8/10/2022 10 p.m. CDT",5675,0,4,210,38021,9763,4969
ERCO,"8/10/2022 11 p.m. CDT",5183,0,4,139,35489,9269,4974
ERCO,"8/11/2022 12 a.m. CDT",4781,0,4,119,33484,8136,4977
ERCO,"8/11/2022 1 a.m. CDT",4449,0,75,269,30822,7836,4978
ERCO,"8/11/2022 2 a.m. CDT",3556,0,99,68,29781,7598,4980
ERCO,"8/11/2022 3 a.m. CDT",3248,0,125,72,28870,7502,4981
ERCO,"8/11/2022 4 a.m. CDT",2503,0,56,65,28709,7477,4984
ERCO,"8/11/2022 5 a.m. CDT",2253,0,57,63,28854,7489,4985
ERCO,"8/11/2022 6 a.m. CDT",1562,0,38,72,30365,7668,4987
ERCO,"8/11/2022 7 a.m. CDT",1080,0,8,73,32260,7896,4988
ERCO,"8/11/2022 8 a.m. CDT",817,675,0,151,32741,7918,4989
ERCO,"8/11/2022 9 a.m. CDT",455,4511,0,116,31713,7896,4990
ERCO,"8/11/2022 10 a.m. CDT",383,6767,0,105,33122,7918,4989
ERCO,"8/11/2022 11 a.m. CDT",401,7464,0,90,35699,8897,4989
ERCO,"8/11/2022 12 p.m. CDT",611,7861,20,211,38651,9416,4987
ERCO,"8/11/2022 1 p.m. CDT",861,7916,20,173,41998,9461,4987
ERCO,"8/11/2022 2 p.m. CDT",1613,8342,24,215,44130,9547,4987
ERCO,"8/11/2022 3 p.m. CDT",2793,8365,27,242,45154,9537,4986
ERCO,"8/11/2022 4 p.m. CDT",4280,8132,111,262,45443,9592,4986
ERCO,"8/11/2022 5 p.m. CDT",5475,7253,115,413,45557,9549,4983
ERCO,"8/11/2022 6 p.m. CDT",6657,6028,114,249,45049,9582,4978
ERCO,"8/11/2022 7 p.m. CDT",7546,3685,114,243,44417,9507,4975
ERCO,"8/11/2022 8 p.m. CDT",8327,1123,33,193,43704,9491,4976
ERCO,"8/11/2022 9 p.m. CDT",7829,48,4,192,42925,9478,4977
ERCO,"8/11/2022 10 p.m. CDT",8289,0,4,170,39929,9490,4977
ERCO,"8/11/2022 11 p.m. CDT",8760,0,4,137,36224,9139,4977
ERCO,"8/12/2022 12 a.m. CDT",9203,0,4,135,32811,8196,4977
ERCO,"8/12/2022 1 a.m. CDT",8546,0,75,87,30391,7860,4979
ERCO,"8/12/2022 2 a.m. CDT",7971,0,104,68,28463,7679,4980
ERCO,"8/12/2022 3 a.m. CDT",6847,0,130,64,27726,7558,4980
ERCO,"8/12/2022 4 a.m. CDT",5488,0,75,59,28111,7617,4981
ERCO,"8/12/2022 5 a.m. CDT",4458,0,62,59,28647,7736,4983
ERCO,"8/12/2022 6 a.m. CDT",3847,0,13,70,29722,7844,4983
ERCO,"8/12/2022 7 a.m. CDT",2964,1,5,79,31880,7908,4984
ERCO,"8/12/2022 8 a.m. CDT",2114,706,5,82,32626,7905,4985
ERCO,"8/12/2022 9 a.m. CDT",1208,4936,5,102,31870,7903,4986
ERCO,"8/12/2022 10 a.m. CDT",973,7937,5,129,32186,8867,4986
ERCO,"8/12/2022 11 a.m. CDT",1765,8768,5,198,34338,9465,4986
ERCO,"8/12/2022 12 p.m. CDT",1925,9214,24,183,37480,9565,4986
ERCO,"8/12/2022 1 p.m. CDT",1909,8547,26,240,41176,9916,4987
ERCO,"8/12/2022 2 p.m. CDT",2758,8032,26,240,42596,10115,4988
ERCO,"8/12/2022 3 p.m. CDT",3973,7626,30,289,43439,10385,4987
ERCO,"8/12/2022 4 p.m. CDT",4800,7899,116,175,43340,10425,4989
ERCO,"8/12/2022 5 p.m. CDT",6114,7976,116,215,42196,10289,4990
ERCO,"8/12/2022 6 p.m. CDT",6472,7426,116,255,41415,10352,4991
ERCO,"8/12/2022 7 p.m. CDT",6217,6319,115,232,40669,10451,4991
ERCO,"8/12/2022 8 p.m. CDT",6495,2840,30,364,41446,10567,4990
ERCO,"8/12/2022 9 p.m. CDT",6244,145,6,211,41712,10618,4990
ERCO,"8/12/2022 10 p.m. CDT",7358,0,5,175,38912,10518,4991
ERCO,"8/12/2022 11 p.m. CDT",8664,0,5,145,34944,10121,4991
ERCO,"8/13/2022 12 a.m. CDT",9072,0,5,126,32709,8558,4991
ERCO,"8/13/2022 1 a.m. CDT",9147,0,76,89,29830,8089,4991
ERCO,"8/13/2022 2 a.m. CDT",8324,0,99,64,28195,8052,4992
ERCO,"8/13/2022 3 a.m. CDT",7456,0,97,65,27398,7974,4992
ERCO,"8/13/2022 4 a.m. CDT",6574,0,39,62,26827,7882,4993
ERCO,"8/13/2022 5 a.m. CDT",5774,0,56,60,26810,7788,4993
ERCO,"8/13/2022 6 a.m. CDT",4878,0,8,70,27498,7863,4994
ERCO,"8/13/2022 7 a.m. CDT",4307,1,0,83,28006,7886,4994
ERCO,"8/13/2022 8 a.m. CDT",3936,893,0,134,27693,7998,4995
ERCO,"8/13/2022 9 a.m. CDT",2307,5678,0,106,27934,8049,4995
ERCO,"8/13/2022 10 a.m. CDT",1622,8441,0,134,29985,8097,4996
ERCO,"8/13/2022 11 a.m. CDT",1539,9247,0,144,32661,9135,4995
ERCO,"8/13/2022 12 p.m. CDT",1107,8549,18,218,36248,10157,4995
ERCO,"8/13/2022 1 p.m. CDT",1222,7867,21,130,39456,10632,4994
ERCO,"8/13/2022 2 p.m. CDT",1396,8317,33,189,40825,11041,4993
ERCO,"8/13/2022 3 p.m. CDT",1920,7745,115,220,42479,11086,4992
ERCO,"8/13/2022 4 p.m. CDT",2258,7380,116,226,43316,11061,4993
ERCO,"8/13/2022 5 p.m. CDT",3028,7251,116,266,43066,11029,4994
ERCO,"8/13/2022 6 p.m. CDT",3166,7037,116,424,42695,11038,4995
ERCO,"8/13/2022 7 p.m. CDT",3513,6100,29,188,42310,11055,4995
ERCO,"8/13/2022 8 p.m. CDT",4180,2569,24,291,42607,11094,4995
ERCO,"8/13/2022 9 p.m. CDT",5595,114,4,148,41676,11060,4994
ERCO,"8/13/2022 10 p.m. CDT",7111,10,4,147,38443,10816,4995
ERCO,"8/13/2022 11 p.m. CDT",8812,10,4,126,33957,10311,4995
ERCO,"8/14/2022 12 a.m. CDT",9449,10,4,112,31401,8832,4996
ERCO,"8/14/2022 1 a.m. CDT",9957,10,75,77,28428,8117,4997
ERCO,"8/14/2022 2 a.m. CDT",9951,10,99,60,26128,7789,4996
ERCO,"8/14/2022 3 a.m. CDT",9931,10,96,57,24380,7725,4997
ERCO,"8/14/2022 4 a.m. CDT",9524,10,38,58,23297,7719,4997
ERCO,"8/14/2022 5 a.m. CDT",9032,10,57,56,22364,7723,4998
ERCO,"8/14/2022 6 a.m. CDT",8860,1,8,62,21866,7726,4998
ERCO,"8/14/2022 7 a.m. CDT",7843,1,0,88,22530,7717,4997
ERCO,"8/14/2022 8 a.m. CDT",6801,726,0,112,22970,7706,4998
ERCO,"8/14/2022 9 a.m. CDT",4967,4944,0,116,23765,7684,4998
ERCO,"8/14/2022 10 a.m. CDT",3934,7915,0,136,25622,7709,4999
ERCO,"8/14/2022 11 a.m. CDT",3871,8623,0,159,28503,8352,4999
ERCO,"8/14/2022 12 p.m. CDT",3357,8595,20,186,31230,9926,5000
ERCO,"8/14/2022 1 p.m. CDT",4037,8005,20,180,33660,10423,4999
ERCO,"8/14/2022 2 p.m. CDT",4778,8041,29,163,34944,10491,4998
ERCO,"8/14/2022 3 p.m. CDT",5177,8048,113,208,36577,10544,4997
ERCO,"8/14/2022 4 p.m. CDT",5384,8039,114,241,37998,10578,4997
ERCO,"8/14/2022 5 p.m. CDT",5298,7857,114,216,38990,10692,4996
ERCO,"8/14/2022 6 p.m. CDT",5810,7577,114,300,38964,10637,4995
ERCO,"8/14/2022 7 p.m. CDT",6600,6122,30,192,38903,10642,4995
ERCO,"8/14/2022 8 p.m. CDT",7898,2592,25,365,38776,10665,4995
ERCO,"8/14/2022 9 p.m. CDT",10465,130,4,148,37428,10526,4996
ERCO,"8/14/2022 10 p.m. CDT",13268,0,4,151,32710,10343,4997
ERCO,"8/14/2022 11 p.m. CDT",15561,0,4,143,27739,9333,4996
ERCO,"8/15/2022 12 a.m. CDT",17125,0,4,121,23912,7941,4997
ERCO,"8/15/2022 1 a.m. CDT",16498,0,75,75,21854,7471,4997
ERCO,"8/15/2022 2 a.m. CDT",15667,0,98,70,20091,7597,4998
ERCO,"8/15/2022 3 a.m. CDT",14136,0,69,68,20082,7704,4997
ERCO,"8/15/2022 4 a.m. CDT",12550,0,39,77,20586,7706,4998
ERCO,"8/15/2022 5 a.m. CDT",11655,0,57,68,21156,7706,4998
ERCO,"8/15/2022 6 a.m. CDT",10852,0,1,75,22919,7654,4999
ERCO,"8/15/2022 7 a.m. CDT",11005,1,0,104,24192,7632,4999
ERCO,"8/15/2022 8 a.m. CDT",10749,738,0,118,24529,7591,4999
ERCO,"8/15/2022 9 a.m. CDT",8617,4957,0,145,25081,7617,4999
ERCO,"8/15/2022 10 a.m. CDT",9164,7662,0,157,25268,7493,4998
ERCO,"8/15/2022 11 a.m. CDT",9470,8304,0,183,27546,8244,4998
ERCO,"8/15/2022 12 p.m. CDT",9901,8549,20,221,29574,9474,4997
ERCO,"8/15/2022 1 p.m. CDT",10337,8340,20,173,32478,10023,4997
ERCO,"8/15/2022 2 p.m. CDT",11022,8220,23,210,34617,10228,4995
ERCO,"8/15/2022 3 p.m. CDT",11790,8228,110,284,36236,10332,4991
ERCO,"8/15/2022 4 p.m. CDT",12389,7864,112,210,37417,10368,4989
ERCO,"8/15/2022 5 p.m. CDT",12908,7054,111,209,38243,10329,4987
ERCO,"8/15/2022 6 p.m. CDT",13480,6620,110,146,37676,10298,4986
ERCO,"8/15/2022 7 p.m. CDT",13764,5133,26,179,37225,10282,4986
ERCO,"8/15/2022 8 p.m. CDT",13327,2010,19,354,37777,10329,4986
ERCO,"8/15/2022 9 p.m. CDT",12183,110,0,338,38403,10375,4987
ERCO,"8/15/2022 10 p.m. CDT",12561,0,0,180,35325,10425,4989
ERCO,"8/15/2022 11 p.m. CDT",12971,0,0,144,31116,10030,4990
ERCO,"8/16/2022 12 a.m. CDT",13364,0,0,119,27780,8855,4990
ERCO,"8/16/2022 1 a.m. CDT",12952,0,71,88,25058,8514,4991
ERCO,"8/16/2022 2 a.m. CDT",12557,0,120,75,22916,8519,4991
ERCO,"8/16/2022 3 a.m. CDT",11391,0,56,71,22417,8471,4992
ERCO,"8/16/2022 4 a.m. CDT",10283,0,37,60,22728,8445,4992
ERCO,"8/16/2022 5 a.m. CDT",9409,0,8,64,23164,8438,4993
ERCO,"8/16/2022 6 a.m. CDT",8161,0,0,59,25224,8456,4993
ERCO,"8/16/2022 7 a.m. CDT",7079,1,0,88,27773,8476,4994
ERCO,"8/16/2022 8 a.m. CDT",6472,639,0,136,28306,8538,4994
ERCO,"8/16/2022 9 a.m. CDT",4825,3097,22,186,30090,8796,4994
ERCO,"8/16/2022 10 a.m. CDT",4784,4899,22,177,31814,8842,4994
ERCO,"8/16/2022 11 a.m. CDT",4984,5692,23,163,33579,9763,4993
ERCO,"8/16/2022 12 p.m. CDT",4892,6528,23,161,36256,10344,4991
ERCO,"8/16/2022 1 p.m. CDT",4987,6824,4,175,39248,10544,4990
ERCO,"8/16/2022 2 p.m. CDT",5722,7239,88,215,41339,10692,4986
ERCO,"8/16/2022 3 p.m. CDT",6506,6709,89,194,43375,10887,4984
ERCO,"8/16/2022 4 p.m. CDT",7155,5952,89,247,44839,10907,4982
ERCO,"8/16/2022 5 p.m. CDT",7672,5141,89,367,45499,10879,4981
ERCO,"8/16/2022 6 p.m. CDT",7929,5046,89,222,45619,10839,4981
ERCO,"8/16/2022 7 p.m. CDT",8203,3663,90,285,45198,10852,4980
ERCO,"8/16/2022 8 p.m. CDT",7980,963,7,413,45274,10911,4982
ERCO,"8/16/2022 9 p.m. CDT",7300,24,0,301,44303,11095,4982
ERCO,"8/16/2022 10 p.m. CDT",7617,0,0,157,41075,11216,4984
ERCO,"8/16/2022 11 p.m. CDT",8074,0,0,140,37061,10771,4985
ERCO,"8/17/2022 12 a.m. CDT",8091,0,0,120,33750,9698,4986
ERCO,"8/17/2022 1 a.m. CDT",8329,0,70,64,30194,9359,4987
ERCO,"8/17/2022 2 a.m. CDT",8751,0,97,66,27351,9037,4988
ERCO,"8/17/2022 3 a.m. CDT",9795,0,55,62,24703,8956,4988
ERCO,"8/17/2022 4 a.m. CDT",9621,0,0,54,23870,8978,4990
ERCO,"8/17/2022 5 a.m. CDT",9089,0,0,73,23993,8973,4990
ERCO,"8/17/2022 6 a.m. CDT",8982,0,0,91,24851,8952,4991
ERCO,"8/17/2022 7 a.m. CDT",8376,0,0,124,27246,8759,4991
ERCO,"8/17/2022 8 a.m. CDT",7462,661,0,148,28160,8602,4992
ERCO,"8/17/2022 9 a.m. CDT",4738,4227,0,122,29527,8625,4992
ERCO,"8/17/2022 10 a.m. CDT",3484,6753,0,146,30598,9836,4992
ERCO,"8/17/2022 11 a.m. CDT",3023,8356,0,144,33157,10524,4991
ERCO,"8/17/2022 12 p.m. CDT",2535,8637,0,166,37412,10668,4993
ERCO,"8/17/2022 1 p.m. CDT",2302,8520,0,185,41550,11017,4993
ERCO,"8/17/2022 2 p.m. CDT",2843,8372,5,159,44498,11225,4986
ERCO,"8/17/2022 3 p.m. CDT",3785,7873,110,192,46438,11484,4978
ERCO,"8/17/2022 4 p.m. CDT",4393,7315,112,318,47258,11545,4975
ERCO,"8/17/2022 5 p.m. CDT",5551,7095,112,343,47273,11457,4973
ERCO,"8/17/2022 6 p.m. CDT",7064,6840,112,151,46420,11192,4973
ERCO,"8/17/2022 7 p.m. CDT",9067,4600,113,166,45222,10968,4974
ERCO,"8/17/2022 8 p.m. CDT",10936,1403,90,201,43814,10899,4976
ERCO,"8/17/2022 9 p.m. CDT",11856,26,8,353,41682,10947,4978
ERCO,"8/17/2022 10 p.m. CDT",12218,0,0,188,37867,11008,4979
ERCO,"8/17/2022 11 p.m. CDT",11650,0,0,143,33605,10679,4981
ERCO,"8/18/2022 12 a.m. CDT",11303,0,0,128,29879,9992,4981
ERCO,"8/18/2022 1 a.m. CDT",10267,0,70,94,28491,8532,4983
ERCO,"8/18/2022 2 a.m. CDT",8131,0,98,71,28404,8067,4984
ERCO,"8/18/2022 3 a.m. CDT",5756,0,95,64,28821,8031,4985
ERCO,"8/18/2022 4 a.m. CDT",4248,0,18,54,28916,8016,4987
ERCO,"8/18/2022 5 a.m. CDT",3541,0,0,53,29331,8027,4987
ERCO,"8/18/2022 6 a.m. CDT",3596,0,0,56,29965,8038,4989
ERCO,"8/18/2022 7 a.m. CDT",3541,0,0,82,32349,8071,4989
ERCO,"8/18/2022 8 a.m. CDT",4588,343,0,54,31307,8014,4991
ERCO,"8/18/2022 9 a.m. CDT",5627,2583,0,62,29826,8032,4991
ERCO,"8/18/2022 10 a.m. CDT",5866,4790,0,78,30248,8053,4992
ERCO,"8/18/2022 11 a.m. CDT",4960,6286,0,157,32533,8343,4992
ERCO,"8/18/2022 12 p.m. CDT",3807,7248,0,102,34300,9805,4989
ERCO,"8/18/2022 1 p.m. CDT",2693,7903,0,153,36199,10739,4988
ERCO,"8/18/2022 2 p.m. CDT",2572,7220,0,156,38802,11020,4984
ERCO,"8/18/2022 3 p.m. CDT",3393,6841,17,186,39499,10950,4979
ERCO,"8/18/2022 4 p.m. CDT",4034,7010,21,170,39289,10894,4973
ERCO,"8/18/2022 5 p.m. CDT",4982,6857,21,125,38096,10795,4969
ERCO,"8/18/2022 6 p.m. CDT",6661,6176,21,178,34757,10601,4968
ERCO,"8/18/2022 7 p.m. CDT",8171,4516,22,148,32678,10541,4974
ERCO,"8/18/2022 8 p.m. CDT",8710,1725,4,230,33101,10490,4999
ERCO,"8/18/2022 9 p.m. CDT",7663,55,0,146,34489,10546,5003
ERCO,"8/18/2022 10 p.m. CDT",6169,0,0,99,33826,10706,5004
ERCO,"8/18/2022 11 p.m. CDT",5727,0,0,72,32294,9568,5006
ERCO,"8/19/2022 12 a.m. CDT",5890,0,0,81,29401,8667,5008
ERCO,"8/19/2022 1 a.m. CDT",6103,0,70,70,26878,8000,5010
ERCO,"8/19/2022 2 a.m. CDT",5853,0,97,58,25402,7688,5012
ERCO,"8/19/2022 3 a.m. CDT",5506,0,55,56,24528,7672,5008
ERCO,"8/19/2022 4 a.m. CDT",4727,0,0,57,24806,7678,5008
ERCO,"8/19/2022 5 a.m. CDT",3605,0,0,54,25763,7753,5013
ERCO,"8/19/2022 6 a.m. CDT",2942,0,0,65,27206,8078,5015
ERCO,"8/19/2022 7 a.m. CDT",2949,0,0,73,29429,8099,5017
ERCO,"8/19/2022 8 a.m. CDT",2884,318,0,78,30487,8152,5017
ERCO,"8/19/2022 9 a.m. CDT",2201,3246,0,60,29583,8103,5020
ERCO,"8/19/2022 10 a.m. CDT",2625,5392,0,100,29072,8007,5022
ERCO,"8/19/2022 11 a.m. CDT",2547,5950,0,171,31015,8243,5024
ERCO,"8/19/2022 12 p.m. CDT",2141,7295,0,172,32159,8882,5026
ERCO,"8/19/2022 1 p.m. CDT",1777,7597,0,159,33562,10384,5027
ERCO,"8/19/2022 2 p.m. CDT",2321,7262,3,169,34964,10901,5028
ERCO,"8/19/2022 3 p.m. CDT",3602,6636,19,213,35588,10899,5029
ERCO,"8/19/2022 4 p.m. CDT",5528,5850,21,235,35007,10797,5029
ERCO,"8/19/2022 5 p.m. CDT",7395,4981,21,249,34529,10527,5029
ERCO,"8/19/2022 6 p.m. CDT",8812,4450,21,290,33174,10406,5029
ERCO,"8/19/2022 7 p.m. CDT",9739,3218,20,170,32234,10428,5028
ERCO,"8/19/2022 8 p.m. CDT",10026,873,0,101,32425,10434,5029
ERCO,"8/19/2022 9 p.m. CDT",11243,5,0,106,30671,10403,5030
ERCO,"8/19/2022 10 p.m. CDT",11989,0,0,56,28597,9932,5031
ERCO,"8/19/2022 11 p.m. CDT",12631,0,0,26,26798,8605,5031
ERCO,"8/20/2022 12 a.m. CDT",12804,0,0,33,24171,8048,5030
ERCO,"8/20/2022 1 a.m. CDT",11713,0,70,30,23434,7679,5030
ERCO,"8/20/2022 2 a.m. CDT",10041,0,98,21,22999,7667,5030
ERCO,"8/20/2022 3 a.m. CDT",9650,0,57,3,21747,7656,5030
ERCO,"8/20/2022 4 a.m. CDT",9719,0,37,4,20705,7651,5031
ERCO,"8/20/2022 5 a.m. CDT",9453,0,0,4,20456,7666,5030
ERCO,"8/20/2022 6 a.m. CDT",9472,0,0,4,20677,7687,5030
ERCO,"8/20/2022 7 a.m. CDT",9354,0,0,25,21291,7691,5031
ERCO,"8/20/2022 8 a.m. CDT",8546,409,0,41,22386,7697,5031
ERCO,"8/20/2022 9 a.m. CDT",7258,2535,0,71,24026,7784,5031
ERCO,"8/20/2022 10 a.m. CDT",8129,4649,0,136,24672,7701,5031
ERCO,"8/20/2022 11 a.m. CDT",8489,5190,0,178,27618,7935,5031
ERCO,"8/20/2022 12 p.m. CDT",7924,5916,0,141,30571,8579,5028
ERCO,"8/20/2022 1 p.m. CDT",8025,6137,0,131,31746,9862,5027
ERCO,"8/20/2022 2 p.m. CDT",8375,5836,0,86,33312,10477,5027
ERCO,"8/20/2022 3 p.m. CDT",9860,6047,20,119,32813,10459,5027
ERCO,"8/20/2022 4 p.m. CDT",12694,6304,21,145,30559,10404,5028
ERCO,"8/20/2022 5 p.m. CDT",13994,5758,21,285,30324,10688,5026
ERCO,"8/20/2022 6 p.m. CDT",13445,4549,22,360,31791,10942,5024
ERCO,"8/20/2022 7 p.m. CDT",13439,2618,22,218,31713,10919,5023
ERCO,"8/20/2022 8 p.m. CDT",12627,464,1,155,32408,10860,5023
ERCO,"8/20/2022 9 p.m. CDT",11971,4,0,178,31940,10882,5024
ERCO,"8/20/2022 10 p.m. CDT",11996,0,0,114,30100,10691,5024
ERCO,"8/20/2022 11 p.m. CDT",12562,0,0,150,27533,9700,5025
ERCO,"8/21/2022 12 a.m. CDT",10982,0,0,83,26998,9002,5027
ERCO,"8/21/2022 1 a.m. CDT",9113,0,70,73,26527,8541,5028
ERCO,"8/21/2022 2 a.m. CDT",8241,0,98,55,25378,8386,5029
ERCO,"8/21/2022 3 a.m. CDT",8577,0,70,55,23994,7968,5030
ERCO,"8/21/2022 4 a.m. CDT",8945,0,8,58,22578,7978,5030
ERCO,"8/21/2022 5 a.m. CDT",8902,0,0,56,21996,7980,5031
ERCO,"8/21/2022 6 a.m. CDT",8576,0,0,53,22111,7979,5031
ERCO,"8/21/2022 7 a.m. CDT",8023,0,0,77,22518,7960,5031
ERCO,"8/21/2022 8 a.m. CDT",7480,202,0,91,23092,7969,5032
ERCO,"8/21/2022 9 a.m. CDT",7034,1617,0,63,24272,7957,5033
ERCO,"8/21/2022 10 a.m. CDT",6921,3467,0,99,25671,8140,5033
ERCO,"8/21/2022 11 a.m. CDT",6616,4323,0,110,27924,8372,5033
ERCO,"8/21/2022 12 p.m. CDT",6704,5211,1,84,28922,8797,5032
ERCO,"8/21/2022 1 p.m. CDT",6789,6091,0,121,28880,9949,5031
ERCO,"8/21/2022 2 p.m. CDT",6624,6499,1,235,30226,10532,5029
ERCO,"8/21/2022 3 p.m. CDT",6398,6908,19,279,31934,10671,5027
ERCO,"8/21/2022 4 p.m. CDT",6866,6339,19,325,32927,10687,5025
ERCO,"8/21/2022 5 p.m. CDT",7219,5496,19,367,33546,10805,5024
ERCO,"8/21/2022 6 p.m. CDT",7788,4788,19,339,33696,10951,5024
ERCO,"8/21/2022 7 p.m. CDT",8602,3764,19,297,33251,10938,5024
ERCO,"8/21/2022 8 p.m. CDT",8976,1292,1,247,33824,11156,5025
ERCO,"8/21/2022 9 p.m. CDT",8918,22,2,153,34002,11412,5026
ERCO,"8/21/2022 10 p.m. CDT",8233,0,1,105,33111,11080,5025
ERCO,"8/21/2022 11 p.m. CDT",7494,0,0,77,31589,10338,5025
ERCO,"8/22/2022 12 a.m. CDT",7285,0,0,94,29683,8907,5026
ERCO,"8/22/2022 1 a.m. CDT",7520,0,70,59,27326,8252,5026
ERCO,"8/22/2022 2 a.m. CDT",7560,0,98,60,25497,8127,5026
ERCO,"8/22/2022 3 a.m. CDT",8027,0,27,58,24154,7963,5027
ERCO,"8/22/2022 4 a.m. CDT",8152,0,1,61,23757,7892,5028
ERCO,"8/22/2022 5 a.m. CDT",7744,0,1,60,24153,7885,5029
ERCO,"8/22/2022 6 a.m. CDT",7663,0,1,72,25540,7866,5029
ERCO,"8/22/2022 7 a.m. CDT",8227,0,1,89,27297,7865,5030
ERCO,"8/22/2022 8 a.m. CDT",8424,155,0,148,27578,7853,5031
ERCO,"8/22/2022 9 a.m. CDT",8949,1218,1,65,27295,7772,5032
ERCO,"8/22/2022 10 a.m. CDT",10475,2443,30,86,26728,7662,5032
ERCO,"8/22/2022 11 a.m. CDT",10824,3629,50,101,27676,7545,5031
ERCO,"8/22/2022 12 p.m. CDT",10093,4929,49,112,28686,8032,5030
ERCO,"8/22/2022 1 p.m. CDT",9287,5304,21,139,29531,9444,5029
ERCO,"8/22/2022 2 p.m. CDT",8609,5512,2,159,30772,10135,5027
ERCO,"8/22/2022 3 p.m. CDT",9085,5448,18,169,31241,10212,5026
ERCO,"8/22/2022 4 p.m. CDT",9409,5403,21,195,31507,10206,5026
ERCO,"8/22/2022 5 p.m. CDT",9454,4641,21,268,32358,10264,5024
ERCO,"8/22/2022 6 p.m. CDT",9230,3654,56,194,32998,10395,5024
ERCO,"8/22/2022 7 p.m. CDT",8649,2513,76,238,32863,10383,5025
ERCO,"8/22/2022 8 p.m. CDT",7694,778,21,369,33437,10464,5024
ERCO,"8/22/2022 9 p.m. CDT",6715,24,6,205,33989,10524,5024
ERCO,"8/22/2022 10 p.m. CDT",6268,0,4,133,32933,10377,5024
ERCO,"8/22/2022 11 p.m. CDT",6108,0,2,100,31450,9556,5025
ERCO,"8/23/2022 12 a.m. CDT",4910,0,2,85,30267,8484,5026
ERCO,"8/23/2022 1 a.m. CDT",3835,0,43,80,28629,7839,5028
ERCO,"8/23/2022 2 a.m. CDT",3412,0,70,83,27337,7762,5028
ERCO,"8/23/2022 3 a.m. CDT",2699,0,20,79,27093,7551,5029
ERCO,"8/23/2022 4 a.m. CDT",2457,0,2,69,26989,7371,5030
ERCO,"8/23/2022 5 a.m. CDT",1952,0,2,73,27610,7332,5031
ERCO,"8/23/2022 6 a.m. CDT",1899,0,2,74,29130,7344,5032
ERCO,"8/23/2022 7 a.m. CDT",1843,0,3,149,30804,7686,5033
ERCO,"8/23/2022 8 a.m. CDT",1920,134,4,188,31537,7646,5034
ERCO,"8/23/2022 9 a.m. CDT",1617,1546,3,116,31865,7374,5034
ERCO,"8/23/2022 10 a.m. CDT",1741,3219,3,269,31683,7358,5034
ERCO,"8/23/2022 11 a.m. CDT",2366,4096,3,197,32224,7417,5035
ERCO,"8/23/2022 12 p.m. CDT",2562,4801,3,121,32951,7867,5038
ERCO,"8/23/2022 1 p.m. CDT",2415,5740,3,111,32846,9022,5037
ERCO,"8/23/2022 2 p.m. CDT",2449,6067,4,185,33620,9750,5035
ERCO,"8/23/2022 3 p.m. CDT",2813,6097,23,180,34749,9871,5034
ERCO,"8/23/2022 4 p.m. CDT",3036,6236,24,320,35749,10076,5029
ERCO,"8/23/2022 5 p.m. CDT",3846,6377,22,211,36439,10119,5029
ERCO,"8/23/2022 6 p.m. CDT",4970,5672,19,187,36930,10149,5028
ERCO,"8/23/2022 7 p.m. CDT",6299,4388,19,205,36036,10097,5027
ERCO,"8/23/2022 8 p.m. CDT",5729,1316,0,410,37077,10159,5026
ERCO,"8/23/2022 9 p.m. CDT",4953,23,0,291,37822,10133,5027
ERCO,"8/23/2022 10 p.m. CDT",4892,0,0,87,36380,10134,5027
ERCO,"8/23/2022 11 p.m. CDT",5131,0,0,72,34008,9117,5028
ERCO,"8/24/2022 12 a.m. CDT",4938,0,0,106,31716,7852,5029
ERCO,"8/24/2022 1 a.m. CDT",4156,0,70,81,30358,7326,5029
ERCO,"8/24/2022 2 a.m. CDT",3841,0,87,66,28983,7316,5029
ERCO,"8/24/2022 3 a.m. CDT",3392,0,32,61,28267,7322,5029
ERCO,"8/24/2022 4 a.m. CDT",2937,0,0,66,28174,7318,5029
ERCO,"8/24/2022 5 a.m. CDT",2446,0,0,72,28675,7316,5030
ERCO,"8/24/2022 6 a.m. CDT",1976,0,0,106,29923,7341,5031
ERCO,"8/24/2022 7 a.m. CDT",1696,0,0,96,31823,7631,5031
ERCO,"8/24/2022 8 a.m. CDT",1357,297,0,78,32755,7377,5032
ERCO,"8/24/2022 9 a.m. CDT",838,2826,18,74,32495,7323,5032
ERCO,"8/24/2022 10 a.m. CDT",548,5190,19,74,32152,7314,5033
ERCO,"8/24/2022 11 a.m. CDT",1010,6176,20,91,32437,7729,5033
ERCO,"8/24/2022 12 p.m. CDT",1357,7052,19,104,32437,8740,5034
ERCO,"8/24/2022 1 p.m. CDT",1301,7057,2,135,34103,9626,5031
ERCO,"8/24/2022 2 p.m. CDT",1618,7000,0,151,36005,9938,5003
ERCO,"8/24/2022 3 p.m. CDT",2298,7106,0,123,36552,10001,5003
ERCO,"8/24/2022 4 p.m. CDT",3792,6894,0,202,36334,9870,5003
ERCO,"8/24/2022 5 p.m. CDT",4858,5522,0,173,37135,9892,5003
ERCO,"8/24/2022 6 p.m. CDT",5231,5238,0,272,37127,10025,5003
ERCO,"8/24/2022 7 p.m. CDT",5829,3726,0,213,36946,10200,5002
ERCO,"8/24/2022 8 p.m. CDT",6133,1155,0,318,36838,10303,5003
ERCO,"8/24/2022 9 p.m. CDT",5846,175,0,328,36894,10378,5003
ERCO,"8/24/2022 10 p.m. CDT",5539,148,0,114,35224,10473,5004
ERCO,"8/24/2022 11 p.m. CDT",4953,40,0,89,32954,9783,5004
ERCO,"8/25/2022 12 a.m. CDT",4208,0,0,77,31020,8557,5004
ERCO,"8/25/2022 1 a.m. CDT",3470,0,70,59,29051,8055,5005
ERCO,"8/25/2022 2 a.m. CDT",2974,0,18,62,27739,7931,5005
ERCO,"8/25/2022 3 a.m. CDT",2366,0,0,66,27336,7711,5006
ERCO,"8/25/2022 4 a.m. CDT",2073,0,0,60,26858,7686,5006
ERCO,"8/25/2022 5 a.m. CDT",1665,0,0,57,27278,7688,5006
ERCO,"8/25/2022 6 a.m. CDT",1412,0,0,63,28516,7910,5007
ERCO,"8/25/2022 7 a.m. CDT",1308,0,0,100,30641,8013,5007
ERCO,"8/25/2022 8 a.m. CDT",1233,394,0,59,30965,8013,5008
ERCO,"8/25/2022 9 a.m. CDT",734,3455,18,76,30589,8014,5009
ERCO,"8/25/2022 10 a.m. CDT",524,5605,48,71,31242,8013,5008
ERCO,"8/25/2022 11 a.m. CDT",840,6600,19,80,33003,8439,5008
ERCO,"8/25/2022 12 p.m. CDT",1013,7039,20,81,34963,9143,5009
ERCO,"8/25/2022 1 p.m. CDT",781,7082,1,98,36921,10208,5008
ERCO,"8/25/2022 2 p.m. CDT",1052,7151,0,112,38441,10852,5007
ERCO,"8/25/2022 3 p.m. CDT",2198,7128,4,176,39113,10848,5006
ERCO,"8/25/2022 4 p.m. CDT",2997,6184,4,312,40431,10929,5006
ERCO,"8/25/2022 5 p.m. CDT",2862,6213,4,308,41624,10986,5005
ERCO,"8/25/2022 6 p.m. CDT",2412,6088,4,246,41977,11023,5004
ERCO,"8/25/2022 7 p.m. CDT",2385,4890,4,316,41832,11025,5004
ERCO,"8/25/2022 8 p.m. CDT",2734,1699,4,282,42160,11038,5004
ERCO,"8/25/2022 9 p.m. CDT",3108,26,4,194,41800,10981,5003
ERCO,"8/25/2022 10 p.m. CDT",3884,0,4,103,39078,10876,5004
ERCO,"8/25/2022 11 p.m. CDT",4719,0,4,72,35880,9566,5004
ERCO,"8/26/2022 12 a.m. CDT",5004,0,4,75,32741,8456,5004
ERCO,"8/26/2022 1 a.m. CDT",5395,0,74,57,29324,7983,5004
ERCO,"8/26/2022 2 a.m. CDT",5392,0,55,52,27373,7677,5005
ERCO,"8/26/2022 3 a.m. CDT",5243,0,28,59,26201,7588,5006
ERCO,"8/26/2022 4 a.m. CDT",4573,0,0,55,25759,7625,5006
ERCO,"8/26/2022 5 a.m. CDT",3819,0,0,57,26228,7620,5007
ERCO,"8/26/2022 6 a.m. CDT",3473,0,0,59,27613,7666,5007
ERCO,"8/26/2022 7 a.m. CDT",2812,0,0,179,29964,7929,5007
ERCO,"8/26/2022 8 a.m. CDT",2280,461,0,155,30934,7902,5007
ERCO,"8/26/2022 9 a.m. CDT",1345,4256,18,63,30353,7761,5007
ERCO,"8/26/2022 10 a.m. CDT",786,7583,19,103,31056,7609,5007
ERCO,"8/26/2022 11 a.m. CDT",936,8582,19,115,32851,8327,5007
ERCO,"8/26/2022 12 p.m. CDT",860,8637,19,154,35712,9118,5006
ERCO,"8/26/2022 1 p.m. CDT",698,8116,1,163,38593,10117,5006
ERCO,"8/26/2022 2 p.m. CDT",1084,7535,6,183,40500,10586,5002
ERCO,"8/26/2022 3 p.m. CDT",2021,6572,4,190,41844,10560,4997
ERCO,"8/26/2022 4 p.m. CDT",2243,6591,4,219,42251,10621,4991
ERCO,"8/26/2022 5 p.m. CDT",2695,7026,4,201,41995,10551,4987
ERCO,"8/26/2022 6 p.m. CDT",2738,6627,4,230,41960,10588,4988
ERCO,"8/26/2022 7 p.m. CDT",3087,5317,5,207,41230,10559,4986
ERCO,"8/26/2022 8 p.m. CDT",3992,1605,6,166,41466,10567,4983
ERCO,"8/26/2022 9 p.m. CDT",5369,32,6,237,39632,10514,4983
ERCO,"8/26/2022 10 p.m. CDT",7938,0,6,220,34945,10324,4986
ERCO,"8/26/2022 11 p.m. CDT",10371,0,6,70,31087,8858,4987
ERCO,"8/27/2022 12 a.m. CDT",12037,0,6,91,27270,7834,4989
ERCO,"8/27/2022 1 a.m. CDT",12870,0,34,75,24364,6887,4990
ERCO,"8/27/2022 2 a.m. CDT",12303,0,48,60,22823,6524,4991
ERCO,"8/27/2022 3 a.m. CDT",12104,0,28,58,21391,6533,4992
ERCO,"8/27/2022 4 a.m. CDT",11821,0,0,56,20363,6572,4993
ERCO,"8/27/2022 5 a.m. CDT",10381,0,0,56,20677,6748,4993
ERCO,"8/27/2022 6 a.m. CDT",9228,0,0,66,21618,6858,4993
ERCO,"8/27/2022 7 a.m. CDT",9083,0,0,67,21866,7019,4992
ERCO,"8/27/2022 8 a.m. CDT",8306,453,1,75,22509,7300,4994
ERCO,"8/27/2022 9 a.m. CDT",6072,4260,19,72,23864,7296,4994
ERCO,"8/27/2022 10 a.m. CDT",5150,7570,19,91,25692,7298,4996
ERCO,"8/27/2022 11 a.m. CDT",6097,8992,19,81,27098,7856,4996
ERCO,"8/27/2022 12 p.m. CDT",6261,9194,19,117,29309,8818,4995
ERCO,"8/27/2022 1 p.m. CDT",6270,9220,0,98,31478,9976,4994
ERCO,"8/27/2022 2 p.m. CDT",6807,9177,6,100,33088,10276,4992
ERCO,"8/27/2022 3 p.m. CDT",6943,8518,6,199,34808,10454,4989
ERCO,"8/27/2022 4 p.m. CDT",7454,8106,6,234,35652,10631,4983
ERCO,"8/27/2022 5 p.m. CDT",8140,7965,6,222,35913,10593,4976
ERCO,"8/27/2022 6 p.m. CDT",9338,7815,6,126,35507,10430,4972
ERCO,"8/27/2022 7 p.m. CDT",11103,6169,6,218,34515,10003,4974
ERCO,"8/27/2022 8 p.m. CDT",11300,1733,6,482,35572,10086,4975
ERCO,"8/27/2022 9 p.m. CDT",12245,7,6,209,34494,10002,4978
ERCO,"8/27/2022 10 p.m. CDT",14045,0,6,117,30812,9709,4981
ERCO,"8/27/2022 11 p.m. CDT",15448,0,6,122,27201,8920,4985
ERCO,"8/28/2022 12 a.m. CDT",17186,0,6,101,23738,7738,4986
ERCO,"8/28/2022 1 a.m. CDT",17234,0,35,68,21354,7182,4987
ERCO,"8/28/2022 2 a.m. CDT",17865,0,47,57,18679,6853,4988
ERCO,"8/28/2022 3 a.m. CDT",18170,0,2,66,16701,6840,4988
ERCO,"8/28/2022 4 a.m. CDT",17177,0,0,66,16123,6878,4989
ERCO,"8/28/2022 5 a.m. CDT",15394,0,0,67,16753,6926,4990
ERCO,"8/28/2022 6 a.m. CDT",14315,0,0,72,17354,6974,4991
ERCO,"8/28/2022 7 a.m. CDT",14075,0,0,90,17338,7171,4991
ERCO,"8/28/2022 8 a.m. CDT",13966,585,1,95,16733,7538,4993
ERCO,"8/28/2022 9 a.m. CDT",12216,5059,18,60,17171,7573,4993
ERCO,"8/28/2022 10 a.m. CDT",12313,8523,18,101,18314,7564,4993
ERCO,"8/28/2022 11 a.m. CDT",10685,9438,18,106,23212,7638,4993
ERCO,"8/28/2022 12 p.m. CDT",8471,9731,19,96,27664,9124,4992
ERCO,"8/28/2022 1 p.m. CDT",7796,9645,1,98,31003,10256,4991
ERCO,"8/28/2022 2 p.m. CDT",7331,9272,4,75,34480,10576,4989
ERCO,"8/28/2022 3 p.m. CDT",7268,8902,4,235,36406,10751,4985
ERCO,"8/28/2022 4 p.m. CDT",7797,8361,4,211,37451,10947,4981
ERCO,"8/28/2022 5 p.m. CDT",9102,6346,4,266,38632,11038,4979
ERCO,"8/28/2022 6 p.m. CDT",11449,5844,4,141,37053,10991,4980
ERCO,"8/28/2022 7 p.m. CDT",15590,4710,4,204,33433,10340,4984
ERCO,"8/28/2022 8 p.m. CDT",17504,1360,4,303,32447,10326,4985
ERCO,"8/28/2022 9 p.m. CDT",15999,14,4,282,32989,10848,4983
ERCO,"8/28/2022 10 p.m. CDT",16936,0,4,145,29775,10516,4984
ERCO,"8/28/2022 11 p.m. CDT",16184,0,4,105,27600,9391,4985
ERCO,"8/29/2022 12 a.m. CDT",14466,0,4,77,25556,8926,4986
ERCO,"8/29/2022 1 a.m. CDT",13740,0,73,76,23026,8258,4989
ERCO,"8/29/2022 2 a.m. CDT",12256,0,55,65,22308,8086,4993
ERCO,"8/29/2022 3 a.m. CDT",11077,0,30,83,21967,8100,4994
ERCO,"8/29/2022 4 a.m. CDT",9984,0,0,69,22293,8118,4996
ERCO,"8/29/2022 5 a.m. CDT",9405,0,0,75,22815,8122,4993
ERCO,"8/29/2022 6 a.m. CDT",8633,0,0,70,24569,8124,4990
ERCO,"8/29/2022 7 a.m. CDT",8891,0,0,70,26534,8265,4990
ERCO,"8/29/2022 8 a.m. CDT",8564,393,1,63,26828,8500,4992
ERCO,"8/29/2022 9 a.m. CDT",7454,3621,19,58,26302,8448,4993
ERCO,"8/29/2022 10 a.m. CDT",8295,6556,19,99,25786,8178,4994
ERCO,"8/29/2022 11 a.m. CDT",8083,7975,19,87,27926,8646,4993
ERCO,"8/29/2022 12 p.m. CDT",6901,8457,19,118,30432,9841,4994
ERCO,"8/29/2022 1 p.m. CDT",6082,8558,0,180,33243,10983,4995
ERCO,"8/29/2022 2 p.m. CDT",6113,8078,4,191,35489,11521,4995
ERCO,"8/29/2022 3 p.m. CDT",6902,7721,4,128,36148,11551,4995
ERCO,"8/29/2022 4 p.m. CDT",8075,7115,4,235,36450,11316,4994
ERCO,"8/29/2022 5 p.m. CDT",10027,6386,4,189,35515,11212,4997
ERCO,"8/29/2022 6 p.m. CDT",10879,5249,4,251,34929,11326,4998
ERCO,"8/29/2022 7 p.m. CDT",11583,2603,4,198,35308,11343,4998
ERCO,"8/29/2022 8 p.m. CDT",11917,544,4,131,34450,11325,4997
ERCO,"8/29/2022 9 p.m. CDT",13167,9,4,188,32132,11164,4998
ERCO,"8/29/2022 10 p.m. CDT",14989,0,4,93,29078,9718,4999
ERCO,"8/29/2022 11 p.m. CDT",16013,0,4,132,24067,9259,4999
ERCO,"8/30/2022 12 a.m. CDT",13063,0,4,93,23416,8944,4999
ERCO,"8/30/2022 1 a.m. CDT",10184,0,34,99,24211,8437,5000
ERCO,"8/30/2022 2 a.m. CDT",7696,0,38,71,25256,8008,5001
ERCO,"8/30/2022 3 a.m. CDT",6372,0,12,69,25989,7589,5000
ERCO,"8/30/2022 4 a.m. CDT",5595,0,0,63,25830,8027,5001
ERCO,"8/30/2022 5 a.m. CDT",4846,0,0,71,26289,8422,4999
ERCO,"8/30/2022 6 a.m. CDT",4350,0,0,79,27942,8699,4999
ERCO,"8/30/2022 7 a.m. CDT",3969,0,0,96,30393,9017,4999
ERCO,"8/30/2022 8 a.m. CDT",4666,107,0,68,30094,9032,5000
ERCO,"8/30/2022 9 a.m. CDT",4466,1635,17,74,29926,9083,5000
ERCO,"8/30/2022 10 a.m. CDT",4515,4016,20,112,29723,8897,5003
ERCO,"8/30/2022 11 a.m. CDT",4672,4487,19,75,30555,9918,5001
ERCO,"8/30/2022 12 p.m. CDT",4251,5206,19,119,31574,10559,4992
ERCO,"8/30/2022 1 p.m. CDT",4082,5456,1,152,32181,11350,4983
ERCO,"8/30/2022 2 p.m. CDT",4282,5632,4,131,32930,11652,4991
ERCO,"8/30/2022 3 p.m. CDT",4314,5294,4,138,33769,11715,4991
ERCO,"8/30/2022 4 p.m. CDT",5176,5080,4,121,33173,11433,4989
ERCO,"8/30/2022 5 p.m. CDT",6426,3932,4,139,32419,11459,4989
ERCO,"8/30/2022 6 p.m. CDT",5876,2907,4,189,32527,11611,4991
ERCO,"8/30/2022 7 p.m. CDT",5491,1723,4,177,32466,11611,4993
ERCO,"8/30/2022 8 p.m. CDT",4392,568,4,221,33153,11891,4994
ERCO,"8/30/2022 9 p.m. CDT",3844,18,4,146,34135,11987,4995
ERCO,"8/30/2022 10 p.m. CDT",3111,0,4,106,33271,11961,4996
ERCO,"8/30/2022 11 p.m. CDT",2794,0,4,92,31889,10703,4997
ERCO,"8/31/2022 12 a.m. CDT",2525,0,4,74,29778,10094,4997
ERCO,"8/31/2022 1 a.m. CDT",2260,0,17,79,28402,9616,4998
ERCO,"8/31/2022 2 a.m. CDT",1817,0,4,65,27741,9095,4999
ERCO,"8/31/2022 3 a.m. CDT",1744,0,4,59,27269,8611,4999
ERCO,"8/31/2022 4 a.m. CDT",1437,0,4,58,26573,9079,5000
ERCO,"8/31/2022 5 a.m. CDT",1074,0,4,57,26886,9494,5001
ERCO,"8/31/2022 6 a.m. CDT",962,0,4,89,28454,9451,5001
ERCO,"8/31/2022 7 a.m. CDT",1044,0,4,123,30560,9546,5002
ERCO,"8/31/2022 8 a.m. CDT",1323,224,4,157,30584,9551,5002
ERCO,"8/31/2022 9 a.m. CDT",1273,1714,4,107,30399,9636,5003
ERCO,"8/31/2022 10 a.m. CDT",1111,3017,4,106,31636,9824,5003
ERCO,"8/31/2022 11 a.m. CDT",1712,3848,4,142,32523,10619,5002
ERCO,"8/31/2022 12 p.m. CDT",2524,4357,4,171,34003,11175,5003
ERCO,"8/31/2022 1 p.m. CDT",2966,4762,4,165,35323,11668,5000
ERCO,"8/31/2022 2 p.m. CDT",3760,5020,1,299,36624,11799,4997
ERCO,"8/31/2022 3 p.m. CDT",3074,5378,18,157,38733,11562,4990
ERCO,"8/31/2022 4 p.m. CDT",3646,4874,24,266,39145,11433,4985
ERCO,"8/31/2022 5 p.m. CDT",4072,3774,108,219,39112,11421,4987
ERCO,"8/31/2022 6 p.m. CDT",4665,2460,108,145,38832,11430,4989
ERCO,"8/31/2022 7 p.m. CDT",4779,1529,105,214,37778,11397,4991
ERCO,"8/31/2022 8 p.m. CDT",4048,349,6,166,37782,11599,4991
ERCO,"8/31/2022 9 p.m. CDT",3324,1,0,169,37532,11744,4992
ERCO,"8/31/2022 10 p.m. CDT",3187,0,0,152,35340,11761,4993
ERCO,"8/31/2022 11 p.m. CDT",3047,0,7,115,33292,10464,4993
ERCO,"9/1/2022 12 a.m. CDT",3262,0,28,81,30593,9363,4995
