"Region Code","Timestamp (Hour Ending)","Solar Generation (MWh)","Hydro Generation (MWh)","Other Generation (MWh)","Petroleum Generation (MWh)","Natural gas Generation (MWh)","Coal Generation (MWh)","Nuclear Generation (MWh)"
FLA,"5/1/2022 12 a.m. EDT",0,36,1899,0,15051,2695,3876
FLA,"5/1/2022 1 a.m. EDT",0,37,1864,0,13475,2188,3881
FLA,"5/1/2022 2 a.m. EDT",0,37,1855,0,12275,1734,3877
FLA,"5/1/2022 3 a.m. EDT",0,37,1859,0,11307,1559,3884
FLA,"5/1/2022 4 a.m. EDT",0,37,1850,0,10671,1544,3886
FLA,"5/1/2022 5 a.m. EDT",-1,37,1814,0,10331,1542,3885
FLA,"5/1/2022 6 a.m. EDT",0,37,1780,0,10409,1548,3876
FLA,"5/1/2022 7 a.m. EDT",2,37,1670,0,10723,1608,3889
FLA,"5/1/2022 8 a.m. EDT",433,37,1712,0,11181,1585,3885
FLA,"5/1/2022 9 a.m. EDT",1916,37,1799,0,12364,1643,3887
FLA,"5/1/2022 10 a.m. EDT",3006,37,1917,0,13871,1932,3878
FLA,"5/1/2022 11 a.m. EDT",3572,33,1925,0,15330,2535,3880
FLA,"5/1/2022 12 p.m. EDT",3869,37,1923,0,16836,2868,3887
FLA,"5/1/2022 1 p.m. EDT",3584,35,1931,0,19043,3128,3887
FLA,"5/1/2022 2 p.m. EDT",3409,32,1984,0,20716,3551,3881
FLA,"5/1/2022 3 p.m. EDT",3613,34,2096,0,21219,3845,3886
FLA,"5/1/2022 4 p.m. EDT",3167,33,2173,0,22245,4010,3876
FLA,"5/1/2022 5 p.m. EDT",2163,35,2141,22,23255,4075,3881
FLA,"5/1/2022 6 p.m. EDT",1802,39,2155,47,23171,3971,3879
FLA,"5/1/2022 7 p.m. EDT",848,36,2199,0,22684,3884,3880
FLA,"5/1/2022 8 p.m. EDT",148,36,2063,0,21805,3886,3880
FLA,"5/1/2022 9 p.m. EDT",0,35,1943,0,21444,3916,3877
FLA,"5/1/2022 10 p.m. EDT",2,34,1928,0,19829,3752,3875
FLA,"5/1/2022 11 p.m. EDT",-1,34,1929,0,17604,3511,3883
FLA,"5/2/2022 12 a.m. EDT",0,34,1930,0,15144,3101,3883
FLA,"5/2/2022 1 a.m. EDT",0,33,1871,0,13405,2580,3885
FLA,"5/2/2022 2 a.m. EDT",0,33,1845,0,12434,1986,3882
FLA,"5/2/2022 3 a.m. EDT",0,32,1843,0,11490,1770,3880
FLA,"5/2/2022 4 a.m. EDT",0,32,1800,0,10974,1748,3884
FLA,"5/2/2022 5 a.m. EDT",0,32,1813,0,11028,1771,3890
FLA,"5/2/2022 6 a.m. EDT",0,32,1824,0,12005,1849,3872
FLA,"5/2/2022 7 a.m. EDT",1,30,1907,0,13567,1980,3875
FLA,"5/2/2022 8 a.m. EDT",389,29,1970,0,14479,2217,3889
FLA,"5/2/2022 9 a.m. EDT",1923,32,2000,0,14645,2539,3889
FLA,"5/2/2022 10 a.m. EDT",3159,33,1911,0,15373,2829,3886
FLA,"5/2/2022 11 a.m. EDT",3889,31,1848,0,16727,3110,3885
FLA,"5/2/2022 12 p.m. EDT",4324,30,1897,0,18325,3439,3890
FLA,"5/2/2022 1 p.m. EDT",4144,31,2022,47,20306,3661,3884
FLA,"5/2/2022 2 p.m. EDT",3996,32,2245,50,21853,3943,3873
FLA,"5/2/2022 3 p.m. EDT",3961,32,2276,49,23144,4168,3872
FLA,"5/2/2022 4 p.m. EDT",3638,31,2289,49,24477,4360,3872
FLA,"5/2/2022 5 p.m. EDT",3134,32,2293,178,25369,4469,3869
FLA,"5/2/2022 6 p.m. EDT",2578,38,2305,170,25982,4471,3873
FLA,"5/2/2022 7 p.m. EDT",1457,36,2260,62,26032,4428,3869
FLA,"5/2/2022 8 p.m. EDT",271,36,2179,0,25382,4114,3875
FLA,"5/2/2022 9 p.m. EDT",1,36,2086,3,24721,3813,3871
FLA,"5/2/2022 10 p.m. EDT",0,37,1830,0,23231,3491,3878
FLA,"5/2/2022 11 p.m. EDT",0,37,1800,0,21012,3013,3885
FLA,"5/3/2022 12 a.m. EDT",0,37,1888,0,18264,2768,3883
FLA,"5/3/2022 1 a.m. EDT",-1,38,1648,0,15961,2470,3885
FLA,"5/3/2022 2 a.m. EDT",0,37,1664,0,14653,2030,3888
FLA,"5/3/2022 3 a.m. EDT",0,37,1638,0,13633,1788,3887
FLA,"5/3/2022 4 a.m. EDT",0,37,1568,0,13202,1655,3886
FLA,"5/3/2022 5 a.m. EDT",0,36,1550,0,13193,1577,3882
FLA,"5/3/2022 6 a.m. EDT",0,38,1599,0,13954,1558,3890
FLA,"5/3/2022 7 a.m. EDT",0,38,1650,0,15252,2042,3892
FLA,"5/3/2022 8 a.m. EDT",267,35,1661,1,15739,2565,3887
FLA,"5/3/2022 9 a.m. EDT",1283,37,1699,13,16137,2783,3881
FLA,"5/3/2022 10 a.m. EDT",2150,34,1863,1,17057,2844,3882
FLA,"5/3/2022 11 a.m. EDT",3101,33,2021,5,18011,3146,3883
FLA,"5/3/2022 12 p.m. EDT",3782,35,2214,0,18936,3497,3889
FLA,"5/3/2022 1 p.m. EDT",3912,38,2238,0,20448,3771,3881
FLA,"5/3/2022 2 p.m. EDT",3866,38,2346,0,22071,3948,3880
FLA,"5/3/2022 3 p.m. EDT",3412,37,2420,0,23699,4034,3876
FLA,"5/3/2022 4 p.m. EDT",3272,37,2434,0,24771,3789,3881
FLA,"5/3/2022 5 p.m. EDT",2524,37,2459,87,25728,3804,3873
FLA,"5/3/2022 6 p.m. EDT",1841,39,2451,187,26007,3882,3877
FLA,"5/3/2022 7 p.m. EDT",777,39,2473,93,25865,3900,3871
FLA,"5/3/2022 8 p.m. EDT",155,39,2531,2,24543,3958,3876
FLA,"5/3/2022 9 p.m. EDT",1,39,2466,0,23741,4018,3875
FLA,"5/3/2022 10 p.m. EDT",0,39,2269,0,21800,3951,3883
FLA,"5/3/2022 11 p.m. EDT",0,38,2134,0,19155,3802,3890
FLA,"5/4/2022 12 a.m. EDT",0,41,1717,0,16845,3257,3886
FLA,"5/4/2022 1 a.m. EDT",-1,40,1772,0,14927,2551,3889
FLA,"5/4/2022 2 a.m. EDT",0,39,1625,0,13917,1809,3889
FLA,"5/4/2022 3 a.m. EDT",0,39,1556,0,13077,1491,3893
FLA,"5/4/2022 4 a.m. EDT",0,39,1478,0,12521,1473,3892
FLA,"5/4/2022 5 a.m. EDT",0,38,1432,0,12467,1472,3878
FLA,"5/4/2022 6 a.m. EDT",0,38,1614,0,13105,1530,3868
FLA,"5/4/2022 7 a.m. EDT",2,39,1887,0,14304,2069,3859
FLA,"5/4/2022 8 a.m. EDT",407,35,1977,0,14760,2429,3873
FLA,"5/4/2022 9 a.m. EDT",1863,36,2048,0,15038,2721,3868
FLA,"5/4/2022 10 a.m. EDT",2996,36,2145,0,15997,3038,3858
FLA,"5/4/2022 11 a.m. EDT",3675,39,2169,2,17446,3521,3874
FLA,"5/4/2022 12 p.m. EDT",4139,39,2305,30,19281,3737,3891
FLA,"5/4/2022 1 p.m. EDT",4009,39,2308,1,21746,3795,3866
FLA,"5/4/2022 2 p.m. EDT",3644,46,2308,0,23953,3909,3855
FLA,"5/4/2022 3 p.m. EDT",3736,38,2384,0,25290,3994,3852
FLA,"5/4/2022 4 p.m. EDT",3710,37,2461,8,26027,4236,3851
FLA,"5/4/2022 5 p.m. EDT",3545,37,2469,68,26215,4431,3867
FLA,"5/4/2022 6 p.m. EDT",2835,37,2473,113,26762,4626,3880
FLA,"5/4/2022 7 p.m. EDT",1634,37,2480,139,27123,4629,3875
FLA,"5/4/2022 8 p.m. EDT",296,36,2317,10,26801,4396,3876
FLA,"5/4/2022 9 p.m. EDT",0,39,2280,0,25812,4166,3881
FLA,"5/4/2022 10 p.m. EDT",0,39,2255,0,23980,3910,3868
FLA,"5/4/2022 11 p.m. EDT",0,38,2210,0,21049,3747,3868
FLA,"5/5/2022 12 a.m. EDT",0,39,1939,0,17917,3510,3873
FLA,"5/5/2022 1 a.m. EDT",0,40,1928,0,15677,3053,3872
FLA,"5/5/2022 2 a.m. EDT",0,39,1868,0,14194,2462,3872
FLA,"5/5/2022 3 a.m. EDT",0,40,1838,0,13260,2028,3877
FLA,"5/5/2022 4 a.m. EDT",-1,39,1742,0,12610,1952,3877
FLA,"5/5/2022 5 a.m. EDT",-1,39,1742,0,12457,1870,3881
FLA,"5/5/2022 6 a.m. EDT",0,40,1838,0,13031,2008,3891
FLA,"5/5/2022 7 a.m. EDT",1,38,1905,0,14344,2278,3871
FLA,"5/5/2022 8 a.m. EDT",461,36,1919,0,14552,2718,3895
FLA,"5/5/2022 9 a.m. EDT",1963,37,1935,0,14930,2971,3889
FLA,"5/5/2022 10 a.m. EDT",3277,38,2012,0,16031,3304,3896
FLA,"5/5/2022 11 a.m. EDT",4021,37,2123,0,17835,3717,3878
FLA,"5/5/2022 12 p.m. EDT",4445,39,2354,0,20216,4012,3881
FLA,"5/5/2022 1 p.m. EDT",4419,39,2376,0,22931,4116,3884
FLA,"5/5/2022 2 p.m. EDT",4354,41,2508,0,25206,4172,3866
FLA,"5/5/2022 3 p.m. EDT",4210,40,2525,0,26672,4395,3870
FLA,"5/5/2022 4 p.m. EDT",4039,40,2522,144,27645,4650,3862
FLA,"5/5/2022 5 p.m. EDT",3703,39,2536,353,28185,4826,3870
FLA,"5/5/2022 6 p.m. EDT",3156,39,2546,537,28214,4893,3860
FLA,"5/5/2022 7 p.m. EDT",1834,39,2545,685,27948,4914,3867
FLA,"5/5/2022 8 p.m. EDT",371,38,2548,251,27730,4807,3853
FLA,"5/5/2022 9 p.m. EDT",0,38,2529,44,26892,4476,3857
FLA,"5/5/2022 10 p.m. EDT",0,40,2339,0,24928,4327,3861
FLA,"5/5/2022 11 p.m. EDT",0,39,2264,0,22094,4081,3856
FLA,"5/6/2022 12 a.m. EDT",0,39,2076,0,19455,3928,3863
FLA,"5/6/2022 1 a.m. EDT",0,41,1897,0,16941,3566,3869
FLA,"5/6/2022 2 a.m. EDT",0,41,1866,0,15359,3212,3866
FLA,"5/6/2022 3 a.m. EDT",0,40,1842,0,14210,2806,3868
FLA,"5/6/2022 4 a.m. EDT",0,41,1818,0,13664,2418,3875
FLA,"5/6/2022 5 a.m. EDT",0,40,1835,0,13454,2246,3871
FLA,"5/6/2022 6 a.m. EDT",-1,39,1844,0,13925,2356,3886
FLA,"5/6/2022 7 a.m. EDT",4,37,1881,0,15094,2749,3874
FLA,"5/6/2022 8 a.m. EDT",467,38,1916,0,15477,3157,3875
FLA,"5/6/2022 9 a.m. EDT",1735,38,1925,0,16320,3446,3877
FLA,"5/6/2022 10 a.m. EDT",2867,39,1989,0,17683,3692,3874
FLA,"5/6/2022 11 a.m. EDT",3521,40,2043,0,19598,3785,3873
FLA,"5/6/2022 12 p.m. EDT",4074,39,2317,0,21155,3896,3876
FLA,"5/6/2022 1 p.m. EDT",4353,39,2317,0,22468,4223,3872
FLA,"5/6/2022 2 p.m. EDT",4403,41,2320,88,24170,4468,3881
FLA,"5/6/2022 3 p.m. EDT",4268,41,2397,51,25932,4514,3885
FLA,"5/6/2022 4 p.m. EDT",3947,43,2385,51,26819,4631,3879
FLA,"5/6/2022 5 p.m. EDT",3355,43,2366,52,27738,4616,3877
FLA,"5/6/2022 6 p.m. EDT",2489,42,2387,52,28250,4543,3878
FLA,"5/6/2022 7 p.m. EDT",1351,43,2418,20,28037,4461,3871
FLA,"5/6/2022 8 p.m. EDT",275,40,2416,0,27207,4380,3879
FLA,"5/6/2022 9 p.m. EDT",2,41,2434,0,25881,4272,3870
FLA,"5/6/2022 10 p.m. EDT",0,41,2390,4,23791,4203,3877
FLA,"5/6/2022 11 p.m. EDT",0,41,2350,2,22159,3991,3866
FLA,"5/7/2022 12 a.m. EDT",0,40,2083,0,20139,3749,3877
FLA,"5/7/2022 1 a.m. EDT",1,40,1871,24,18201,3289,3889
FLA,"5/7/2022 2 a.m. EDT",0,39,1743,0,17048,2661,3885
FLA,"5/7/2022 3 a.m. EDT",0,38,1699,0,16232,2255,3891
FLA,"5/7/2022 4 a.m. EDT",0,39,1704,0,15652,2091,3879
FLA,"5/7/2022 5 a.m. EDT",0,38,1701,0,15298,1928,3888
FLA,"5/7/2022 6 a.m. EDT",0,38,1691,0,15027,1852,3892
FLA,"5/7/2022 7 a.m. EDT",2,38,1748,0,15319,1837,3895
FLA,"5/7/2022 8 a.m. EDT",369,39,1765,0,15412,1836,3899
FLA,"5/7/2022 9 a.m. EDT",1381,34,1753,0,16899,2012,3897
FLA,"5/7/2022 10 a.m. EDT",2214,35,1840,31,18740,2185,3896
FLA,"5/7/2022 11 a.m. EDT",2752,32,1900,0,20446,2473,3899
FLA,"5/7/2022 12 p.m. EDT",3094,31,1934,0,21711,2748,3897
FLA,"5/7/2022 1 p.m. EDT",3367,32,2056,0,22230,2746,3897
FLA,"5/7/2022 2 p.m. EDT",3308,34,2092,0,23761,2908,3898
FLA,"5/7/2022 3 p.m. EDT",3215,33,2078,0,24090,3045,3894
FLA,"5/7/2022 4 p.m. EDT",3149,31,2091,0,24401,3158,3896
FLA,"5/7/2022 5 p.m. EDT",3144,32,2105,0,24259,3199,3891
FLA,"5/7/2022 6 p.m. EDT",2839,34,2096,40,24311,3235,3883
FLA,"5/7/2022 7 p.m. EDT",1752,32,2121,50,24071,3194,3883
FLA,"5/7/2022 8 p.m. EDT",367,34,2145,19,23534,3263,3894
FLA,"5/7/2022 9 p.m. EDT",1,38,2081,0,22779,3373,3885
FLA,"5/7/2022 10 p.m. EDT",0,38,2106,0,20913,3313,3888
FLA,"5/7/2022 11 p.m. EDT",0,38,2075,0,18858,3221,3892
FLA,"5/8/2022 12 a.m. EDT",2,38,2080,0,17316,2995,3888
FLA,"5/8/2022 1 a.m. EDT",0,38,1754,0,15823,2471,3901
FLA,"5/8/2022 2 a.m. EDT",0,38,1757,0,14572,2092,3889
FLA,"5/8/2022 3 a.m. EDT",0,37,1662,0,13534,1795,3895
FLA,"5/8/2022 4 a.m. EDT",0,38,1557,0,12901,1562,3904
FLA,"5/8/2022 5 a.m. EDT",0,36,1441,0,12554,1481,3894
FLA,"5/8/2022 6 a.m. EDT",0,38,1361,0,12469,1463,3898
FLA,"5/8/2022 7 a.m. EDT",5,37,1454,0,12560,1518,3897
FLA,"5/8/2022 8 a.m. EDT",523,37,1460,0,12760,1508,3900
FLA,"5/8/2022 9 a.m. EDT",2085,38,1690,0,13866,1756,3906
FLA,"5/8/2022 10 a.m. EDT",3311,35,1910,0,15211,2234,3898
FLA,"5/8/2022 11 a.m. EDT",4003,36,1966,15,16932,2586,3905
FLA,"5/8/2022 12 p.m. EDT",4511,35,2055,0,18546,2740,3906
FLA,"5/8/2022 1 p.m. EDT",4575,35,2154,0,20014,3044,3904
FLA,"5/8/2022 2 p.m. EDT",4560,35,2184,0,21281,3383,3904
FLA,"5/8/2022 3 p.m. EDT",4464,36,2222,0,22485,3705,3902
FLA,"5/8/2022 4 p.m. EDT",4323,36,2239,0,23279,3808,3898
FLA,"5/8/2022 5 p.m. EDT",3994,36,2245,0,23893,3879,3891
FLA,"5/8/2022 6 p.m. EDT",3340,37,2232,0,24433,3900,3893
FLA,"5/8/2022 7 p.m. EDT",2059,34,2224,0,24767,3843,3883
FLA,"5/8/2022 8 p.m. EDT",479,34,2227,0,24859,3630,3882
FLA,"5/8/2022 9 p.m. EDT",5999,37,2260,0,26256,3441,2983
FLA,"5/8/2022 10 p.m. EDT",6000,35,2045,0,27006,3384,2981
FLA,"5/8/2022 11 p.m. EDT",6000,35,1877,0,24898,2981,2983
FLA,"5/9/2022 12 a.m. EDT",6000,36,1874,0,20521,2519,2985
FLA,"5/9/2022 1 a.m. EDT",0,36,1405,0,16375,2319,3881
FLA,"5/9/2022 2 a.m. EDT",0,35,1266,0,14912,2058,3889
FLA,"5/9/2022 3 a.m. EDT",0,35,1168,0,13939,1819,3901
FLA,"5/9/2022 4 a.m. EDT",-1,36,1139,0,13268,1596,3891
FLA,"5/9/2022 5 a.m. EDT",0,35,1143,0,13123,1515,3893
FLA,"5/9/2022 6 a.m. EDT",0,36,1173,0,13778,1624,3893
FLA,"5/9/2022 7 a.m. EDT",5,37,1172,0,15211,1862,3890
FLA,"5/9/2022 8 a.m. EDT",585,37,1186,0,15394,2077,3886
FLA,"5/9/2022 9 a.m. EDT",2202,33,1290,0,15407,2199,3891
FLA,"5/9/2022 10 a.m. EDT",3358,34,1410,0,16258,1760,3885
FLA,"5/9/2022 11 a.m. EDT",3835,34,1461,0,17606,3226,3886
FLA,"5/9/2022 12 p.m. EDT",4057,36,1577,0,19297,2671,3888
FLA,"5/9/2022 1 p.m. EDT",4095,34,1651,0,20651,2814,3880
FLA,"5/9/2022 2 p.m. EDT",4164,32,1698,0,21945,2782,3889
FLA,"5/9/2022 3 p.m. EDT",4038,33,1711,0,23049,2866,3887
FLA,"5/9/2022 4 p.m. EDT",3923,32,1765,0,23862,2956,3889
FLA,"5/9/2022 5 p.m. EDT",3654,32,1792,0,24590,3087,3873
FLA,"5/9/2022 6 p.m. EDT",2923,39,1801,0,25131,3205,3877
FLA,"5/9/2022 7 p.m. EDT",1908,32,1831,0,25225,3246,3890
FLA,"5/9/2022 8 p.m. EDT",424,32,1813,0,24742,3239,3884
FLA,"5/9/2022 9 p.m. EDT",1,32,1752,0,23970,3133,3878
FLA,"5/9/2022 10 p.m. EDT",10,33,1700,0,21982,3001,3884
FLA,"5/9/2022 11 p.m. EDT",-1,32,1623,0,19250,2895,3876
FLA,"5/10/2022 12 a.m. EDT",0,33,1473,0,16585,2703,3880
FLA,"5/10/2022 1 a.m. EDT",0,32,1478,0,14335,2535,3875
FLA,"5/10/2022 2 a.m. EDT",0,33,1384,0,13068,2107,3889
FLA,"5/10/2022 3 a.m. EDT",0,33,1402,0,12222,1776,3884
FLA,"5/10/2022 4 a.m. EDT",0,33,1393,0,11574,1716,3881
FLA,"5/10/2022 5 a.m. EDT",0,33,1424,0,11474,1717,3885
FLA,"5/10/2022 6 a.m. EDT",0,32,1424,0,12122,1837,3887
FLA,"5/10/2022 7 a.m. EDT",3,33,1461,0,13696,1936,3884
FLA,"5/10/2022 8 a.m. EDT",622,33,1467,0,14132,2033,3891
FLA,"5/10/2022 9 a.m. EDT",2243,33,1484,0,13813,2119,3887
FLA,"5/10/2022 10 a.m. EDT",3413,34,1540,3,14282,2112,3885
FLA,"5/10/2022 11 a.m. EDT",3977,33,1548,9,15246,2202,3886
FLA,"5/10/2022 12 p.m. EDT",4434,33,1596,0,16273,2204,3887
FLA,"5/10/2022 1 p.m. EDT",4761,34,1615,0,17246,2368,3885
FLA,"5/10/2022 2 p.m. EDT",4805,35,1683,0,18160,2734,3890
FLA,"5/10/2022 3 p.m. EDT",4817,34,1778,0,18962,3303,3892
FLA,"5/10/2022 4 p.m. EDT",4809,34,1831,0,19910,3743,3888
FLA,"5/10/2022 5 p.m. EDT",4442,35,1866,0,20918,4132,3880
FLA,"5/10/2022 6 p.m. EDT",3684,35,1878,0,21851,4306,3884
FLA,"5/10/2022 7 p.m. EDT",2286,45,1855,0,22544,4337,3888
FLA,"5/10/2022 8 p.m. EDT",486,34,1743,0,22373,4271,3892
FLA,"5/10/2022 9 p.m. EDT",2,34,1702,0,21694,3976,3887
FLA,"5/10/2022 10 p.m. EDT",0,34,1667,0,19918,3758,3890
FLA,"5/10/2022 11 p.m. EDT",0,34,1587,0,17464,3434,3890
FLA,"5/11/2022 12 a.m. EDT",0,34,1597,0,15040,2693,3882
FLA,"5/11/2022 1 a.m. EDT",0,35,1272,0,13193,2010,3896
FLA,"5/11/2022 2 a.m. EDT",-1,34,1175,0,11800,1671,3887
FLA,"5/11/2022 3 a.m. EDT",0,34,1163,0,10941,1519,3889
FLA,"5/11/2022 4 a.m. EDT",0,35,1146,0,10438,1518,3896
FLA,"5/11/2022 5 a.m. EDT",0,35,1111,0,10512,1521,3889
FLA,"5/11/2022 6 a.m. EDT",0,34,1201,0,11312,1587,3892
FLA,"5/11/2022 7 a.m. EDT",9,35,1281,0,12863,1770,3893
FLA,"5/11/2022 8 a.m. EDT",574,35,1284,0,13308,1930,3903
FLA,"5/11/2022 9 a.m. EDT",2249,34,1336,0,13022,1981,3891
FLA,"5/11/2022 10 a.m. EDT",3559,35,1452,0,13223,2102,3882
FLA,"5/11/2022 11 a.m. EDT",4181,34,1487,0,14017,2620,3891
FLA,"5/11/2022 12 p.m. EDT",4393,32,1576,7,15229,2910,3892
FLA,"5/11/2022 1 p.m. EDT",4472,32,1621,0,16187,3323,3896
FLA,"5/11/2022 2 p.m. EDT",4529,32,1668,0,17331,3501,3892
FLA,"5/11/2022 3 p.m. EDT",4559,31,1885,0,18215,3694,3901
FLA,"5/11/2022 4 p.m. EDT",4560,31,2118,0,18854,3999,3894
FLA,"5/11/2022 5 p.m. EDT",4118,31,2224,4,19838,4256,3895
FLA,"5/11/2022 6 p.m. EDT",3424,37,2253,50,20556,4314,3898
FLA,"5/11/2022 7 p.m. EDT",2131,30,2265,50,20988,4353,3897
FLA,"5/11/2022 8 p.m. EDT",480,31,2219,22,21489,4273,3893
FLA,"5/11/2022 9 p.m. EDT",2,31,2201,0,20988,4076,3886
FLA,"5/11/2022 10 p.m. EDT",0,31,2146,0,19431,3886,3891
FLA,"5/11/2022 11 p.m. EDT",0,31,2061,0,17046,3637,3894
FLA,"5/12/2022 12 a.m. EDT",0,30,1920,0,14616,2981,3901
FLA,"5/12/2022 1 a.m. EDT",0,31,1839,0,13019,2184,3893
FLA,"5/12/2022 2 a.m. EDT",0,32,1384,0,12147,1801,3894
FLA,"5/12/2022 3 a.m. EDT",0,31,1320,0,11169,1651,3894
FLA,"5/12/2022 4 a.m. EDT",0,31,1289,0,10696,1587,3894
FLA,"5/12/2022 5 a.m. EDT",-1,32,1313,0,10578,1575,3895
FLA,"5/12/2022 6 a.m. EDT",0,32,1639,0,11188,1577,3895
FLA,"5/12/2022 7 a.m. EDT",4,31,1829,0,12488,1833,3899
FLA,"5/12/2022 8 a.m. EDT",644,32,1853,0,12839,2038,3885
FLA,"5/12/2022 9 a.m. EDT",2216,32,1839,0,12845,2108,3904
FLA,"5/12/2022 10 a.m. EDT",3422,32,1498,0,13604,2185,3899
FLA,"5/12/2022 11 a.m. EDT",3865,32,1397,0,14905,2496,3892
FLA,"5/12/2022 12 p.m. EDT",4114,33,1480,0,16053,2815,3886
FLA,"5/12/2022 1 p.m. EDT",3996,33,1552,0,17377,3331,3884
FLA,"5/12/2022 2 p.m. EDT",3817,33,1647,2,18744,3557,3888
FLA,"5/12/2022 3 p.m. EDT",3682,33,1704,0,19953,3789,3867
FLA,"5/12/2022 4 p.m. EDT",3494,34,1712,3,20660,4205,3865
FLA,"5/12/2022 5 p.m. EDT",3107,33,1811,0,21261,4414,3871
FLA,"5/12/2022 6 p.m. EDT",2536,36,1851,0,21548,4576,3861
FLA,"5/12/2022 7 p.m. EDT",1395,32,2060,0,21441,4560,3870
FLA,"5/12/2022 8 p.m. EDT",276,32,2172,0,21079,4341,3871
FLA,"5/12/2022 9 p.m. EDT",0,33,2146,0,20684,4217,3872
FLA,"5/12/2022 10 p.m. EDT",0,32,2105,0,19321,3940,3867
FLA,"5/12/2022 11 p.m. EDT",0,32,2031,0,17278,3427,3874
FLA,"5/13/2022 12 a.m. EDT",2,33,2015,0,14823,2981,3883
FLA,"5/13/2022 1 a.m. EDT",0,32,1866,0,13039,2546,3884
FLA,"5/13/2022 2 a.m. EDT",0,33,1833,0,12048,2021,3897
FLA,"5/13/2022 3 a.m. EDT",1,33,1795,0,11284,1706,3888
FLA,"5/13/2022 4 a.m. EDT",-1,32,1699,0,10928,1620,3889
FLA,"5/13/2022 5 a.m. EDT",0,33,1628,0,10876,1607,3891
FLA,"5/13/2022 6 a.m. EDT",0,33,1828,0,11501,1690,3890
FLA,"5/13/2022 7 a.m. EDT",4,33,1998,0,12751,1959,3891
FLA,"5/13/2022 8 a.m. EDT",487,33,2025,0,13610,2230,3893
FLA,"5/13/2022 9 a.m. EDT",1776,32,2045,0,14027,2495,3890
FLA,"5/13/2022 10 a.m. EDT",2995,33,2043,0,14714,2577,3893
FLA,"5/13/2022 11 a.m. EDT",3636,31,1749,0,16286,2662,3890
FLA,"5/13/2022 12 p.m. EDT",3971,31,1848,0,17769,2858,3889
FLA,"5/13/2022 1 p.m. EDT",3848,31,1761,0,19739,3066,3896
FLA,"5/13/2022 2 p.m. EDT",3496,31,1824,1,21371,3271,3893
FLA,"5/13/2022 3 p.m. EDT",3486,30,1978,0,22216,3327,3887
FLA,"5/13/2022 4 p.m. EDT",3394,31,1984,0,22864,3422,3891
FLA,"5/13/2022 5 p.m. EDT",2823,30,1851,0,23977,3409,3888
FLA,"5/13/2022 6 p.m. EDT",2079,30,2205,0,24319,3373,3886
FLA,"5/13/2022 7 p.m. EDT",1197,30,2115,0,24160,3377,3885
FLA,"5/13/2022 8 p.m. EDT",306,30,2070,0,23465,3037,3883
FLA,"5/13/2022 9 p.m. EDT",2,31,2017,0,22509,2859,3875
FLA,"5/13/2022 10 p.m. EDT",0,30,1966,6,21348,2430,3884
FLA,"5/13/2022 11 p.m. EDT",0,31,1911,24,19496,2044,3884
FLA,"5/14/2022 12 a.m. EDT",0,30,1965,0,17060,1792,3886
FLA,"5/14/2022 1 a.m. EDT",0,30,1806,0,14741,1678,3884
FLA,"5/14/2022 2 a.m. EDT",0,31,1773,0,13039,1625,3886
FLA,"5/14/2022 3 a.m. EDT",0,31,1731,0,11924,1592,3889
FLA,"5/14/2022 4 a.m. EDT",0,30,1734,0,11236,1561,3880
FLA,"5/14/2022 5 a.m. EDT",0,31,1691,0,10975,1549,3880
FLA,"5/14/2022 6 a.m. EDT",0,30,1649,0,11130,1539,3891
FLA,"5/14/2022 7 a.m. EDT",3,31,1614,0,11614,1540,3887
FLA,"5/14/2022 8 a.m. EDT",604,30,1629,0,12214,1603,3881
FLA,"5/14/2022 9 a.m. EDT",2157,31,1806,0,13047,1878,3894
FLA,"5/14/2022 10 a.m. EDT",3364,31,1963,0,14676,2086,3893
FLA,"5/14/2022 11 a.m. EDT",4123,29,2039,0,16460,2358,3891
FLA,"5/14/2022 12 p.m. EDT",4429,30,2238,2,18300,2813,3891
FLA,"5/14/2022 1 p.m. EDT",4360,28,2317,0,20471,3170,3886
FLA,"5/14/2022 2 p.m. EDT",4136,28,2383,0,22359,3372,3885
FLA,"5/14/2022 3 p.m. EDT",3978,28,2393,0,23646,3474,3883
FLA,"5/14/2022 4 p.m. EDT",3889,28,2392,48,24220,3682,3879
FLA,"5/14/2022 5 p.m. EDT",3511,28,2385,52,24399,4001,3875
FLA,"5/14/2022 6 p.m. EDT",2885,36,2380,51,24889,3901,3875
FLA,"5/14/2022 7 p.m. EDT",1821,27,2343,51,25243,3633,3869
FLA,"5/14/2022 8 p.m. EDT",409,27,2291,47,24887,3378,3874
FLA,"5/14/2022 9 p.m. EDT",2,28,2170,41,23786,3138,3866
FLA,"5/14/2022 10 p.m. EDT",0,27,2071,0,22495,2755,3861
FLA,"5/14/2022 11 p.m. EDT",0,28,1972,0,20642,2305,3872
FLA,"5/15/2022 12 a.m. EDT",0,27,1885,0,18532,2011,3872
FLA,"5/15/2022 1 a.m. EDT",5,28,1721,0,16405,1717,3872
FLA,"5/15/2022 2 a.m. EDT",1,28,1725,0,14872,1551,3874
FLA,"5/15/2022 3 a.m. EDT",1,28,1723,0,13688,1508,3875
FLA,"5/15/2022 4 a.m. EDT",0,28,1712,0,12904,1526,3884
FLA,"5/15/2022 5 a.m. EDT",0,28,1716,0,12333,1515,3884
FLA,"5/15/2022 6 a.m. EDT",-1,27,1715,0,12188,1504,3883
FLA,"5/15/2022 7 a.m. EDT",4,27,1777,0,12395,1500,3886
FLA,"5/15/2022 8 a.m. EDT",424,28,1744,0,12883,1552,3876
FLA,"5/15/2022 9 a.m. EDT",1731,29,1726,0,14164,1630,3875
FLA,"5/15/2022 10 a.m. EDT",3167,29,1804,0,15763,1880,3889
FLA,"5/15/2022 11 a.m. EDT",3954,28,1988,0,17701,2299,3886
FLA,"5/15/2022 12 p.m. EDT",4295,28,2125,0,19928,2710,3888
FLA,"5/15/2022 1 p.m. EDT",3974,22,2242,0,22350,3113,3882
FLA,"5/15/2022 2 p.m. EDT",3841,22,2237,0,23875,3526,3875
FLA,"5/15/2022 3 p.m. EDT",3802,21,2239,0,24963,3409,3874
FLA,"5/15/2022 4 p.m. EDT",3684,22,2234,0,25311,3486,3873
FLA,"5/15/2022 5 p.m. EDT",3212,29,2257,31,25276,3510,3872
FLA,"5/15/2022 6 p.m. EDT",2421,42,2221,50,25733,3565,3871
FLA,"5/15/2022 7 p.m. EDT",1465,28,2188,50,25694,3480,3872
FLA,"5/15/2022 8 p.m. EDT",352,29,2141,53,24942,3415,3860
FLA,"5/15/2022 9 p.m. EDT",0,29,2083,48,24336,3223,3873
FLA,"5/15/2022 10 p.m. EDT",0,29,1963,19,22892,2946,3876
FLA,"5/15/2022 11 p.m. EDT",0,29,1916,0,20845,2462,3866
FLA,"5/16/2022 12 a.m. EDT",0,28,1793,0,18231,2079,3870
FLA,"5/16/2022 1 a.m. EDT",0,29,1718,0,16039,1619,3877
FLA,"5/16/2022 2 a.m. EDT",1,26,1716,0,14310,1484,3884
FLA,"5/16/2022 3 a.m. EDT",0,22,1705,0,13242,1504,3877
FLA,"5/16/2022 4 a.m. EDT",0,23,1692,0,12622,1509,3885
FLA,"5/16/2022 5 a.m. EDT",-1,23,1667,0,12464,1528,3884
FLA,"5/16/2022 6 a.m. EDT",0,26,1655,0,13236,1564,3890
FLA,"5/16/2022 7 a.m. EDT",6,25,1775,0,14701,1568,3868
FLA,"5/16/2022 8 a.m. EDT",584,25,1756,0,15318,1620,3867
FLA,"5/16/2022 9 a.m. EDT",2180,25,1789,0,15405,1707,3883
FLA,"5/16/2022 10 a.m. EDT",3355,26,1884,0,16291,1910,3878
FLA,"5/16/2022 11 a.m. EDT",4071,25,2047,0,17651,2337,3886
FLA,"5/16/2022 12 p.m. EDT",4523,25,2283,0,19159,2766,3860
FLA,"5/16/2022 1 p.m. EDT",4541,26,2343,0,21278,3041,3875
FLA,"5/16/2022 2 p.m. EDT",4622,25,2390,0,23285,3269,3879
FLA,"5/16/2022 3 p.m. EDT",4503,25,2415,0,24686,3463,3874
FLA,"5/16/2022 4 p.m. EDT",4226,25,2406,0,25147,3681,3874
FLA,"5/16/2022 5 p.m. EDT",3754,25,2406,47,25538,3711,3872
FLA,"5/16/2022 6 p.m. EDT",3094,41,2403,48,26401,3691,3873
FLA,"5/16/2022 7 p.m. EDT",2109,20,2418,34,26787,3729,3872
FLA,"5/16/2022 8 p.m. EDT",536,18,2421,0,26831,3599,3874
FLA,"5/16/2022 9 p.m. EDT",13,19,2367,0,26085,3404,3871
FLA,"5/16/2022 10 p.m. EDT",10,22,2252,0,24221,3114,3874
FLA,"5/16/2022 11 p.m. EDT",0,22,2117,0,21517,2710,3870
FLA,"5/17/2022 12 a.m. EDT",0,24,1818,0,18848,2328,3875
FLA,"5/17/2022 1 a.m. EDT",0,23,1670,1,16672,1943,3880
FLA,"5/17/2022 2 a.m. EDT",0,24,1645,0,15031,1632,3883
FLA,"5/17/2022 3 a.m. EDT",0,24,1661,0,13665,1571,3879
FLA,"5/17/2022 4 a.m. EDT",-1,24,1668,0,12964,1529,3873
FLA,"5/17/2022 5 a.m. EDT",-1,24,1636,0,12606,1638,3885
FLA,"5/17/2022 6 a.m. EDT",0,23,1646,0,13274,1680,3882
FLA,"5/17/2022 7 a.m. EDT",10,24,1797,0,14750,1753,3876
FLA,"5/17/2022 8 a.m. EDT",564,24,1873,0,15517,1836,3876
FLA,"5/17/2022 9 a.m. EDT",2162,24,1944,0,16016,1975,3874
FLA,"5/17/2022 10 a.m. EDT",3289,24,2026,6,17457,2114,3874
FLA,"5/17/2022 11 a.m. EDT",3976,24,2137,0,19104,2465,3881
FLA,"5/17/2022 12 p.m. EDT",4437,23,2147,0,21116,2833,3874
FLA,"5/17/2022 1 p.m. EDT",4393,20,2226,0,23464,2947,3871
FLA,"5/17/2022 2 p.m. EDT",4270,21,2371,0,25361,3190,3870
FLA,"5/17/2022 3 p.m. EDT",4080,20,2504,9,26774,3391,3865
FLA,"5/17/2022 4 p.m. EDT",3827,21,2537,46,27846,3593,3867
FLA,"5/17/2022 5 p.m. EDT",3215,20,2519,73,28471,4083,3859
FLA,"5/17/2022 6 p.m. EDT",2458,39,2624,61,28875,4511,3858
FLA,"5/17/2022 7 p.m. EDT",1503,17,2603,48,28826,4294,3855
FLA,"5/17/2022 8 p.m. EDT",336,19,2565,31,28297,4038,3862
FLA,"5/17/2022 9 p.m. EDT",16,20,2301,0,27415,3809,3857
FLA,"5/17/2022 10 p.m. EDT",1,20,2158,0,25646,3581,3862
FLA,"5/17/2022 11 p.m. EDT",1,20,2009,0,22948,3143,3862
FLA,"5/18/2022 12 a.m. EDT",0,20,1944,0,20131,2668,3863
FLA,"5/18/2022 1 a.m. EDT",0,20,1797,0,18133,2050,3868
FLA,"5/18/2022 2 a.m. EDT",0,21,1783,0,16353,1809,3864
FLA,"5/18/2022 3 a.m. EDT",0,20,1780,0,15090,1751,3868
FLA,"5/18/2022 4 a.m. EDT",0,21,1774,0,14168,1752,3871
FLA,"5/18/2022 5 a.m. EDT",0,21,1764,0,13824,1749,3868
FLA,"5/18/2022 6 a.m. EDT",0,21,1757,0,14494,1748,3870
FLA,"5/18/2022 7 a.m. EDT",3,21,1882,0,15726,1877,3867
FLA,"5/18/2022 8 a.m. EDT",426,21,1979,0,16085,2211,3855
FLA,"5/18/2022 9 a.m. EDT",925,21,2043,0,16047,2383,3921
FLA,"5/18/2022 10 a.m. EDT",1253,21,2196,0,16371,2843,3913
FLA,"5/18/2022 11 a.m. EDT",4031,21,2283,0,19418,3110,3886
FLA,"5/18/2022 12 p.m. EDT",4202,23,2362,0,22079,3379,3869
FLA,"5/18/2022 1 p.m. EDT",3875,25,2381,0,24937,3583,3861
FLA,"5/18/2022 2 p.m. EDT",3997,27,2450,13,26688,3585,3863
FLA,"5/18/2022 3 p.m. EDT",3983,27,2532,14,27669,3788,3862
FLA,"5/18/2022 4 p.m. EDT",3793,26,2594,0,28455,3908,3861
FLA,"5/18/2022 5 p.m. EDT",3241,27,2493,34,29247,4100,3857
FLA,"5/18/2022 6 p.m. EDT",2561,37,2471,41,29290,4536,3862
FLA,"5/18/2022 7 p.m. EDT",1623,22,2483,7,29136,4539,3862
FLA,"5/18/2022 8 p.m. EDT",392,25,2491,0,28052,4542,3859
FLA,"5/18/2022 9 p.m. EDT",3,25,2417,0,27105,4299,3854
FLA,"5/18/2022 10 p.m. EDT",0,24,2292,0,25721,3743,3856
FLA,"5/18/2022 11 p.m. EDT",0,24,2156,0,23426,3151,3864
FLA,"5/19/2022 12 a.m. EDT",0,24,1869,0,20916,2689,3865
FLA,"5/19/2022 1 a.m. EDT",0,24,1822,0,18915,2131,3871
FLA,"5/19/2022 2 a.m. EDT",0,24,1822,0,17130,1969,3869
FLA,"5/19/2022 3 a.m. EDT",0,24,1831,0,15699,1877,3878
FLA,"5/19/2022 4 a.m. EDT",0,24,1813,0,14769,1858,3873
FLA,"5/19/2022 5 a.m. EDT",0,24,1793,0,14526,1739,3879
FLA,"5/19/2022 6 a.m. EDT",0,23,1834,0,15016,1770,3873
FLA,"5/19/2022 7 a.m. EDT",5,24,1923,0,16137,1901,3875
FLA,"5/19/2022 8 a.m. EDT",433,25,2037,0,16866,1942,3875
FLA,"5/19/2022 9 a.m. EDT",1701,25,2108,0,17767,2143,3877
FLA,"5/19/2022 10 a.m. EDT",2937,25,2167,3,18657,2438,3869
FLA,"5/19/2022 11 a.m. EDT",3854,24,2322,0,20675,2673,3877
FLA,"5/19/2022 12 p.m. EDT",4386,21,2480,0,22786,3056,3869
FLA,"5/19/2022 1 p.m. EDT",4466,21,2482,0,25898,3353,3872
FLA,"5/19/2022 2 p.m. EDT",4372,20,2605,33,27136,3506,3868
FLA,"5/19/2022 3 p.m. EDT",4091,20,2612,4,28333,3949,3869
FLA,"5/19/2022 4 p.m. EDT",3733,19,2617,174,28928,4177,3865
FLA,"5/19/2022 5 p.m. EDT",2918,19,2591,287,29965,4247,3857
FLA,"5/19/2022 6 p.m. EDT",2563,37,2591,246,29813,4337,3863
FLA,"5/19/2022 7 p.m. EDT",1690,14,2591,241,29473,4318,3853
FLA,"5/19/2022 8 p.m. EDT",380,14,2566,221,29138,4138,3854
FLA,"5/19/2022 9 p.m. EDT",7,16,2425,73,28753,3751,3837
FLA,"5/19/2022 10 p.m. EDT",2,17,2275,0,26764,3558,3849
FLA,"5/19/2022 11 p.m. EDT",0,17,2150,0,24718,2903,3855
FLA,"5/20/2022 12 a.m. EDT",1,18,1880,0,22168,2623,3857
FLA,"5/20/2022 1 a.m. EDT",0,17,1843,0,19986,2206,3849
FLA,"5/20/2022 2 a.m. EDT",0,18,1779,0,18154,2003,3848
FLA,"5/20/2022 3 a.m. EDT",0,18,1755,0,16773,1732,3855
FLA,"5/20/2022 4 a.m. EDT",0,17,1760,0,15618,1702,3853
FLA,"5/20/2022 5 a.m. EDT",0,18,1743,0,15137,1710,3853
FLA,"5/20/2022 6 a.m. EDT",0,18,1761,0,15726,1745,3855
FLA,"5/20/2022 7 a.m. EDT",5,18,1871,0,17152,1664,3846
FLA,"5/20/2022 8 a.m. EDT",272,18,1914,0,18087,1683,3847
FLA,"5/20/2022 9 a.m. EDT",835,18,1923,0,19215,1844,3858
FLA,"5/20/2022 10 a.m. EDT",1406,20,2025,0,20441,2127,3860
FLA,"5/20/2022 11 a.m. EDT",1939,24,2160,1,21240,2493,3858
FLA,"5/20/2022 12 p.m. EDT",2876,24,2276,0,21647,2916,3854
FLA,"5/20/2022 1 p.m. EDT",3166,24,2295,0,22624,3164,3863
FLA,"5/20/2022 2 p.m. EDT",2496,27,2289,0,24288,3493,3857
FLA,"5/20/2022 3 p.m. EDT",2153,26,2358,18,25427,3606,3852
FLA,"5/20/2022 4 p.m. EDT",2461,25,2556,21,25214,3717,3858
FLA,"5/20/2022 5 p.m. EDT",2065,27,2468,33,25034,3891,3856
FLA,"5/20/2022 6 p.m. EDT",1102,36,2469,20,25080,3941,3856
FLA,"5/20/2022 7 p.m. EDT",539,24,2380,0,24263,3800,3851
FLA,"5/20/2022 8 p.m. EDT",184,23,2309,0,23196,3376,3858
FLA,"5/20/2022 9 p.m. EDT",5,24,2259,0,22362,3228,3854
FLA,"5/20/2022 10 p.m. EDT",-1,25,2138,0,21174,2972,3842
FLA,"5/20/2022 11 p.m. EDT",0,24,2108,0,19707,2555,3862
FLA,"5/21/2022 12 a.m. EDT",0,25,2044,0,17796,2400,3855
FLA,"5/21/2022 1 a.m. EDT",0,25,1792,0,16616,2003,3877
FLA,"5/21/2022 2 a.m. EDT",0,25,1802,0,15597,1823,3877
FLA,"5/21/2022 3 a.m. EDT",0,26,1765,0,14923,1594,3881
FLA,"5/21/2022 4 a.m. EDT",-1,25,1727,0,14368,1576,3886
FLA,"5/21/2022 5 a.m. EDT",-1,25,1683,0,14096,1574,3884
FLA,"5/21/2022 6 a.m. EDT",0,25,1685,0,14167,1579,3886
FLA,"5/21/2022 7 a.m. EDT",3,25,1759,0,14588,1576,3885
FLA,"5/21/2022 8 a.m. EDT",355,25,1732,0,15468,1574,3888
FLA,"5/21/2022 9 a.m. EDT",1260,25,1808,0,16949,1699,3889
FLA,"5/21/2022 10 a.m. EDT",1835,25,2068,0,18923,2129,3888
FLA,"5/21/2022 11 a.m. EDT",2175,25,2192,0,21090,2600,3884
FLA,"5/21/2022 12 p.m. EDT",2669,25,2295,0,22643,2998,3888
FLA,"5/21/2022 1 p.m. EDT",3342,25,2330,0,23610,3392,3887
FLA,"5/21/2022 2 p.m. EDT",3678,25,2337,18,24872,3503,3885
FLA,"5/21/2022 3 p.m. EDT",3605,25,2369,50,26136,3798,3883
FLA,"5/21/2022 4 p.m. EDT",3166,25,2386,52,26967,4169,3886
FLA,"5/21/2022 5 p.m. EDT",2052,25,2402,46,27799,4341,3884
FLA,"5/21/2022 6 p.m. EDT",1129,36,2427,27,27810,4041,3879
FLA,"5/21/2022 7 p.m. EDT",515,23,2381,0,27116,3628,3881
FLA,"5/21/2022 8 p.m. EDT",159,23,2184,0,25590,3196,3879
FLA,"5/21/2022 9 p.m. EDT",1,24,2091,0,25063,2793,3882
FLA,"5/21/2022 10 p.m. EDT",0,24,2003,19,23717,2577,3876
FLA,"5/21/2022 11 p.m. EDT",0,26,1935,0,21975,2281,3882
FLA,"5/22/2022 12 a.m. EDT",-1,25,1872,0,19935,2053,3882
FLA,"5/22/2022 1 a.m. EDT",0,26,1776,0,18024,1801,3886
FLA,"5/22/2022 2 a.m. EDT",0,25,1784,0,16683,1530,3883
FLA,"5/22/2022 3 a.m. EDT",0,26,1786,0,15403,1522,3891
FLA,"5/22/2022 4 a.m. EDT",0,25,1814,0,14650,1520,3889
FLA,"5/22/2022 5 a.m. EDT",0,26,1787,0,14317,1551,3874
FLA,"5/22/2022 6 a.m. EDT",0,25,1752,0,14348,1543,3887
FLA,"5/22/2022 7 a.m. EDT",4,26,1836,0,14675,1536,3889
FLA,"5/22/2022 8 a.m. EDT",412,25,1837,0,15293,1578,3893
FLA,"5/22/2022 9 a.m. EDT",1479,25,1960,0,16862,1647,3889
FLA,"5/22/2022 10 a.m. EDT",2308,25,2041,0,19055,1978,3892
FLA,"5/22/2022 11 a.m. EDT",3045,25,2150,0,21233,2374,3891
FLA,"5/22/2022 12 p.m. EDT",3577,24,2224,0,23071,2863,3893
FLA,"5/22/2022 1 p.m. EDT",3907,22,2294,0,24689,3176,3888
FLA,"5/22/2022 2 p.m. EDT",3969,22,2316,0,25847,3446,3885
FLA,"5/22/2022 3 p.m. EDT",4090,22,2469,38,26619,3692,3884
FLA,"5/22/2022 4 p.m. EDT",3913,23,2526,50,27426,4119,3886
FLA,"5/22/2022 5 p.m. EDT",3327,22,2615,46,28093,4615,3881
FLA,"5/22/2022 6 p.m. EDT",2443,23,2641,49,28788,4699,3881
FLA,"5/22/2022 7 p.m. EDT",1347,22,2600,43,28708,4621,3884
FLA,"5/22/2022 8 p.m. EDT",326,23,2482,48,28020,4278,3879
FLA,"5/22/2022 9 p.m. EDT",4,23,2254,48,28152,3796,3880
FLA,"5/22/2022 10 p.m. EDT",0,23,2175,40,26919,3180,3877
FLA,"5/22/2022 11 p.m. EDT",0,23,2046,0,24634,2812,3876
FLA,"5/23/2022 12 a.m. EDT",0,23,1905,0,22025,2364,3882
FLA,"5/23/2022 1 a.m. EDT",0,23,1813,0,19777,2039,3884
FLA,"5/23/2022 2 a.m. EDT",0,23,1803,0,18027,1836,3886
FLA,"5/23/2022 3 a.m. EDT",-1,23,1807,0,16692,1787,3891
FLA,"5/23/2022 4 a.m. EDT",0,23,1771,0,15884,1767,3885
FLA,"5/23/2022 5 a.m. EDT",0,23,1756,0,15730,1782,3885
FLA,"5/23/2022 6 a.m. EDT",0,23,1805,0,16421,1841,3889
FLA,"5/23/2022 7 a.m. EDT",16,22,1911,0,17749,1911,3874
FLA,"5/23/2022 8 a.m. EDT",495,23,1909,0,18610,2011,3883
FLA,"5/23/2022 9 a.m. EDT",1736,23,1971,0,19466,2167,3885
FLA,"5/23/2022 10 a.m. EDT",2895,22,2065,0,20634,2269,3888
FLA,"5/23/2022 11 a.m. EDT",3702,23,2191,0,22237,2480,3892
FLA,"5/23/2022 12 p.m. EDT",4008,23,2298,0,24219,2746,3890
FLA,"5/23/2022 1 p.m. EDT",4085,22,2376,0,26005,3131,3889
FLA,"5/23/2022 2 p.m. EDT",4232,23,2431,0,27158,3414,3891
FLA,"5/23/2022 3 p.m. EDT",3984,23,2608,6,27944,3589,3889
FLA,"5/23/2022 4 p.m. EDT",3900,21,2801,83,28306,3518,3883
FLA,"5/23/2022 5 p.m. EDT",3586,20,2970,319,28798,3495,3880
FLA,"5/23/2022 6 p.m. EDT",2785,37,3020,455,29330,3437,3884
FLA,"5/23/2022 7 p.m. EDT",1451,21,2946,459,29878,3310,3884
FLA,"5/23/2022 8 p.m. EDT",343,21,2738,389,29337,3191,3887
FLA,"5/23/2022 9 p.m. EDT",3,22,2665,85,28963,3108,3886
FLA,"5/23/2022 10 p.m. EDT",0,22,2719,25,27236,2817,3887
FLA,"5/23/2022 11 p.m. EDT",-1,22,2603,0,24496,2453,3888
FLA,"5/24/2022 12 a.m. EDT",0,22,2457,0,21639,2232,3889
FLA,"5/24/2022 1 a.m. EDT",0,23,1966,0,19659,1926,3891
FLA,"5/24/2022 2 a.m. EDT",0,23,1851,0,17973,1782,3891
FLA,"5/24/2022 3 a.m. EDT",0,23,1835,0,16365,1707,3897
FLA,"5/24/2022 4 a.m. EDT",0,23,1829,0,15592,1645,3897
FLA,"5/24/2022 5 a.m. EDT",0,24,1792,0,15289,1663,3895
FLA,"5/24/2022 6 a.m. EDT",0,23,1795,0,15940,1735,3886
FLA,"5/24/2022 7 a.m. EDT",13,23,1884,0,17415,1895,3890
FLA,"5/24/2022 8 a.m. EDT",439,23,1915,0,17818,1907,3894
FLA,"5/24/2022 9 a.m. EDT",1579,23,1978,0,18680,2094,3885
FLA,"5/24/2022 10 a.m. EDT",2770,23,2072,0,19668,2344,3886
FLA,"5/24/2022 11 a.m. EDT",3550,23,2218,6,21199,2608,3888
FLA,"5/24/2022 12 p.m. EDT",3953,28,2337,0,22915,2935,3892
FLA,"5/24/2022 1 p.m. EDT",4082,37,2372,0,24722,3188,3884
FLA,"5/24/2022 2 p.m. EDT",4229,37,2388,0,26064,3314,3892
FLA,"5/24/2022 3 p.m. EDT",4160,36,2377,0,26974,3281,3889
FLA,"5/24/2022 4 p.m. EDT",4054,35,2379,31,27604,3451,3886
FLA,"5/24/2022 5 p.m. EDT",3565,35,2381,42,28503,3457,3886
FLA,"5/24/2022 6 p.m. EDT",2592,37,2384,46,29287,3469,3882
FLA,"5/24/2022 7 p.m. EDT",1634,35,2352,33,29424,3317,3888
FLA,"5/24/2022 8 p.m. EDT",422,34,2296,0,28563,3263,3883
FLA,"5/24/2022 9 p.m. EDT",2,34,2239,0,27384,3217,3884
FLA,"5/24/2022 10 p.m. EDT",0,34,2168,0,25822,3064,3885
FLA,"5/24/2022 11 p.m. EDT",0,33,2061,0,23565,2880,3882
FLA,"5/25/2022 12 a.m. EDT",0,33,1945,0,21120,2575,3887
FLA,"5/25/2022 1 a.m. EDT",0,33,1805,0,18824,2201,3891
FLA,"5/25/2022 2 a.m. EDT",0,33,1810,0,16994,2028,3893
FLA,"5/25/2022 3 a.m. EDT",0,33,1806,0,15657,1947,3892
FLA,"5/25/2022 4 a.m. EDT",0,33,1773,0,14894,1907,3895
FLA,"5/25/2022 5 a.m. EDT",-1,33,1755,0,14552,1907,3898
FLA,"5/25/2022 6 a.m. EDT",0,33,1802,0,15173,1953,3890
FLA,"5/25/2022 7 a.m. EDT",12,33,1883,0,16507,2085,3894
FLA,"5/25/2022 8 a.m. EDT",687,33,1887,0,16973,2049,3889
FLA,"5/25/2022 9 a.m. EDT",2116,33,1957,0,17670,2110,3892
FLA,"5/25/2022 10 a.m. EDT",3091,33,2107,0,18904,2437,3894
FLA,"5/25/2022 11 a.m. EDT",3658,33,2206,0,20451,2726,3893
FLA,"5/25/2022 12 p.m. EDT",3847,33,2313,0,22399,3026,3889
FLA,"5/25/2022 1 p.m. EDT",3993,32,2359,1,23951,3267,3893
FLA,"5/25/2022 2 p.m. EDT",4024,33,2369,41,25353,3352,3895
FLA,"5/25/2022 3 p.m. EDT",4054,33,2365,42,26553,3422,3895
FLA,"5/25/2022 4 p.m. EDT",3835,33,2364,42,27535,3428,3893
FLA,"5/25/2022 5 p.m. EDT",3161,33,2340,44,28544,3443,3890
FLA,"5/25/2022 6 p.m. EDT",2207,36,2444,43,28998,3355,3893
FLA,"5/25/2022 7 p.m. EDT",1388,31,2507,30,28763,3248,3890
FLA,"5/25/2022 8 p.m. EDT",492,31,2492,0,27988,3189,3885
FLA,"5/25/2022 9 p.m. EDT",3,32,2336,0,27608,3073,3888
FLA,"5/25/2022 10 p.m. EDT",0,32,2132,0,26007,2940,3884
FLA,"5/25/2022 11 p.m. EDT",-1,31,2027,0,23888,2729,3873
FLA,"5/26/2022 12 a.m. EDT",0,33,1920,0,21558,2418,3882
FLA,"5/26/2022 1 a.m. EDT",0,32,1512,0,19532,2115,3882
FLA,"5/26/2022 2 a.m. EDT",0,32,1217,0,18159,1823,3895
FLA,"5/26/2022 3 a.m. EDT",0,32,1220,0,16937,1732,3894
FLA,"5/26/2022 4 a.m. EDT",0,31,1223,0,16253,1653,3899
FLA,"5/26/2022 5 a.m. EDT",0,32,1201,0,16033,1625,3890
FLA,"5/26/2022 6 a.m. EDT",0,31,1242,0,16797,1691,3887
FLA,"5/26/2022 7 a.m. EDT",16,32,1357,0,17921,1862,3892
FLA,"5/26/2022 8 a.m. EDT",357,31,1362,0,18491,1900,3903
FLA,"5/26/2022 9 a.m. EDT",1486,31,1394,0,19260,2093,3903
FLA,"5/26/2022 10 a.m. EDT",2776,32,1442,0,20112,2406,3904
FLA,"5/26/2022 11 a.m. EDT",3419,33,1566,0,21148,2029,3896
FLA,"5/26/2022 12 p.m. EDT",4052,37,1848,0,23219,3553,3884
FLA,"5/26/2022 1 p.m. EDT",4239,39,2264,0,23991,3225,3902
FLA,"5/26/2022 2 p.m. EDT",4187,36,2334,0,25515,3678,3891
FLA,"5/26/2022 3 p.m. EDT",4055,36,2373,22,26840,3765,3895
FLA,"5/26/2022 4 p.m. EDT",3879,36,2350,48,28015,4002,3888
FLA,"5/26/2022 5 p.m. EDT",3170,36,2341,49,28846,4153,3887
FLA,"5/26/2022 6 p.m. EDT",2044,37,2325,39,29590,4167,3888
FLA,"5/26/2022 7 p.m. EDT",1008,35,2278,2,29457,4148,3886
FLA,"5/26/2022 8 p.m. EDT",247,35,2253,0,28316,3925,3884
FLA,"5/26/2022 9 p.m. EDT",0,34,2227,0,27611,3662,3886
FLA,"5/26/2022 10 p.m. EDT",0,35,2149,0,26072,3304,3890
FLA,"5/26/2022 11 p.m. EDT",0,35,2016,0,23703,2907,3889
FLA,"5/27/2022 12 a.m. EDT",0,34,1906,0,21632,2355,3890
FLA,"5/27/2022 1 a.m. EDT",-1,35,1688,0,19349,2010,3895
FLA,"5/27/2022 2 a.m. EDT",0,34,1234,0,18061,1740,3895
FLA,"5/27/2022 3 a.m. EDT",0,35,1243,0,16987,1609,3894
FLA,"5/27/2022 4 a.m. EDT",0,34,1255,0,16354,1538,3900
FLA,"5/27/2022 5 a.m. EDT",0,35,1242,0,16320,1424,3898
FLA,"5/27/2022 6 a.m. EDT",0,35,1261,0,16830,1466,3891
FLA,"5/27/2022 7 a.m. EDT",4,34,1362,0,17893,1552,3881
FLA,"5/27/2022 8 a.m. EDT",429,35,1393,0,18478,1606,3895
FLA,"5/27/2022 9 a.m. EDT",1813,35,1456,0,19347,1721,3899
FLA,"5/27/2022 10 a.m. EDT",2991,34,1542,0,20787,2115,3901
FLA,"5/27/2022 11 a.m. EDT",3306,35,1601,0,23127,2387,3893
FLA,"5/27/2022 12 p.m. EDT",3573,35,1727,0,25018,2704,3891
FLA,"5/27/2022 1 p.m. EDT",3811,39,2197,0,25907,2796,3892
FLA,"5/27/2022 2 p.m. EDT",3621,39,2203,0,27184,2942,3890
FLA,"5/27/2022 3 p.m. EDT",3373,39,2228,0,27724,3101,3889
FLA,"5/27/2022 4 p.m. EDT",2971,37,2228,0,27984,3063,3889
FLA,"5/27/2022 5 p.m. EDT",2715,37,2207,0,27762,3004,3888
FLA,"5/27/2022 6 p.m. EDT",2075,36,2188,0,27668,2863,3885
FLA,"5/27/2022 7 p.m. EDT",1460,37,2108,0,26921,2822,3884
FLA,"5/27/2022 8 p.m. EDT",485,36,2066,0,26217,2716,3884
FLA,"5/27/2022 9 p.m. EDT",12,37,2019,0,25650,2511,3887
FLA,"5/27/2022 10 p.m. EDT",1,36,1977,0,24802,2220,3882
FLA,"5/27/2022 11 p.m. EDT",0,36,1935,0,22944,1899,3883
FLA,"5/28/2022 12 a.m. EDT",0,36,1819,0,21057,1648,3889
FLA,"5/28/2022 1 a.m. EDT",0,36,1661,0,19262,1468,3884
FLA,"5/28/2022 2 a.m. EDT",0,36,1193,0,18035,1354,3889
FLA,"5/28/2022 3 a.m. EDT",-1,36,1165,0,16712,1312,3886
FLA,"5/28/2022 4 a.m. EDT",0,37,1167,0,15755,1296,3892
FLA,"5/28/2022 5 a.m. EDT",0,36,1165,0,15297,1303,3896
FLA,"5/28/2022 6 a.m. EDT",0,37,1181,0,15194,1305,3894
FLA,"5/28/2022 7 a.m. EDT",17,36,1223,0,15159,1322,3896
FLA,"5/28/2022 8 a.m. EDT",623,36,1211,0,15536,1459,3894
FLA,"5/28/2022 9 a.m. EDT",2110,36,1237,0,16847,1606,3890
FLA,"5/28/2022 10 a.m. EDT",2983,37,1272,0,18769,1915,3900
FLA,"5/28/2022 11 a.m. EDT",3476,36,1351,0,21179,2076,3896
FLA,"5/28/2022 12 p.m. EDT",3819,36,1491,0,22951,2310,3893
FLA,"5/28/2022 1 p.m. EDT",3877,37,1984,0,24193,2600,3895
FLA,"5/28/2022 2 p.m. EDT",4064,36,2131,0,25237,2855,3891
FLA,"5/28/2022 3 p.m. EDT",3730,36,2185,36,26401,3114,3889
FLA,"5/28/2022 4 p.m. EDT",3606,37,2147,4,27172,3212,3882
FLA,"5/28/2022 5 p.m. EDT",3328,36,2138,0,28137,3188,3877
FLA,"5/28/2022 6 p.m. EDT",2931,36,2117,0,27947,3118,3882
FLA,"5/28/2022 7 p.m. EDT",1917,36,2066,0,27748,3020,3881
FLA,"5/28/2022 8 p.m. EDT",639,36,1922,0,27325,2615,3877
FLA,"5/28/2022 9 p.m. EDT",10,35,1898,0,26170,2348,3877
FLA,"5/28/2022 10 p.m. EDT",0,36,1875,0,24409,2320,3877
FLA,"5/28/2022 11 p.m. EDT",6000,37,1856,0,33993,2190,2981
FLA,"5/29/2022 12 a.m. EDT",6000,36,1749,0,18766,1929,2981
FLA,"5/29/2022 1 a.m. EDT",0,36,1683,0,18089,1639,3885
FLA,"5/29/2022 2 a.m. EDT",0,36,1688,0,16345,1452,3884
FLA,"5/29/2022 3 a.m. EDT",0,37,1698,0,14911,1384,3882
FLA,"5/29/2022 4 a.m. EDT",0,36,1623,0,13834,1392,3884
FLA,"5/29/2022 5 a.m. EDT",0,37,1523,0,13338,1391,3885
FLA,"5/29/2022 6 a.m. EDT",-2,36,1507,0,13048,1322,3882
FLA,"5/29/2022 7 a.m. EDT",18,36,1568,0,13070,1298,3883
FLA,"5/29/2022 8 a.m. EDT",777,37,1578,0,13521,1301,3878
FLA,"5/29/2022 9 a.m. EDT",2336,37,1716,0,14659,1489,3879
FLA,"5/29/2022 10 a.m. EDT",3512,37,1805,0,16662,1675,3883
FLA,"5/29/2022 11 a.m. EDT",4182,36,1845,0,18936,2016,3880
FLA,"5/29/2022 12 p.m. EDT",4637,36,1964,0,21419,2223,3876
FLA,"5/29/2022 1 p.m. EDT",4682,39,2093,0,23513,2658,3876
FLA,"5/29/2022 2 p.m. EDT",4460,39,2179,0,25230,2991,3875
FLA,"5/29/2022 3 p.m. EDT",4258,39,2262,0,25936,3260,3868
FLA,"5/29/2022 4 p.m. EDT",3741,38,2293,0,26450,3492,3861
FLA,"5/29/2022 5 p.m. EDT",3130,38,2298,32,26619,3567,3860
FLA,"5/29/2022 6 p.m. EDT",2469,39,2221,48,26054,3541,3856
FLA,"5/29/2022 7 p.m. EDT",1646,38,2165,43,25635,3266,3857
FLA,"5/29/2022 8 p.m. EDT",529,38,2147,12,24650,3221,3863
FLA,"5/29/2022 9 p.m. EDT",14,37,2113,0,24050,3101,3865
FLA,"5/29/2022 10 p.m. EDT",0,38,2045,0,22973,2882,3862
FLA,"5/29/2022 11 p.m. EDT",0,38,1910,0,20915,2508,3867
FLA,"5/30/2022 12 a.m. EDT",0,38,1780,0,18948,2142,3873
FLA,"5/30/2022 1 a.m. EDT",0,37,1698,0,17381,1571,3869
FLA,"5/30/2022 2 a.m. EDT",0,38,1698,0,15655,1401,3874
FLA,"5/30/2022 3 a.m. EDT",0,38,1699,0,14473,1326,3874
FLA,"5/30/2022 4 a.m. EDT",0,38,1693,0,13628,1326,3873
FLA,"5/30/2022 5 a.m. EDT",0,38,1684,0,13359,1326,3875
FLA,"5/30/2022 6 a.m. EDT",0,38,1719,0,13463,1323,3864
FLA,"5/30/2022 7 a.m. EDT",16,38,1754,0,13543,1324,3866
FLA,"5/30/2022 8 a.m. EDT",630,38,1642,0,13721,1394,3877
FLA,"5/30/2022 9 a.m. EDT",2022,38,1547,0,14574,1529,3877
FLA,"5/30/2022 10 a.m. EDT",3121,38,1735,0,16286,1782,3864
FLA,"5/30/2022 11 a.m. EDT",3877,38,1910,0,18586,2130,3876
FLA,"5/30/2022 12 p.m. EDT",4280,38,2070,0,21274,2380,3870
FLA,"5/30/2022 1 p.m. EDT",4271,38,2180,0,23320,2957,3869
FLA,"5/30/2022 2 p.m. EDT",4283,38,2372,0,24661,3285,3870
FLA,"5/30/2022 3 p.m. EDT",4100,37,2395,0,25967,3428,3860
FLA,"5/30/2022 4 p.m. EDT",3971,38,2418,0,26389,3606,3866
FLA,"5/30/2022 5 p.m. EDT",3419,38,2420,15,26631,3701,3857
FLA,"5/30/2022 6 p.m. EDT",2394,37,2423,51,26849,3788,3868
FLA,"5/30/2022 7 p.m. EDT",1149,38,2343,52,27019,3372,3867
FLA,"5/30/2022 8 p.m. EDT",201,37,2150,54,26761,3752,3866
FLA,"5/30/2022 9 p.m. EDT",3,38,1989,12,25800,2731,3868
FLA,"5/30/2022 10 p.m. EDT",0,37,1833,0,24516,2202,3869
FLA,"5/30/2022 11 p.m. EDT",0,38,1831,0,22092,1915,3867
FLA,"5/31/2022 12 a.m. EDT",0,38,1797,0,19664,1752,3868
FLA,"5/31/2022 1 a.m. EDT",0,37,1693,0,17456,1392,3870
FLA,"5/31/2022 2 a.m. EDT",0,38,1685,0,15804,1302,3873
FLA,"5/31/2022 3 a.m. EDT",0,38,1638,0,14667,1247,3872
FLA,"5/31/2022 4 a.m. EDT",0,38,1589,0,14113,1249,3873
FLA,"5/31/2022 5 a.m. EDT",0,39,1544,0,13817,1250,3876
FLA,"5/31/2022 6 a.m. EDT",0,38,1618,0,14386,1255,3877
FLA,"5/31/2022 7 a.m. EDT",8,38,1756,0,15611,1302,3877
FLA,"5/31/2022 8 a.m. EDT",656,38,1779,0,16507,1426,3878
FLA,"5/31/2022 9 a.m. EDT",2086,39,1793,0,17385,1584,3874
FLA,"5/31/2022 10 a.m. EDT",3007,38,1869,0,18636,1793,3880
FLA,"5/31/2022 11 a.m. EDT",3526,39,1930,0,20452,2104,3881
FLA,"5/31/2022 12 p.m. EDT",3623,38,1948,0,22678,2316,3875
FLA,"5/31/2022 1 p.m. EDT",3789,33,2128,0,24553,2566,3877
FLA,"5/31/2022 2 p.m. EDT",3881,32,2221,0,25898,2997,3870
FLA,"5/31/2022 3 p.m. EDT",3676,33,2257,0,26902,3345,3875
FLA,"5/31/2022 4 p.m. EDT",3546,32,2258,0,27571,3459,3867
FLA,"5/31/2022 5 p.m. EDT",3041,32,2229,3,28195,3527,3868
FLA,"5/31/2022 6 p.m. EDT",2269,37,2176,39,28436,3388,3865
FLA,"5/31/2022 7 p.m. EDT",1141,33,2081,8,28352,3118,3867
FLA,"5/31/2022 8 p.m. EDT",254,34,1991,0,27456,2791,3867
FLA,"5/31/2022 9 p.m. EDT",15,36,1885,0,26517,2479,3866
FLA,"5/31/2022 10 p.m. EDT",-1,36,1811,0,25180,2135,3869
FLA,"5/31/2022 11 p.m. EDT",0,36,1793,0,22616,1936,3865
FLA,"6/1/2022 12 a.m. EDT",0,37,1300,0,20357,1651,3871
