"BA Code","Timestamp (Hour Ending)","Wind Generation (MWh)","Solar Generation (MWh)","Hydro Generation (MWh)","Other Generation (MWh)","Natural gas Generation (MWh)","Coal Generation (MWh)"
LDWP,"1/1/2022 12 a.m. PST",99,0,183,205,1261,223
LDWP,"1/1/2022 1 a.m. PST",106,0,182,164,1296,223
LDWP,"1/1/2022 2 a.m. PST",120,0,183,166,1271,222
LDWP,"1/1/2022 3 a.m. PST",117,0,0,180,1292,221
LDWP,"1/1/2022 4 a.m. PST",90,0,0,180,1293,221
LDWP,"1/1/2022 5 a.m. PST",90,0,0,181,1294,221
LDWP,"1/1/2022 6 a.m. PST",94,0,0,183,1294,221
LDWP,"1/1/2022 7 a.m. PST",90,0,0,199,1292,221
LDWP,"1/1/2022 8 a.m. PST",102,135,0,197,1175,220
LDWP,"1/1/2022 9 a.m. PST",148,575,0,180,620,220
LDWP,"1/1/2022 10 a.m. PST",154,839,0,170,369,220
LDWP,"1/1/2022 11 a.m. PST",104,900,0,165,361,220
LDWP,"1/1/2022 12 p.m. PST",65,897,0,165,361,219
LDWP,"1/1/2022 1 p.m. PST",59,882,0,140,361,219
LDWP,"1/1/2022 2 p.m. PST",28,837,0,100,368,219
LDWP,"1/1/2022 3 p.m. PST",4,717,0,105,468,220
LDWP,"1/1/2022 4 p.m. PST",0,375,305,137,733,220
LDWP,"1/1/2022 5 p.m. PST",0,37,404,202,1054,221
LDWP,"1/1/2022 6 p.m. PST",0,0,369,230,1305,221
LDWP,"1/1/2022 7 p.m. PST",0,0,372,231,1369,221
LDWP,"1/1/2022 8 p.m. PST",1,0,381,231,1511,220
LDWP,"1/1/2022 9 p.m. PST",2,0,378,228,1549,220
LDWP,"1/1/2022 10 p.m. PST",0,0,407,230,1548,220
LDWP,"1/1/2022 11 p.m. PST",0,0,310,231,1418,221
LDWP,"1/2/2022 12 a.m. PST",2,0,340,221,1250,221
LDWP,"1/2/2022 1 a.m. PST",0,0,218,205,1222,221
LDWP,"1/2/2022 2 a.m. PST",0,0,0,193,1195,221
LDWP,"1/2/2022 3 a.m. PST",0,0,0,188,1105,221
LDWP,"1/2/2022 4 a.m. PST",0,0,0,189,1084,221
LDWP,"1/2/2022 5 a.m. PST",0,0,0,191,1096,221
LDWP,"1/2/2022 6 a.m. PST",0,0,0,199,1028,221
LDWP,"1/2/2022 7 a.m. PST",0,0,0,207,1130,221
LDWP,"1/2/2022 8 a.m. PST",0,135,0,199,1049,220
LDWP,"1/2/2022 9 a.m. PST",0,563,0,130,633,220
LDWP,"1/2/2022 10 a.m. PST",7,820,0,112,528,219
LDWP,"1/2/2022 11 a.m. PST",0,873,0,103,527,220
LDWP,"1/2/2022 12 p.m. PST",1,879,0,105,527,220
LDWP,"1/2/2022 1 p.m. PST",3,869,0,103,527,221
LDWP,"1/2/2022 2 p.m. PST",1,837,0,106,527,221
LDWP,"1/2/2022 3 p.m. PST",2,727,0,115,528,221
LDWP,"1/2/2022 4 p.m. PST",12,390,5,143,721,222
LDWP,"1/2/2022 5 p.m. PST",52,41,387,223,1205,222
LDWP,"1/2/2022 6 p.m. PST",55,0,371,236,1481,221
LDWP,"1/2/2022 7 p.m. PST",52,0,375,242,1410,220
LDWP,"1/2/2022 8 p.m. PST",57,0,372,242,1415,220
LDWP,"1/2/2022 9 p.m. PST",73,0,446,240,1547,220
LDWP,"1/2/2022 10 p.m. PST",69,0,398,240,1547,221
LDWP,"1/2/2022 11 p.m. PST",131,0,180,230,1433,222
LDWP,"1/3/2022 12 a.m. PST",144,0,0,222,1288,222
LDWP,"1/3/2022 1 a.m. PST",159,0,0,201,1294,222
LDWP,"1/3/2022 2 a.m. PST",201,0,0,190,1269,221
LDWP,"1/3/2022 3 a.m. PST",176,0,0,189,1250,221
LDWP,"1/3/2022 4 a.m. PST",161,0,0,189,1270,221
LDWP,"1/3/2022 5 a.m. PST",111,0,0,190,1259,221
LDWP,"1/3/2022 6 a.m. PST",164,0,173,200,1293,221
LDWP,"1/3/2022 7 a.m. PST",169,0,209,208,1525,220
LDWP,"1/3/2022 8 a.m. PST",225,143,181,212,1565,220
LDWP,"1/3/2022 9 a.m. PST",208,523,0,193,1149,220
LDWP,"1/3/2022 10 a.m. PST",202,825,0,120,807,221
LDWP,"1/3/2022 11 a.m. PST",174,885,0,113,591,220
LDWP,"1/3/2022 12 p.m. PST",177,877,0,109,559,219
LDWP,"1/3/2022 1 p.m. PST",260,830,0,109,533,219
LDWP,"1/3/2022 2 p.m. PST",248,669,0,112,590,219
LDWP,"1/3/2022 3 p.m. PST",235,611,0,123,650,219
LDWP,"1/3/2022 4 p.m. PST",286,261,44,162,857,220
LDWP,"1/3/2022 5 p.m. PST",299,32,245,229,1446,220
LDWP,"1/3/2022 6 p.m. PST",302,0,368,232,1772,220
LDWP,"1/3/2022 7 p.m. PST",304,0,369,236,1737,220
LDWP,"1/3/2022 8 p.m. PST",294,0,369,231,1611,219
LDWP,"1/3/2022 9 p.m. PST",293,0,368,226,1525,219
LDWP,"1/3/2022 10 p.m. PST",297,0,365,223,1494,220
LDWP,"1/3/2022 11 p.m. PST",286,0,179,216,1352,220
LDWP,"1/4/2022 12 a.m. PST",294,0,0,198,1057,220
LDWP,"1/4/2022 1 a.m. PST",309,0,0,163,565,220
LDWP,"1/4/2022 2 a.m. PST",325,0,0,142,590,221
LDWP,"1/4/2022 3 a.m. PST",326,0,0,149,597,221
LDWP,"1/4/2022 4 a.m. PST",321,0,0,162,551,221
LDWP,"1/4/2022 5 a.m. PST",321,0,0,165,500,221
LDWP,"1/4/2022 6 a.m. PST",311,0,0,164,528,220
LDWP,"1/4/2022 7 a.m. PST",312,0,176,170,718,220
LDWP,"1/4/2022 8 a.m. PST",324,115,354,200,996,219
LDWP,"1/4/2022 9 a.m. PST",299,517,179,167,787,219
LDWP,"1/4/2022 10 a.m. PST",304,790,0,115,683,219
LDWP,"1/4/2022 11 a.m. PST",297,860,0,100,594,219
LDWP,"1/4/2022 12 p.m. PST",287,852,0,97,480,219
LDWP,"1/4/2022 1 p.m. PST",221,812,0,97,479,219
LDWP,"1/4/2022 2 p.m. PST",155,725,0,101,479,219
LDWP,"1/4/2022 3 p.m. PST",137,633,0,113,479,219
LDWP,"1/4/2022 4 p.m. PST",84,359,0,140,554,219
LDWP,"1/4/2022 5 p.m. PST",85,44,0,203,1106,220
LDWP,"1/4/2022 6 p.m. PST",80,0,183,236,1470,220
LDWP,"1/4/2022 7 p.m. PST",107,0,183,236,1483,218
LDWP,"1/4/2022 8 p.m. PST",127,0,183,233,1501,219
LDWP,"1/4/2022 9 p.m. PST",167,0,183,227,1494,219
LDWP,"1/4/2022 10 p.m. PST",177,0,182,220,1386,220
LDWP,"1/4/2022 11 p.m. PST",199,0,182,223,1349,220
LDWP,"1/5/2022 12 a.m. PST",196,0,0,199,1309,219
LDWP,"1/5/2022 1 a.m. PST",202,0,0,146,1307,219
LDWP,"1/5/2022 2 a.m. PST",273,0,0,129,1270,220
LDWP,"1/5/2022 3 a.m. PST",259,0,0,122,1228,220
LDWP,"1/5/2022 4 a.m. PST",277,0,0,120,1010,220
LDWP,"1/5/2022 5 a.m. PST",246,0,0,134,981,220
LDWP,"1/5/2022 6 a.m. PST",270,0,0,149,1013,220
LDWP,"1/5/2022 7 a.m. PST",162,0,175,208,1333,220
LDWP,"1/5/2022 8 a.m. PST",238,127,177,221,1408,220
LDWP,"1/5/2022 9 a.m. PST",243,554,0,195,1120,219
LDWP,"1/5/2022 10 a.m. PST",191,814,0,123,817,219
LDWP,"1/5/2022 11 a.m. PST",259,840,0,99,811,219
LDWP,"1/5/2022 12 p.m. PST",257,788,0,97,814,219
LDWP,"1/5/2022 1 p.m. PST",261,777,0,98,810,218
LDWP,"1/5/2022 2 p.m. PST",249,755,0,98,810,219
LDWP,"1/5/2022 3 p.m. PST",233,662,0,98,810,220
LDWP,"1/5/2022 4 p.m. PST",236,398,0,120,937,220
LDWP,"1/5/2022 5 p.m. PST",226,45,233,197,1315,220
LDWP,"1/5/2022 6 p.m. PST",200,0,369,235,1496,219
LDWP,"1/5/2022 7 p.m. PST",158,0,368,236,1591,219
LDWP,"1/5/2022 8 p.m. PST",130,0,368,228,1567,219
LDWP,"1/5/2022 9 p.m. PST",136,0,369,216,1499,219
LDWP,"1/5/2022 10 p.m. PST",97,0,367,215,1502,219
LDWP,"1/5/2022 11 p.m. PST",147,0,367,212,1416,219
LDWP,"1/6/2022 12 a.m. PST",148,0,186,192,1359,218
LDWP,"1/6/2022 1 a.m. PST",86,0,0,152,1381,218
LDWP,"1/6/2022 2 a.m. PST",95,0,0,124,1358,219
LDWP,"1/6/2022 3 a.m. PST",104,0,0,118,1263,220
LDWP,"1/6/2022 4 a.m. PST",94,0,0,114,1252,220
LDWP,"1/6/2022 5 a.m. PST",94,0,0,116,1291,220
LDWP,"1/6/2022 6 a.m. PST",120,0,0,177,1275,220
LDWP,"1/6/2022 7 a.m. PST",61,0,0,208,1485,220
LDWP,"1/6/2022 8 a.m. PST",45,124,0,212,1444,220
LDWP,"1/6/2022 9 a.m. PST",59,551,0,198,1242,220
LDWP,"1/6/2022 10 a.m. PST",43,812,0,124,1150,220
LDWP,"1/6/2022 11 a.m. PST",63,860,0,100,961,219
LDWP,"1/6/2022 12 p.m. PST",105,862,0,100,808,219
LDWP,"1/6/2022 1 p.m. PST",133,846,0,100,808,219
LDWP,"1/6/2022 2 p.m. PST",100,811,0,99,807,220
LDWP,"1/6/2022 3 p.m. PST",103,709,0,98,862,220
LDWP,"1/6/2022 4 p.m. PST",74,390,0,133,1050,220
LDWP,"1/6/2022 5 p.m. PST",91,46,223,202,1418,220
LDWP,"1/6/2022 6 p.m. PST",116,0,368,219,1496,220
LDWP,"1/6/2022 7 p.m. PST",133,0,382,221,1488,219
LDWP,"1/6/2022 8 p.m. PST",146,0,217,221,1499,219
LDWP,"1/6/2022 9 p.m. PST",183,0,216,223,1489,219
LDWP,"1/6/2022 10 p.m. PST",187,0,213,218,1499,218
LDWP,"1/6/2022 11 p.m. PST",196,0,24,221,1345,218
LDWP,"1/7/2022 12 a.m. PST",174,0,0,210,1088,219
LDWP,"1/7/2022 1 a.m. PST",210,0,0,200,967,219
LDWP,"1/7/2022 2 a.m. PST",259,0,0,193,959,220
LDWP,"1/7/2022 3 a.m. PST",232,0,0,142,953,220
LDWP,"1/7/2022 4 a.m. PST",216,0,0,112,893,220
LDWP,"1/7/2022 5 a.m. PST",169,0,0,116,871,219
LDWP,"1/7/2022 6 a.m. PST",268,0,0,194,881,219
LDWP,"1/7/2022 7 a.m. PST",283,0,0,226,1065,219
LDWP,"1/7/2022 8 a.m. PST",276,133,0,231,1192,219
LDWP,"1/7/2022 9 a.m. PST",290,569,0,218,878,219
LDWP,"1/7/2022 10 a.m. PST",253,834,0,146,835,219
LDWP,"1/7/2022 11 a.m. PST",294,882,0,115,805,219
LDWP,"1/7/2022 12 p.m. PST",302,888,0,112,807,219
LDWP,"1/7/2022 1 p.m. PST",317,839,0,108,810,219
LDWP,"1/7/2022 2 p.m. PST",315,614,0,107,809,218
LDWP,"1/7/2022 3 p.m. PST",309,315,0,108,925,218
LDWP,"1/7/2022 4 p.m. PST",319,112,16,135,1028,220
LDWP,"1/7/2022 5 p.m. PST",309,12,223,167,1266,219
LDWP,"1/7/2022 6 p.m. PST",292,0,380,217,1306,219
LDWP,"1/7/2022 7 p.m. PST",322,0,383,224,1376,219
LDWP,"1/7/2022 8 p.m. PST",312,0,381,220,1286,219
LDWP,"1/7/2022 9 p.m. PST",301,0,388,197,1224,219
LDWP,"1/7/2022 10 p.m. PST",305,0,390,192,948,220
LDWP,"1/7/2022 11 p.m. PST",323,0,379,191,879,220
LDWP,"1/8/2022 12 a.m. PST",326,0,379,136,714,221
LDWP,"1/8/2022 1 a.m. PST",303,0,201,116,790,222
LDWP,"1/8/2022 2 a.m. PST",182,0,184,114,662,221
LDWP,"1/8/2022 3 a.m. PST",64,0,196,122,648,219
LDWP,"1/8/2022 4 a.m. PST",127,0,195,123,690,219
LDWP,"1/8/2022 5 a.m. PST",90,0,189,123,700,219
LDWP,"1/8/2022 6 a.m. PST",41,0,188,135,644,219
LDWP,"1/8/2022 7 a.m. PST",37,0,208,183,688,219
LDWP,"1/8/2022 8 a.m. PST",30,124,195,188,735,219
LDWP,"1/8/2022 9 a.m. PST",18,558,4,112,648,218
LDWP,"1/8/2022 10 a.m. PST",12,820,13,108,645,218
LDWP,"1/8/2022 11 a.m. PST",20,870,0,107,647,218
LDWP,"1/8/2022 12 p.m. PST",96,876,0,103,647,218
LDWP,"1/8/2022 1 p.m. PST",62,865,0,98,661,218
LDWP,"1/8/2022 2 p.m. PST",78,835,0,97,675,218
LDWP,"1/8/2022 3 p.m. PST",76,739,0,98,730,219
LDWP,"1/8/2022 4 p.m. PST",100,419,18,101,861,220
LDWP,"1/8/2022 5 p.m. PST",61,55,390,184,1101,220
LDWP,"1/8/2022 6 p.m. PST",56,0,389,228,1248,219
LDWP,"1/8/2022 7 p.m. PST",36,0,391,229,1253,219
LDWP,"1/8/2022 8 p.m. PST",41,0,386,226,1254,219
LDWP,"1/8/2022 9 p.m. PST",38,0,386,221,1258,219
LDWP,"1/8/2022 10 p.m. PST",26,0,376,223,1258,220
LDWP,"1/8/2022 11 p.m. PST",10,0,384,226,1263,220
LDWP,"1/9/2022 12 a.m. PST",14,0,381,212,1293,220
LDWP,"1/9/2022 1 a.m. PST",7,0,16,227,1432,220
LDWP,"1/9/2022 2 a.m. PST",12,0,10,201,1365,221
LDWP,"1/9/2022 3 a.m. PST",19,0,19,147,1368,221
LDWP,"1/9/2022 4 a.m. PST",16,0,8,182,1370,220
LDWP,"1/9/2022 5 a.m. PST",5,0,13,202,1369,220
LDWP,"1/9/2022 6 a.m. PST",1,0,13,214,1370,219
LDWP,"1/9/2022 7 a.m. PST",0,0,15,218,1443,219
LDWP,"1/9/2022 8 a.m. PST",1,129,0,190,1381,219
LDWP,"1/9/2022 9 a.m. PST",1,574,0,119,962,219
LDWP,"1/9/2022 10 a.m. PST",9,836,0,106,674,219
LDWP,"1/9/2022 11 a.m. PST",16,891,0,101,647,218
LDWP,"1/9/2022 12 p.m. PST",47,903,0,99,648,218
LDWP,"1/9/2022 1 p.m. PST",58,895,0,101,647,219
LDWP,"1/9/2022 2 p.m. PST",75,862,0,108,648,220
LDWP,"1/9/2022 3 p.m. PST",74,767,0,108,649,220
LDWP,"1/9/2022 4 p.m. PST",46,439,180,112,669,219
LDWP,"1/9/2022 5 p.m. PST",34,60,419,134,884,220
LDWP,"1/9/2022 6 p.m. PST",24,0,392,208,1147,219
LDWP,"1/9/2022 7 p.m. PST",14,0,389,232,1007,219
LDWP,"1/9/2022 8 p.m. PST",5,0,378,232,1374,219
LDWP,"1/9/2022 9 p.m. PST",2,0,382,228,1215,218
LDWP,"1/9/2022 10 p.m. PST",2,0,375,230,1220,218
LDWP,"1/9/2022 11 p.m. PST",2,0,202,226,1229,219
LDWP,"1/10/2022 12 a.m. PST",0,0,195,227,1160,218
LDWP,"1/10/2022 1 a.m. PST",0,0,7,199,1186,219
LDWP,"1/10/2022 2 a.m. PST",0,0,10,198,1286,220
LDWP,"1/10/2022 3 a.m. PST",0,0,4,196,1322,220
LDWP,"1/10/2022 4 a.m. PST",0,0,8,195,1281,220
LDWP,"1/10/2022 5 a.m. PST",0,0,4,196,1288,219
LDWP,"1/10/2022 6 a.m. PST",0,0,409,221,1287,219
LDWP,"1/10/2022 7 a.m. PST",0,0,477,228,1372,219
LDWP,"1/10/2022 8 a.m. PST",0,123,484,212,1548,219
LDWP,"1/10/2022 9 a.m. PST",0,358,21,197,1416,219
LDWP,"1/10/2022 10 a.m. PST",0,610,7,191,1281,219
LDWP,"1/10/2022 11 a.m. PST",0,677,17,183,1184,219
LDWP,"1/10/2022 12 p.m. PST",3,698,9,128,947,218
LDWP,"1/10/2022 1 p.m. PST",6,758,11,119,824,218
LDWP,"1/10/2022 2 p.m. PST",8,794,5,121,813,218
LDWP,"1/10/2022 3 p.m. PST",9,604,13,130,838,218
LDWP,"1/10/2022 4 p.m. PST",7,187,199,147,915,219
LDWP,"1/10/2022 5 p.m. PST",8,35,198,216,1300,220
LDWP,"1/10/2022 6 p.m. PST",3,0,383,242,1619,219
LDWP,"1/10/2022 7 p.m. PST",2,0,384,237,1600,218
LDWP,"1/10/2022 8 p.m. PST",0,0,386,228,1599,218
LDWP,"1/10/2022 9 p.m. PST",1,0,376,228,1559,218
LDWP,"1/10/2022 10 p.m. PST",0,0,200,230,1554,218
LDWP,"1/10/2022 11 p.m. PST",0,0,198,233,1550,219
LDWP,"1/11/2022 12 a.m. PST",0,0,204,225,1485,220
LDWP,"1/11/2022 1 a.m. PST",1,0,8,177,1286,221
LDWP,"1/11/2022 2 a.m. PST",0,0,12,122,1107,221
LDWP,"1/11/2022 3 a.m. PST",0,0,11,122,995,219
LDWP,"1/11/2022 4 a.m. PST",0,0,1,122,866,219
LDWP,"1/11/2022 5 a.m. PST",0,0,4,123,979,220
LDWP,"1/11/2022 6 a.m. PST",1,0,20,176,1200,219
LDWP,"1/11/2022 7 a.m. PST",3,0,213,214,1378,219
LDWP,"1/11/2022 8 a.m. PST",17,135,213,219,1415,219
LDWP,"1/11/2022 9 a.m. PST",0,590,21,175,1168,218
LDWP,"1/11/2022 10 a.m. PST",0,852,0,120,993,218
LDWP,"1/11/2022 11 a.m. PST",0,893,0,115,894,217
LDWP,"1/11/2022 12 p.m. PST",0,894,0,115,881,214
LDWP,"1/11/2022 1 p.m. PST",5,882,0,107,889,213
LDWP,"1/11/2022 2 p.m. PST",36,848,0,114,896,213
LDWP,"1/11/2022 3 p.m. PST",35,756,0,113,907,214
LDWP,"1/11/2022 4 p.m. PST",18,428,198,150,989,213
LDWP,"1/11/2022 5 p.m. PST",17,67,203,173,1291,211
LDWP,"1/11/2022 6 p.m. PST",2,0,199,225,1556,210
LDWP,"1/11/2022 7 p.m. PST",0,0,228,230,1630,208
LDWP,"1/11/2022 8 p.m. PST",0,0,200,229,1549,208
LDWP,"1/11/2022 9 p.m. PST",2,0,201,227,1473,208
LDWP,"1/11/2022 10 p.m. PST",1,0,197,227,1476,208
LDWP,"1/11/2022 11 p.m. PST",0,0,200,220,1366,208
LDWP,"1/12/2022 12 a.m. PST",1,0,5,202,1282,208
LDWP,"1/12/2022 1 a.m. PST",5,0,8,164,1169,208
LDWP,"1/12/2022 2 a.m. PST",0,0,20,148,1081,208
LDWP,"1/12/2022 3 a.m. PST",0,0,22,147,1040,208
LDWP,"1/12/2022 4 a.m. PST",0,0,17,147,1057,207
LDWP,"1/12/2022 5 a.m. PST",6,0,9,152,1126,208
LDWP,"1/12/2022 6 a.m. PST",0,0,0,206,1199,208
LDWP,"1/12/2022 7 a.m. PST",0,0,207,228,1484,208
LDWP,"1/12/2022 8 a.m. PST",0,131,218,227,1491,208
LDWP,"1/12/2022 9 a.m. PST",0,586,21,204,1246,208
LDWP,"1/12/2022 10 a.m. PST",0,843,0,140,1154,208
LDWP,"1/12/2022 11 a.m. PST",0,889,0,126,834,208
LDWP,"1/12/2022 12 p.m. PST",0,838,0,112,1009,208
LDWP,"1/12/2022 1 p.m. PST",0,832,0,110,849,208
LDWP,"1/12/2022 2 p.m. PST",12,728,0,107,920,208
LDWP,"1/12/2022 3 p.m. PST",6,586,25,128,1220,207
LDWP,"1/12/2022 4 p.m. PST",0,194,214,184,1403,207
LDWP,"1/12/2022 5 p.m. PST",0,29,211,227,1502,206
LDWP,"1/12/2022 6 p.m. PST",0,0,391,229,1491,206
LDWP,"1/12/2022 7 p.m. PST",0,0,396,233,1568,205
LDWP,"1/12/2022 8 p.m. PST",0,0,394,233,1580,205
LDWP,"1/12/2022 9 p.m. PST",0,0,212,232,1576,206
LDWP,"1/12/2022 10 p.m. PST",0,0,211,231,1564,206
LDWP,"1/12/2022 11 p.m. PST",0,0,210,232,1498,206
LDWP,"1/13/2022 12 a.m. PST",0,0,20,228,1471,206
LDWP,"1/13/2022 1 a.m. PST",0,0,22,184,1359,206
LDWP,"1/13/2022 2 a.m. PST",0,0,22,158,1198,206
LDWP,"1/13/2022 3 a.m. PST",3,0,22,157,1145,207
LDWP,"1/13/2022 4 a.m. PST",21,0,22,157,1227,207
LDWP,"1/13/2022 5 a.m. PST",32,0,19,154,1229,207
LDWP,"1/13/2022 6 a.m. PST",21,0,13,196,1415,206
LDWP,"1/13/2022 7 a.m. PST",1,0,8,224,1488,206
LDWP,"1/13/2022 8 a.m. PST",8,59,6,223,1404,206
LDWP,"1/13/2022 9 a.m. PST",13,217,4,213,1330,206
LDWP,"1/13/2022 10 a.m. PST",5,356,3,192,1349,206
LDWP,"1/13/2022 11 a.m. PST",22,392,2,149,1341,206
LDWP,"1/13/2022 12 p.m. PST",72,440,2,124,1213,205
LDWP,"1/13/2022 1 p.m. PST",122,621,1,119,1023,206
LDWP,"1/13/2022 2 p.m. PST",155,482,1,119,1032,207
LDWP,"1/13/2022 3 p.m. PST",228,240,2,136,1199,208
LDWP,"1/13/2022 4 p.m. PST",237,93,177,171,1261,207
LDWP,"1/13/2022 5 p.m. PST",208,18,190,210,1388,206
LDWP,"1/13/2022 6 p.m. PST",273,0,368,235,1475,206
LDWP,"1/13/2022 7 p.m. PST",288,0,374,227,1456,206
LDWP,"1/13/2022 8 p.m. PST",265,0,191,224,1483,206
LDWP,"1/13/2022 9 p.m. PST",256,0,189,223,1473,206
LDWP,"1/13/2022 10 p.m. PST",171,0,190,221,1391,206
LDWP,"1/13/2022 11 p.m. PST",111,0,0,221,1284,206
LDWP,"1/14/2022 12 a.m. PST",56,0,1,172,1197,206
LDWP,"1/14/2022 1 a.m. PST",56,0,2,159,1084,206
LDWP,"1/14/2022 2 a.m. PST",39,0,2,157,836,206
LDWP,"1/14/2022 3 a.m. PST",69,0,2,156,644,207
LDWP,"1/14/2022 4 a.m. PST",64,0,2,145,634,207
LDWP,"1/14/2022 5 a.m. PST",36,0,2,147,720,207
LDWP,"1/14/2022 6 a.m. PST",23,0,220,201,832,207
LDWP,"1/14/2022 7 a.m. PST",56,0,473,217,835,207
LDWP,"1/14/2022 8 a.m. PST",83,134,476,164,710,207
LDWP,"1/14/2022 9 a.m. PST",88,585,195,141,723,207
LDWP,"1/14/2022 10 a.m. PST",128,841,3,113,633,207
LDWP,"1/14/2022 11 a.m. PST",160,906,2,109,633,206
LDWP,"1/14/2022 12 p.m. PST",158,886,2,98,633,206
LDWP,"1/14/2022 1 p.m. PST",146,839,2,98,652,206
LDWP,"1/14/2022 2 p.m. PST",172,755,2,108,678,207
LDWP,"1/14/2022 3 p.m. PST",202,606,2,123,793,207
LDWP,"1/14/2022 4 p.m. PST",186,355,2,145,967,207
LDWP,"1/14/2022 5 p.m. PST",121,54,194,177,1165,206
LDWP,"1/14/2022 6 p.m. PST",112,0,194,220,1447,206
LDWP,"1/14/2022 7 p.m. PST",114,0,192,191,1377,206
LDWP,"1/14/2022 8 p.m. PST",118,0,192,176,1247,205
LDWP,"1/14/2022 9 p.m. PST",90,0,2,222,1526,205
LDWP,"1/14/2022 10 p.m. PST",69,0,2,223,1467,206
LDWP,"1/14/2022 11 p.m. PST",42,0,1,229,1373,206
LDWP,"1/15/2022 12 a.m. PST",20,0,1,224,1090,208
LDWP,"1/15/2022 1 a.m. PST",19,0,1,226,1230,207
LDWP,"1/15/2022 2 a.m. PST",13,0,1,224,1230,208
LDWP,"1/15/2022 3 a.m. PST",8,0,2,216,1182,208
LDWP,"1/15/2022 4 a.m. PST",19,0,2,160,1068,207
LDWP,"1/15/2022 5 a.m. PST",13,0,224,150,1071,207
LDWP,"1/15/2022 6 a.m. PST",6,0,244,207,1086,207
LDWP,"1/15/2022 7 a.m. PST",2,0,244,224,1189,207
LDWP,"1/15/2022 8 a.m. PST",2,41,243,207,1194,206
LDWP,"1/15/2022 9 a.m. PST",2,231,243,193,1232,206
LDWP,"1/15/2022 10 a.m. PST",0,319,40,201,1237,206
LDWP,"1/15/2022 11 a.m. PST",0,487,2,189,1238,206
LDWP,"1/15/2022 12 p.m. PST",2,625,4,146,1128,205
LDWP,"1/15/2022 1 p.m. PST",0,474,0,142,1203,205
LDWP,"1/15/2022 2 p.m. PST",1,327,0,176,1238,205
LDWP,"1/15/2022 3 p.m. PST",0,219,0,198,1255,206
LDWP,"1/15/2022 4 p.m. PST",3,123,227,214,1352,206
LDWP,"1/15/2022 5 p.m. PST",0,23,207,224,1455,206
LDWP,"1/15/2022 6 p.m. PST",0,0,219,231,1483,206
LDWP,"1/15/2022 7 p.m. PST",0,0,205,238,1488,206
LDWP,"1/15/2022 8 p.m. PST",0,0,195,237,1488,206
LDWP,"1/15/2022 9 p.m. PST",0,0,195,239,1488,206
LDWP,"1/15/2022 10 p.m. PST",0,0,219,234,1489,206
LDWP,"1/15/2022 11 p.m. PST",0,0,6,227,1486,207
LDWP,"1/16/2022 12 a.m. PST",0,0,2,224,1445,206
LDWP,"1/16/2022 1 a.m. PST",0,0,2,221,1295,206
LDWP,"1/16/2022 2 a.m. PST",0,0,2,214,1069,206
LDWP,"1/16/2022 3 a.m. PST",0,0,2,211,901,206
LDWP,"1/16/2022 4 a.m. PST",0,0,2,212,894,206
LDWP,"1/16/2022 5 a.m. PST",0,0,2,209,892,206
LDWP,"1/16/2022 6 a.m. PST",0,0,2,215,810,206
LDWP,"1/16/2022 7 a.m. PST",0,0,2,217,879,205
LDWP,"1/16/2022 8 a.m. PST",0,91,0,180,765,205
LDWP,"1/16/2022 9 a.m. PST",0,495,0,123,631,205
LDWP,"1/16/2022 10 a.m. PST",0,817,0,99,632,205
LDWP,"1/16/2022 11 a.m. PST",0,832,0,97,632,205
LDWP,"1/16/2022 12 p.m. PST",0,836,0,97,633,205
LDWP,"1/16/2022 1 p.m. PST",0,794,0,97,632,205
LDWP,"1/16/2022 2 p.m. PST",0,771,0,99,647,205
LDWP,"1/16/2022 3 p.m. PST",0,564,0,120,856,205
LDWP,"1/16/2022 4 p.m. PST",2,454,3,168,1062,205
LDWP,"1/16/2022 5 p.m. PST",5,60,14,226,1172,206
LDWP,"1/16/2022 6 p.m. PST",0,0,192,235,1365,205
LDWP,"1/16/2022 7 p.m. PST",0,0,209,238,1482,205
LDWP,"1/16/2022 8 p.m. PST",0,0,192,235,1439,206
LDWP,"1/16/2022 9 p.m. PST",0,0,197,231,1455,206
LDWP,"1/16/2022 10 p.m. PST",0,0,212,224,1479,206
LDWP,"1/16/2022 11 p.m. PST",0,0,228,220,1480,206
LDWP,"1/17/2022 12 a.m. PST",0,0,204,218,1480,206
LDWP,"1/17/2022 1 a.m. PST",0,0,1,213,1473,206
LDWP,"1/17/2022 2 a.m. PST",0,0,2,206,1457,206
LDWP,"1/17/2022 3 a.m. PST",0,0,2,201,1419,207
LDWP,"1/17/2022 4 a.m. PST",0,0,2,201,1356,207
LDWP,"1/17/2022 5 a.m. PST",0,0,1,208,1373,207
LDWP,"1/17/2022 6 a.m. PST",0,0,224,211,1371,205
LDWP,"1/17/2022 7 a.m. PST",0,0,245,220,1474,206
LDWP,"1/17/2022 8 a.m. PST",0,56,243,219,1539,205
LDWP,"1/17/2022 9 a.m. PST",0,436,4,198,1314,206
LDWP,"1/17/2022 10 a.m. PST",0,574,2,125,920,206
LDWP,"1/17/2022 11 a.m. PST",0,633,2,117,932,206
LDWP,"1/17/2022 12 p.m. PST",0,754,2,119,777,207
LDWP,"1/17/2022 1 p.m. PST",0,828,2,120,775,206
LDWP,"1/17/2022 2 p.m. PST",0,613,2,116,829,205
LDWP,"1/17/2022 3 p.m. PST",2,419,192,140,1095,205
LDWP,"1/17/2022 4 p.m. PST",8,177,175,211,1322,206
LDWP,"1/17/2022 5 p.m. PST",18,38,208,229,1554,206
LDWP,"1/17/2022 6 p.m. PST",14,0,194,238,1546,206
LDWP,"1/17/2022 7 p.m. PST",18,0,192,238,1588,206
LDWP,"1/17/2022 8 p.m. PST",26,0,215,235,1481,206
LDWP,"1/17/2022 9 p.m. PST",49,0,221,231,1473,206
LDWP,"1/17/2022 10 p.m. PST",77,0,1,227,1472,206
LDWP,"1/17/2022 11 p.m. PST",106,0,2,224,1369,206
LDWP,"1/18/2022 12 a.m. PST",154,0,2,220,1100,207
LDWP,"1/18/2022 1 a.m. PST",178,0,2,201,973,206
LDWP,"1/18/2022 2 a.m. PST",149,0,2,193,956,207
LDWP,"1/18/2022 3 a.m. PST",133,0,2,138,836,207
LDWP,"1/18/2022 4 a.m. PST",100,0,2,130,797,206
LDWP,"1/18/2022 5 a.m. PST",47,0,3,137,890,205
LDWP,"1/18/2022 6 a.m. PST",27,0,5,176,979,206
LDWP,"1/18/2022 7 a.m. PST",29,0,192,228,1167,207
LDWP,"1/18/2022 8 a.m. PST",29,65,198,232,1262,207
LDWP,"1/18/2022 9 a.m. PST",20,359,9,198,988,206
LDWP,"1/18/2022 10 a.m. PST",11,561,8,143,907,206
LDWP,"1/18/2022 11 a.m. PST",19,756,6,128,906,206
LDWP,"1/18/2022 12 p.m. PST",21,762,0,113,909,206
LDWP,"1/18/2022 1 p.m. PST",23,870,0,113,903,206
LDWP,"1/18/2022 2 p.m. PST",28,846,0,114,896,205
LDWP,"1/18/2022 3 p.m. PST",42,697,0,137,897,205
LDWP,"1/18/2022 4 p.m. PST",44,463,5,158,902,205
LDWP,"1/18/2022 5 p.m. PST",40,88,7,185,1152,205
LDWP,"1/18/2022 6 p.m. PST",33,0,197,231,1320,205
LDWP,"1/18/2022 7 p.m. PST",30,0,197,231,1168,205
LDWP,"1/18/2022 8 p.m. PST",26,0,197,231,1232,206
LDWP,"1/18/2022 9 p.m. PST",15,0,196,231,1508,206
LDWP,"1/18/2022 10 p.m. PST",26,0,197,227,1339,205
LDWP,"1/18/2022 11 p.m. PST",27,0,195,223,1164,206
LDWP,"1/19/2022 12 a.m. PST",20,0,196,202,919,206
LDWP,"1/19/2022 1 a.m. PST",18,0,9,163,1128,205
LDWP,"1/19/2022 2 a.m. PST",24,0,7,144,1089,206
LDWP,"1/19/2022 3 a.m. PST",22,0,7,143,961,206
LDWP,"1/19/2022 4 a.m. PST",19,0,7,143,800,206
LDWP,"1/19/2022 5 a.m. PST",15,0,7,148,851,206
LDWP,"1/19/2022 6 a.m. PST",8,0,186,188,1131,207
LDWP,"1/19/2022 7 a.m. PST",5,0,402,221,1185,206
LDWP,"1/19/2022 8 a.m. PST",0,125,431,227,1215,206
LDWP,"1/19/2022 9 a.m. PST",0,553,200,161,1015,206
LDWP,"1/19/2022 10 a.m. PST",0,837,4,115,845,206
LDWP,"1/19/2022 11 a.m. PST",11,896,7,109,858,206
LDWP,"1/19/2022 12 p.m. PST",29,893,7,107,889,206
LDWP,"1/19/2022 1 p.m. PST",49,815,7,110,892,206
LDWP,"1/19/2022 2 p.m. PST",40,804,7,114,900,205
LDWP,"1/19/2022 3 p.m. PST",62,784,7,136,927,205
LDWP,"1/19/2022 4 p.m. PST",84,498,7,151,990,205
LDWP,"1/19/2022 5 p.m. PST",79,97,198,187,1224,206
LDWP,"1/19/2022 6 p.m. PST",99,0,380,243,1562,206
LDWP,"1/19/2022 7 p.m. PST",96,0,382,239,1547,206
LDWP,"1/19/2022 8 p.m. PST",69,0,378,237,1486,205
LDWP,"1/19/2022 9 p.m. PST",69,0,197,232,1486,206
LDWP,"1/19/2022 10 p.m. PST",66,0,197,231,1483,206
LDWP,"1/19/2022 11 p.m. PST",71,0,196,230,1487,206
LDWP,"1/20/2022 12 a.m. PST",76,0,195,226,1477,206
LDWP,"1/20/2022 1 a.m. PST",35,0,8,205,1459,205
LDWP,"1/20/2022 2 a.m. PST",18,0,7,159,1343,205
LDWP,"1/20/2022 3 a.m. PST",19,0,7,151,1225,206
LDWP,"1/20/2022 4 a.m. PST",22,0,7,142,1147,206
LDWP,"1/20/2022 5 a.m. PST",16,0,7,154,1164,206
LDWP,"1/20/2022 6 a.m. PST",7,0,7,207,1254,207
LDWP,"1/20/2022 7 a.m. PST",4,0,223,231,1445,206
LDWP,"1/20/2022 8 a.m. PST",2,146,240,229,1461,206
LDWP,"1/20/2022 9 a.m. PST",0,621,3,144,1154,206
LDWP,"1/20/2022 10 a.m. PST",1,874,0,117,1091,206
LDWP,"1/20/2022 11 a.m. PST",0,926,0,113,849,207
LDWP,"1/20/2022 12 p.m. PST",0,932,0,111,847,207
LDWP,"1/20/2022 1 p.m. PST",0,920,0,110,844,207
LDWP,"1/20/2022 2 p.m. PST",0,886,0,108,841,206
LDWP,"1/20/2022 3 p.m. PST",0,800,0,121,802,206
LDWP,"1/20/2022 4 p.m. PST",0,517,9,154,919,206
LDWP,"1/20/2022 5 p.m. PST",0,105,371,185,1232,206
LDWP,"1/20/2022 6 p.m. PST",0,0,382,227,1628,206
LDWP,"1/20/2022 7 p.m. PST",0,0,382,227,1570,206
LDWP,"1/20/2022 8 p.m. PST",1,0,382,227,1460,205
LDWP,"1/20/2022 9 p.m. PST",4,0,197,229,1441,205
LDWP,"1/20/2022 10 p.m. PST",6,0,194,223,1429,206
LDWP,"1/20/2022 11 p.m. PST",10,0,194,226,1326,206
LDWP,"1/21/2022 12 a.m. PST",12,0,193,222,1156,205
LDWP,"1/21/2022 1 a.m. PST",28,0,4,188,1084,206
LDWP,"1/21/2022 2 a.m. PST",29,0,6,146,861,206
LDWP,"1/21/2022 3 a.m. PST",27,0,6,144,694,207
LDWP,"1/21/2022 4 a.m. PST",30,0,6,145,663,208
LDWP,"1/21/2022 5 a.m. PST",52,0,6,150,648,207
LDWP,"1/21/2022 6 a.m. PST",67,0,224,198,739,206
LDWP,"1/21/2022 7 a.m. PST",47,0,246,226,882,205
LDWP,"1/21/2022 8 a.m. PST",25,99,244,226,981,206
LDWP,"1/21/2022 9 a.m. PST",12,432,192,172,839,205
LDWP,"1/21/2022 10 a.m. PST",43,687,10,131,680,206
LDWP,"1/21/2022 11 a.m. PST",104,715,0,117,657,206
LDWP,"1/21/2022 12 p.m. PST",194,833,0,116,636,206
LDWP,"1/21/2022 1 p.m. PST",222,758,0,114,635,205
LDWP,"1/21/2022 2 p.m. PST",234,697,0,119,649,205
LDWP,"1/21/2022 3 p.m. PST",310,706,0,123,687,205
LDWP,"1/21/2022 4 p.m. PST",297,445,0,144,946,205
LDWP,"1/21/2022 5 p.m. PST",206,91,158,190,1351,205
LDWP,"1/21/2022 6 p.m. PST",150,0,194,228,1468,205
LDWP,"1/21/2022 7 p.m. PST",144,0,193,233,1478,206
LDWP,"1/21/2022 8 p.m. PST",185,0,191,234,1479,206
LDWP,"1/21/2022 9 p.m. PST",143,0,51,237,1463,206
LDWP,"1/21/2022 10 p.m. PST",136,0,6,236,1474,206
LDWP,"1/21/2022 11 p.m. PST",60,0,6,215,1463,206
LDWP,"1/22/2022 12 a.m. PST",73,0,5,177,1254,209
LDWP,"1/22/2022 1 a.m. PST",123,0,13,221,1126,210
LDWP,"1/22/2022 2 a.m. PST",103,0,190,232,870,208
LDWP,"1/22/2022 3 a.m. PST",97,0,235,179,853,207
LDWP,"1/22/2022 4 a.m. PST",132,0,203,187,840,207
LDWP,"1/22/2022 5 a.m. PST",172,0,206,217,831,207
LDWP,"1/22/2022 6 a.m. PST",177,0,194,207,649,207
LDWP,"1/22/2022 7 a.m. PST",154,0,238,198,737,207
LDWP,"1/22/2022 8 a.m. PST",163,142,0,188,807,206
LDWP,"1/22/2022 9 a.m. PST",146,574,0,119,683,206
LDWP,"1/22/2022 10 a.m. PST",167,881,0,101,684,206
LDWP,"1/22/2022 11 a.m. PST",157,930,0,97,649,206
LDWP,"1/22/2022 12 p.m. PST",168,953,0,98,637,206
LDWP,"1/22/2022 1 p.m. PST",173,944,0,98,637,206
LDWP,"1/22/2022 2 p.m. PST",177,911,0,97,635,205
LDWP,"1/22/2022 3 p.m. PST",158,828,0,100,640,205
LDWP,"1/22/2022 4 p.m. PST",118,542,6,121,727,205
LDWP,"1/22/2022 5 p.m. PST",83,114,230,175,938,206
LDWP,"1/22/2022 6 p.m. PST",56,0,382,214,1261,206
LDWP,"1/22/2022 7 p.m. PST",40,0,383,214,1424,206
LDWP,"1/22/2022 8 p.m. PST",88,0,382,214,1488,206
LDWP,"1/22/2022 9 p.m. PST",87,0,383,221,1476,206
LDWP,"1/22/2022 10 p.m. PST",61,0,382,228,1432,206
LDWP,"1/22/2022 11 p.m. PST",36,0,379,229,1481,206
LDWP,"1/23/2022 12 a.m. PST",37,0,377,232,1482,206
LDWP,"1/23/2022 1 a.m. PST",41,0,5,224,1408,206
LDWP,"1/23/2022 2 a.m. PST",17,0,10,211,1224,206
LDWP,"1/23/2022 3 a.m. PST",10,0,195,206,988,206
LDWP,"1/23/2022 4 a.m. PST",5,0,194,206,988,206
LDWP,"1/23/2022 5 a.m. PST",0,0,197,207,992,207
LDWP,"1/23/2022 6 a.m. PST",0,0,232,215,988,206
LDWP,"1/23/2022 7 a.m. PST",0,1,196,222,991,206
LDWP,"1/23/2022 8 a.m. PST",0,153,6,208,885,206
LDWP,"1/23/2022 9 a.m. PST",0,627,0,119,643,206
LDWP,"1/23/2022 10 a.m. PST",0,875,0,97,643,206
LDWP,"1/23/2022 11 a.m. PST",8,931,0,98,637,205
LDWP,"1/23/2022 12 p.m. PST",11,937,0,98,633,205
LDWP,"1/23/2022 1 p.m. PST",22,930,0,98,632,205
LDWP,"1/23/2022 2 p.m. PST",24,899,0,98,652,205
LDWP,"1/23/2022 3 p.m. PST",26,815,0,104,664,205
LDWP,"1/23/2022 4 p.m. PST",31,547,3,127,788,206
LDWP,"1/23/2022 5 p.m. PST",38,121,197,178,1086,206
LDWP,"1/23/2022 6 p.m. PST",25,0,195,229,1412,206
LDWP,"1/23/2022 7 p.m. PST",10,0,195,232,1479,205
LDWP,"1/23/2022 8 p.m. PST",5,0,196,229,1482,205
LDWP,"1/23/2022 9 p.m. PST",3,0,195,228,1465,205
LDWP,"1/23/2022 10 p.m. PST",2,0,194,227,1476,206
LDWP,"1/23/2022 11 p.m. PST",8,0,6,218,1386,207
LDWP,"1/24/2022 12 a.m. PST",8,0,8,212,1158,207
LDWP,"1/24/2022 1 a.m. PST",5,0,8,208,1140,207
LDWP,"1/24/2022 2 a.m. PST",9,0,8,201,1097,206
LDWP,"1/24/2022 3 a.m. PST",9,0,8,194,1098,206
LDWP,"1/24/2022 4 a.m. PST",6,0,8,197,1139,206
LDWP,"1/24/2022 5 a.m. PST",4,0,5,207,1209,207
LDWP,"1/24/2022 6 a.m. PST",4,0,5,224,1251,206
LDWP,"1/24/2022 7 a.m. PST",0,1,221,239,1429,206
LDWP,"1/24/2022 8 a.m. PST",0,161,232,232,1466,206
LDWP,"1/24/2022 9 a.m. PST",1,640,8,152,1093,206
LDWP,"1/24/2022 10 a.m. PST",0,879,5,112,1017,206
LDWP,"1/24/2022 11 a.m. PST",0,927,5,111,884,206
LDWP,"1/24/2022 12 p.m. PST",0,928,5,98,843,206
LDWP,"1/24/2022 1 p.m. PST",1,918,7,97,843,206
LDWP,"1/24/2022 2 p.m. PST",4,891,6,104,842,205
LDWP,"1/24/2022 3 p.m. PST",10,814,6,114,802,205
LDWP,"1/24/2022 4 p.m. PST",21,552,6,151,898,205
LDWP,"1/24/2022 5 p.m. PST",35,126,153,173,1318,205
LDWP,"1/24/2022 6 p.m. PST",40,0,384,223,1482,205
LDWP,"1/24/2022 7 p.m. PST",38,0,380,223,1498,205
LDWP,"1/24/2022 8 p.m. PST",35,0,379,224,1518,205
LDWP,"1/24/2022 9 p.m. PST",36,0,380,233,1535,205
LDWP,"1/24/2022 10 p.m. PST",44,0,376,231,1531,206
LDWP,"1/24/2022 11 p.m. PST",26,0,191,230,1531,206
LDWP,"1/25/2022 12 a.m. PST",20,0,191,229,1488,206
LDWP,"1/25/2022 1 a.m. PST",25,0,190,187,1477,205
LDWP,"1/25/2022 2 a.m. PST",25,0,6,155,1503,206
LDWP,"1/25/2022 3 a.m. PST",18,0,6,147,1418,207
LDWP,"1/25/2022 4 a.m. PST",17,0,6,148,1406,207
LDWP,"1/25/2022 5 a.m. PST",82,0,6,159,1397,207
LDWP,"1/25/2022 6 a.m. PST",179,0,9,198,1451,206
LDWP,"1/25/2022 7 a.m. PST",156,1,201,222,1537,206
LDWP,"1/25/2022 8 a.m. PST",184,166,239,223,1543,205
LDWP,"1/25/2022 9 a.m. PST",155,654,13,162,1365,205
LDWP,"1/25/2022 10 a.m. PST",121,896,7,109,1055,205
LDWP,"1/25/2022 11 a.m. PST",114,946,8,106,837,205
LDWP,"1/25/2022 12 p.m. PST",89,945,10,106,840,206
LDWP,"1/25/2022 1 p.m. PST",71,949,10,107,882,205
LDWP,"1/25/2022 2 p.m. PST",70,930,8,114,947,205
LDWP,"1/25/2022 3 p.m. PST",87,853,10,131,994,206
LDWP,"1/25/2022 4 p.m. PST",76,588,10,149,1090,206
LDWP,"1/25/2022 5 p.m. PST",64,138,191,170,1419,206
LDWP,"1/25/2022 6 p.m. PST",53,0,378,228,1670,206
LDWP,"1/25/2022 7 p.m. PST",56,0,381,229,1681,206
LDWP,"1/25/2022 8 p.m. PST",23,0,380,228,1685,206
LDWP,"1/25/2022 9 p.m. PST",7,0,381,231,1694,206
LDWP,"1/25/2022 10 p.m. PST",4,0,379,231,1692,206
LDWP,"1/25/2022 11 p.m. PST",7,0,191,233,1643,206
LDWP,"1/26/2022 12 a.m. PST",5,0,191,218,1573,207
LDWP,"1/26/2022 1 a.m. PST",4,0,10,215,1688,206
LDWP,"1/26/2022 2 a.m. PST",3,0,7,210,1696,207
LDWP,"1/26/2022 3 a.m. PST",5,0,7,189,1647,208
LDWP,"1/26/2022 4 a.m. PST",2,0,8,177,1685,207
LDWP,"1/26/2022 5 a.m. PST",0,0,8,215,1697,207
LDWP,"1/26/2022 6 a.m. PST",0,0,14,224,1697,206
LDWP,"1/26/2022 7 a.m. PST",0,1,219,229,1699,206
LDWP,"1/26/2022 8 a.m. PST",1,174,388,229,1607,206
LDWP,"1/26/2022 9 a.m. PST",0,666,13,153,1148,206
LDWP,"1/26/2022 10 a.m. PST",0,903,8,109,990,206
LDWP,"1/26/2022 11 a.m. PST",0,934,8,103,969,206
LDWP,"1/26/2022 12 p.m. PST",0,905,8,106,897,206
LDWP,"1/26/2022 1 p.m. PST",0,897,9,104,822,206
LDWP,"1/26/2022 2 p.m. PST",3,885,9,106,806,205
LDWP,"1/26/2022 3 p.m. PST",16,845,10,128,956,205
LDWP,"1/26/2022 4 p.m. PST",20,565,10,151,1103,205
LDWP,"1/26/2022 5 p.m. PST",24,144,201,182,1206,205
LDWP,"1/26/2022 6 p.m. PST",6,1,197,234,1470,205
LDWP,"1/26/2022 7 p.m. PST",7,0,196,233,1485,205
LDWP,"1/26/2022 8 p.m. PST",8,0,196,236,1485,205
LDWP,"1/26/2022 9 p.m. PST",0,0,197,236,1484,205
LDWP,"1/26/2022 10 p.m. PST",0,0,197,235,1483,205
LDWP,"1/26/2022 11 p.m. PST",0,0,195,232,1432,205
LDWP,"1/27/2022 12 a.m. PST",0,0,6,224,1336,205
LDWP,"1/27/2022 1 a.m. PST",0,0,7,224,1457,205
LDWP,"1/27/2022 2 a.m. PST",0,0,7,212,1398,205
LDWP,"1/27/2022 3 a.m. PST",0,0,7,212,1392,206
LDWP,"1/27/2022 4 a.m. PST",0,0,7,212,1423,206
LDWP,"1/27/2022 5 a.m. PST",0,0,7,209,1486,207
LDWP,"1/27/2022 6 a.m. PST",0,0,9,224,1485,207
LDWP,"1/27/2022 7 a.m. PST",0,1,193,236,1487,206
LDWP,"1/27/2022 8 a.m. PST",1,181,189,236,1418,206
LDWP,"1/27/2022 9 a.m. PST",29,682,9,172,1017,206
LDWP,"1/27/2022 10 a.m. PST",100,915,0,143,966,205
LDWP,"1/27/2022 11 a.m. PST",127,960,0,113,852,205
LDWP,"1/27/2022 12 p.m. PST",157,957,0,107,839,206
LDWP,"1/27/2022 1 p.m. PST",151,952,0,109,804,206
LDWP,"1/27/2022 2 p.m. PST",161,931,0,112,798,206
LDWP,"1/27/2022 3 p.m. PST",153,854,0,134,797,206
LDWP,"1/27/2022 4 p.m. PST",164,600,1,153,838,206
LDWP,"1/27/2022 5 p.m. PST",112,151,6,180,1281,206
LDWP,"1/27/2022 6 p.m. PST",57,1,195,237,1683,206
LDWP,"1/27/2022 7 p.m. PST",64,0,197,236,1640,207
LDWP,"1/27/2022 8 p.m. PST",74,0,197,238,1602,207
LDWP,"1/27/2022 9 p.m. PST",83,0,196,237,1611,207
LDWP,"1/27/2022 10 p.m. PST",86,0,7,237,1613,207
LDWP,"1/27/2022 11 p.m. PST",54,0,6,231,1444,206
LDWP,"1/28/2022 12 a.m. PST",41,0,6,214,1260,206
LDWP,"1/28/2022 1 a.m. PST",16,0,6,209,1163,206
LDWP,"1/28/2022 2 a.m. PST",4,0,6,205,1238,206
LDWP,"1/28/2022 3 a.m. PST",15,0,6,211,1244,206
LDWP,"1/28/2022 4 a.m. PST",3,0,6,211,1254,206
LDWP,"1/28/2022 5 a.m. PST",2,0,7,213,1320,206
LDWP,"1/28/2022 6 a.m. PST",7,0,7,221,1433,206
LDWP,"1/28/2022 7 a.m. PST",5,2,187,232,1488,206
LDWP,"1/28/2022 8 a.m. PST",6,122,189,233,1430,206
LDWP,"1/28/2022 9 a.m. PST",3,554,4,160,1181,206
LDWP,"1/28/2022 10 a.m. PST",7,799,0,135,1006,207
LDWP,"1/28/2022 11 a.m. PST",10,903,0,116,897,206
LDWP,"1/28/2022 12 p.m. PST",15,892,0,116,899,206
LDWP,"1/28/2022 1 p.m. PST",18,935,0,116,863,206
LDWP,"1/28/2022 2 p.m. PST",32,950,0,117,851,205
LDWP,"1/28/2022 3 p.m. PST",43,837,0,139,806,205
LDWP,"1/28/2022 4 p.m. PST",54,503,6,153,1004,206
LDWP,"1/28/2022 5 p.m. PST",55,135,198,178,1192,206
LDWP,"1/28/2022 6 p.m. PST",54,2,210,231,1680,206
LDWP,"1/28/2022 7 p.m. PST",21,0,195,238,1748,205
LDWP,"1/28/2022 8 p.m. PST",9,0,196,238,1649,206
LDWP,"1/28/2022 9 p.m. PST",8,0,10,237,1657,207
LDWP,"1/28/2022 10 p.m. PST",5,0,7,236,1698,206
LDWP,"1/28/2022 11 p.m. PST",2,0,7,236,1630,206
LDWP,"1/29/2022 12 a.m. PST",2,0,7,234,1621,205
LDWP,"1/29/2022 1 a.m. PST",2,0,7,223,1545,205
LDWP,"1/29/2022 2 a.m. PST",0,0,7,212,1489,205
LDWP,"1/29/2022 3 a.m. PST",0,0,7,164,1465,205
LDWP,"1/29/2022 4 a.m. PST",0,0,7,145,1359,206
LDWP,"1/29/2022 5 a.m. PST",0,0,230,194,1108,207
LDWP,"1/29/2022 6 a.m. PST",0,0,194,214,1087,207
LDWP,"1/29/2022 7 a.m. PST",0,2,193,213,1087,206
LDWP,"1/29/2022 8 a.m. PST",0,124,13,201,862,206
LDWP,"1/29/2022 9 a.m. PST",0,372,7,162,786,206
LDWP,"1/29/2022 10 a.m. PST",0,572,16,141,866,206
LDWP,"1/29/2022 11 a.m. PST",0,633,14,100,834,205
LDWP,"1/29/2022 12 p.m. PST",0,666,7,102,799,206
LDWP,"1/29/2022 1 p.m. PST",6,628,7,103,814,206
LDWP,"1/29/2022 2 p.m. PST",21,517,7,110,784,205
LDWP,"1/29/2022 3 p.m. PST",45,284,6,117,1001,205
LDWP,"1/29/2022 4 p.m. PST",47,289,185,134,928,204
LDWP,"1/29/2022 5 p.m. PST",50,103,384,152,1112,204
LDWP,"1/29/2022 6 p.m. PST",51,1,385,214,1187,204
LDWP,"1/29/2022 7 p.m. PST",21,0,382,228,1252,204
LDWP,"1/29/2022 8 p.m. PST",17,0,382,228,1259,205
LDWP,"1/29/2022 9 p.m. PST",8,0,382,227,1278,206
LDWP,"1/29/2022 10 p.m. PST",3,0,382,227,1266,206
LDWP,"1/29/2022 11 p.m. PST",1,0,372,230,1242,206
LDWP,"1/30/2022 12 a.m. PST",1,0,197,230,1189,206
LDWP,"1/30/2022 1 a.m. PST",3,0,196,224,1177,207
LDWP,"1/30/2022 2 a.m. PST",8,0,194,197,1129,206
LDWP,"1/30/2022 3 a.m. PST",19,0,197,165,945,206
LDWP,"1/30/2022 4 a.m. PST",10,0,197,169,991,207
LDWP,"1/30/2022 5 a.m. PST",4,0,198,212,952,207
LDWP,"1/30/2022 6 a.m. PST",9,0,197,226,922,206
LDWP,"1/30/2022 7 a.m. PST",10,2,197,226,990,206
LDWP,"1/30/2022 8 a.m. PST",6,198,194,215,914,206
LDWP,"1/30/2022 9 a.m. PST",9,698,16,129,690,206
LDWP,"1/30/2022 10 a.m. PST",5,921,0,105,639,205
LDWP,"1/30/2022 11 a.m. PST",0,961,0,100,637,205
LDWP,"1/30/2022 12 p.m. PST",0,963,0,100,636,206
LDWP,"1/30/2022 1 p.m. PST",0,962,0,100,634,205
LDWP,"1/30/2022 2 p.m. PST",0,936,0,101,658,205
LDWP,"1/30/2022 3 p.m. PST",0,861,0,120,697,205
LDWP,"1/30/2022 4 p.m. PST",0,630,0,141,764,205
LDWP,"1/30/2022 5 p.m. PST",13,171,0,174,1238,205
LDWP,"1/30/2022 6 p.m. PST",26,1,196,231,1672,205
LDWP,"1/30/2022 7 p.m. PST",17,0,198,233,1660,206
LDWP,"1/30/2022 8 p.m. PST",21,0,198,233,1487,206
LDWP,"1/30/2022 9 p.m. PST",21,0,8,232,1410,206
LDWP,"1/30/2022 10 p.m. PST",15,0,8,234,1320,206
LDWP,"1/30/2022 11 p.m. PST",14,0,8,230,981,206
LDWP,"1/31/2022 12 a.m. PST",31,0,8,217,674,206
LDWP,"1/31/2022 1 a.m. PST",81,0,8,179,686,206
LDWP,"1/31/2022 2 a.m. PST",167,0,9,151,688,206
LDWP,"1/31/2022 3 a.m. PST",199,0,9,143,689,206
LDWP,"1/31/2022 4 a.m. PST",196,0,9,139,667,205
LDWP,"1/31/2022 5 a.m. PST",234,0,12,138,754,205
LDWP,"1/31/2022 6 a.m. PST",161,0,199,177,1065,205
LDWP,"1/31/2022 7 a.m. PST",240,2,198,214,1288,205
LDWP,"1/31/2022 8 a.m. PST",194,159,9,222,1177,205
LDWP,"1/31/2022 9 a.m. PST",158,446,6,174,918,206
LDWP,"1/31/2022 10 a.m. PST",99,513,8,158,857,207
LDWP,"1/31/2022 11 a.m. PST",66,589,8,176,744,207
LDWP,"1/31/2022 12 p.m. PST",122,661,8,157,743,207
LDWP,"1/31/2022 1 p.m. PST",77,715,7,140,657,206
LDWP,"1/31/2022 2 p.m. PST",20,579,7,166,792,206
LDWP,"1/31/2022 3 p.m. PST",12,367,6,171,931,206
LDWP,"1/31/2022 4 p.m. PST",18,224,195,169,912,205
LDWP,"1/31/2022 5 p.m. PST",32,48,200,177,855,205
LDWP,"1/31/2022 6 p.m. PST",104,1,386,217,975,204
LDWP,"1/31/2022 7 p.m. PST",180,0,385,236,1002,205
LDWP,"1/31/2022 8 p.m. PST",258,0,384,237,1091,204
LDWP,"1/31/2022 9 p.m. PST",261,0,199,235,1229,205
LDWP,"1/31/2022 10 p.m. PST",233,0,198,234,1198,205
LDWP,"1/31/2022 11 p.m. PST",152,0,196,225,1173,205
LDWP,"2/1/2022 12 a.m. PST",92,0,13,221,1041,206
