Demand,datetime,Natural Gas Generation,Oil Generation
14199.0,2025-01-14 23:00:00,4665,2
13953.0,2025-01-15 00:00:00,4546,2
13634.0,2025-01-15 01:00:00,4289,2
13511.0,2025-01-15 02:00:00,4187,2
13542.0,2025-01-15 03:00:00,4176,2
13930.0,2025-01-15 04:00:00,4543,6
14554.0,2025-01-15 05:00:00,5087,3
16058.0,2025-01-15 06:00:00,6209,7
16949.0,2025-01-15 07:00:00,6464,183
16258.0,2025-01-15 08:00:00,6027,76
14886.0,2025-01-15 09:00:00,5281,2
14285.0,2025-01-15 10:00:00,4834,2
13905.0,2025-01-15 11:00:00,4689,2
13486.0,2025-01-15 12:00:00,4349,32
14541.0,2025-01-15 13:00:00,5034,40
15163.0,2025-01-15 14:00:00,5808,82
16070.0,2025-01-15 15:00:00,6489,66
17414.0,2025-01-15 16:00:00,7091,119
18292.0,2025-01-15 17:00:00,7533,185
18220.0,2025-01-15 18:00:00,7460,166
17905.0,2025-01-15 19:00:00,7492,165
17376.0,2025-01-15 20:00:00,7269,176
16574.0,2025-01-15 21:00:00,7105,179
15507.0,2025-01-15 22:00:00,6239,183
14587.0,2025-01-15 23:00:00,5344,117
14305.0,2025-01-16 00:00:00,5456,39
14011.0,2025-01-16 01:00:00,5172,2
13918.0,2025-01-16 02:00:00,5128,2
13971.0,2025-01-16 03:00:00,5233,2
14352.0,2025-01-16 04:00:00,6003,2
15163.0,2025-01-16 05:00:00,7059,3
16518.0,2025-01-16 06:00:00,8424,2
17385.0,2025-01-16 07:00:00,8922,56
16658.0,2025-01-16 08:00:00,8614,42
15449.0,2025-01-16 09:00:00,7911,3
15011.0,2025-01-16 10:00:00,7155,41
14761.0,2025-01-16 11:00:00,6963,30
14728.0,2025-01-16 12:00:00,7195,67
15013.0,2025-01-16 13:00:00,7723,74
15194.0,2025-01-16 14:00:00,7719,74
16139.0,2025-01-16 15:00:00,8519,55
17250.0,2025-01-16 16:00:00,9126,97
18073.0,2025-01-16 17:00:00,9339,168
17939.0,2025-01-16 18:00:00,9116,235
17572.0,2025-01-16 19:00:00,9074,120
16982.0,2025-01-16 20:00:00,8735,114
16125.0,2025-01-16 21:00:00,7875,103
15113.0,2025-01-16 22:00:00,7146,102
14172.0,2025-01-16 23:00:00,6495,112
13889.0,2025-01-17 00:00:00,6286,79
13587.0,2025-01-17 01:00:00,5836,2
13689.0,2025-01-17 02:00:00,5886,2
13704.0,2025-01-17 03:00:00,5387,3
13987.0,2025-01-17 04:00:00,5705,2
14506.0,2025-01-17 05:00:00,6035,46
15955.0,2025-01-17 06:00:00,7232,119
16915.0,2025-01-17 07:00:00,7691,287
16575.0,2025-01-17 08:00:00,7586,364
15214.0,2025-01-17 09:00:00,6801,131
14283.0,2025-01-17 10:00:00,5893,129
13866.0,2025-01-17 11:00:00,5674,50
13894.0,2025-01-17 12:00:00,5655,32
14151.0,2025-01-17 13:00:00,5713,34
14368.0,2025-01-17 14:00:00,6127,25
15232.0,2025-01-17 15:00:00,6808,25
16229.0,2025-01-17 16:00:00,7377,74
17032.0,2025-01-17 17:00:00,7769,146
16906.0,2025-01-17 18:00:00,7683,114
16540.0,2025-01-17 19:00:00,7565,84
16069.0,2025-01-17 20:00:00,7115,82
15425.0,2025-01-17 21:00:00,6548,82
14577.0,2025-01-17 22:00:00,5776,82
13779.0,2025-01-17 23:00:00,5019,83
13707.0,2025-01-18 00:00:00,5006,30
13592.0,2025-01-18 01:00:00,4742,2
13351.0,2025-01-18 02:00:00,4068,2
13473.0,2025-01-18 03:00:00,4127,2
13569.0,2025-01-18 04:00:00,4191,2
13596.0,2025-01-18 05:00:00,4000,2
13977.0,2025-01-18 06:00:00,4438,15
14626.0,2025-01-18 07:00:00,5204,33
14536.0,2025-01-18 08:00:00,5189,51
14370.0,2025-01-18 09:00:00,4952,99
14394.0,2025-01-18 10:00:00,5275,146
14435.0,2025-01-18 11:00:00,4966,142
14702.0,2025-01-18 12:00:00,5329,164
14817.0,2025-01-18 13:00:00,5586,133
14826.0,2025-01-18 14:00:00,5624,130
15102.0,2025-01-18 15:00:00,6123,131
15553.0,2025-01-18 16:00:00,6148,126
15905.0,2025-01-18 17:00:00,6297,129
15644.0,2025-01-18 18:00:00,5766,112
15112.0,2025-01-18 19:00:00,5425,12
14576.0,2025-01-18 20:00:00,5202,12
13912.0,2025-01-18 21:00:00,4627,12
13362.0,2025-01-18 22:00:00,4048,1
12559.0,2025-01-18 23:00:00,3345,10
11733.0,2025-01-19 00:00:00,2726,34
11556.0,2025-01-19 01:00:00,2530,51
11379.0,2025-01-19 02:00:00,2923,69
11578.0,2025-01-19 03:00:00,3198,76
11511.0,2025-01-19 04:00:00,3009,87
11872.0,2025-01-19 05:00:00,3307,96
12448.0,2025-01-19 06:00:00,3733,109
12834.0,2025-01-19 07:00:00,3987,140
12508.0,2025-01-19 08:00:00,3450,225
11838.0,2025-01-19 09:00:00,3072,331
11230.0,2025-01-19 10:00:00,3019,365
11563.0,2025-01-19 11:00:00,3481,471
12325.0,2025-01-19 12:00:00,4110,562
12938.0,2025-01-19 13:00:00,4448,418
13790.0,2025-01-19 14:00:00,5170,488
14634.0,2025-01-19 15:00:00,5535,656
15553.0,2025-01-19 16:00:00,6063,852
16231.0,2025-01-19 17:00:00,6075,773
16112.0,2025-01-19 18:00:00,5963,619
15672.0,2025-01-19 19:00:00,5828,607
15216.0,2025-01-19 20:00:00,5945,635
14583.0,2025-01-19 21:00:00,5161,732
14098.0,2025-01-19 22:00:00,4714,671
13241.0,2025-01-19 23:00:00,3766,623
12999.0,2025-01-20 00:00:00,3302,885
12837.0,2025-01-20 01:00:00,3181,994
12770.0,2025-01-20 02:00:00,3125,1058
12879.0,2025-01-20 03:00:00,3198,1131
13261.0,2025-01-20 04:00:00,3379,1268
13992.0,2025-01-20 05:00:00,3964,1485
14825.0,2025-01-20 06:00:00,4711,1696
15620.0,2025-01-20 07:00:00,5644,1876
16243.0,2025-01-20 08:00:00,5647,2318
16537.0,2025-01-20 09:00:00,4894,3096
16657.0,2025-01-20 10:00:00,3236,4004
16565.0,2025-01-20 11:00:00,2669,4290
16350.0,2025-01-20 12:00:00,2525,4280
16479.0,2025-01-20 13:00:00,2675,4330
16663.0,2025-01-20 14:00:00,2770,4392
17112.0,2025-01-20 15:00:00,3780,4132
17891.0,2025-01-20 16:00:00,4703,3889
18910.0,2025-01-20 17:00:00,5099,4079
18786.0,2025-01-20 18:00:00,5088,4042
18420.0,2025-01-20 19:00:00,5141,3846
17852.0,2025-01-20 20:00:00,4982,3669
17078.0,2025-01-20 21:00:00,4664,3490
16094.0,2025-01-20 22:00:00,4285,3199
15258.0,2025-01-20 23:00:00,3619,3120
15045.0,2025-01-21 00:00:00,3510,3030
14853.0,2025-01-21 01:00:00,3580,2574
14767.0,2025-01-21 02:00:00,3536,2658
14854.0,2025-01-21 03:00:00,3366,2925
15183.0,2025-01-21 04:00:00,3615,3246
15907.0,2025-01-21 05:00:00,3888,3586
17492.0,2025-01-21 06:00:00,4793,4270
18560.0,2025-01-21 07:00:00,5286,4728
18669.0,2025-01-21 08:00:00,5156,5087
18319.0,2025-01-21 09:00:00,4874,5037
18008.0,2025-01-21 10:00:00,4127,5238
17910.0,2025-01-21 11:00:00,4500,4840
17814.0,2025-01-21 12:00:00,4660,4671
17799.0,2025-01-21 13:00:00,4769,4583
17889.0,2025-01-21 14:00:00,5107,4719
18203.0,2025-01-21 15:00:00,5566,4885
18821.0,2025-01-21 16:00:00,6338,4828
19582.0,2025-01-21 17:00:00,6733,4811
19486.0,2025-01-21 18:00:00,6832,4967
19153.0,2025-01-21 19:00:00,6716,4615
18568.0,2025-01-21 20:00:00,6651,4633
17700.0,2025-01-21 21:00:00,5781,4703
16631.0,2025-01-21 22:00:00,5140,4336
15735.0,2025-01-21 23:00:00,4411,3998
15560.0,2025-01-22 00:00:00,4727,3659
15347.0,2025-01-22 01:00:00,4525,3672
15273.0,2025-01-22 02:00:00,4558,3408
15386.0,2025-01-22 03:00:00,4733,3466
15808.0,2025-01-22 04:00:00,4959,3521
16751.0,2025-01-22 05:00:00,5835,3595
18009.0,2025-01-22 06:00:00,6724,4070
19064.0,2025-01-22 07:00:00,7159,4732
19172.0,2025-01-22 08:00:00,7063,4621
18720.0,2025-01-22 09:00:00,6992,4462
18129.0,2025-01-22 10:00:00,6839,4316
17643.0,2025-01-22 11:00:00,6696,3951
17207.0,2025-01-22 12:00:00,6639,3548
16980.0,2025-01-22 13:00:00,6516,3237
16976.0,2025-01-22 14:00:00,6555,3030
17510.0,2025-01-22 15:00:00,7063,3118
18467.0,2025-01-22 16:00:00,7494,3494
19456.0,2025-01-22 17:00:00,7660,4022
19569.0,2025-01-22 18:00:00,7655,4105
19280.0,2025-01-22 19:00:00,7597,4137
18729.0,2025-01-22 20:00:00,7494,3873
17819.0,2025-01-22 21:00:00,6827,3402
16729.0,2025-01-22 22:00:00,5725,3150
15777.0,2025-01-22 23:00:00,4959,2880
15496.0,2025-01-23 00:00:00,4772,2196
15209.0,2025-01-23 01:00:00,4901,2039
15034.0,2025-01-23 02:00:00,4824,1999
15031.0,2025-01-23 03:00:00,4834,1937
15338.0,2025-01-23 04:00:00,5071,2050
15895.0,2025-01-23 05:00:00,5458,2098
17305.0,2025-01-23 06:00:00,6883,2213
18267.0,2025-01-23 07:00:00,7252,2680
18456.0,2025-01-23 08:00:00,7262,2895
18218.0,2025-01-23 09:00:00,7321,2686
17623.0,2025-01-23 10:00:00,7713,2182
17371.0,2025-01-23 11:00:00,7364,2119
16974.0,2025-01-23 12:00:00,7082,1997
16619.0,2025-01-23 13:00:00,6764,1856
16473.0,2025-01-23 14:00:00,6681,1755
16741.0,2025-01-23 15:00:00,7224,1554
17556.0,2025-01-23 16:00:00,8034,1545
18538.0,2025-01-23 17:00:00,8508,1801
18575.0,2025-01-23 18:00:00,8354,1786
18282.0,2025-01-23 19:00:00,8095,1745
17782.0,2025-01-23 20:00:00,7633,1551
17050.0,2025-01-23 21:00:00,7596,1223
16055.0,2025-01-23 22:00:00,6692,1144
15157.0,2025-01-23 23:00:00,5701,1069
14635.0,2025-01-24 00:00:00,5184,559
14329.0,2025-01-24 01:00:00,4872,528
14200.0,2025-01-24 02:00:00,4873,513
14238.0,2025-01-24 03:00:00,5184,535
14604.0,2025-01-24 04:00:00,5327,587
15500.0,2025-01-24 05:00:00,6003,550
16937.0,2025-01-24 06:00:00,7252,542
17865.0,2025-01-24 07:00:00,8155,532
17643.0,2025-01-24 08:00:00,8125,545
16820.0,2025-01-24 09:00:00,7607,623
16342.0,2025-01-24 10:00:00,6876,572
15759.0,2025-01-24 11:00:00,6522,530
15497.0,2025-01-24 12:00:00,6459,522
15426.0,2025-01-24 13:00:00,6452,520
15692.0,2025-01-24 14:00:00,6827,523
16137.0,2025-01-24 15:00:00,7327,544
17037.0,2025-01-24 16:00:00,8149,568
17947.0,2025-01-24 17:00:00,8544,586
17893.0,2025-01-24 18:00:00,8292,570
17548.0,2025-01-24 19:00:00,8328,571
17127.0,2025-01-24 20:00:00,8250,568
16549.0,2025-01-24 21:00:00,7755,567
15784.0,2025-01-24 22:00:00,6592,569
15022.0,2025-01-24 23:00:00,5505,569
14497.0,2025-01-25 00:00:00,5236,571
14300.0,2025-01-25 01:00:00,5051,527
14345.0,2025-01-25 02:00:00,5039,486
14375.0,2025-01-25 03:00:00,5247,544
14545.0,2025-01-25 04:00:00,5527,552
14959.0,2025-01-25 05:00:00,6182,490
15383.0,2025-01-25 06:00:00,6810,496
16062.0,2025-01-25 07:00:00,7239,540
16043.0,2025-01-25 08:00:00,7010,598
15365.0,2025-01-25 09:00:00,6680,600
14634.0,2025-01-25 10:00:00,5539,563
14338.0,2025-01-25 11:00:00,5027,525
14222.0,2025-01-25 12:00:00,5134,465
14208.0,2025-01-25 13:00:00,5277,462
14531.0,2025-01-25 14:00:00,5677,460
15458.0,2025-01-25 15:00:00,6935,460
16475.0,2025-01-25 16:00:00,8006,536
17371.0,2025-01-25 17:00:00,8435,610
17252.0,2025-01-25 18:00:00,8342,643
16874.0,2025-01-25 19:00:00,8296,643
16446.0,2025-01-25 20:00:00,7829,640
15852.0,2025-01-25 21:00:00,7033,601
15117.0,2025-01-25 22:00:00,6277,534
14629.0,2025-01-25 23:00:00,5580,489
13942.0,2025-01-26 00:00:00,4875,508
13452.0,2025-01-26 01:00:00,4348,528
13236.0,2025-01-26 02:00:00,4078,495
13121.0,2025-01-26 03:00:00,3882,483
13155.0,2025-01-26 04:00:00,3768,488
13390.0,2025-01-26 05:00:00,3956,491
13837.0,2025-01-26 06:00:00,4382,488
14370.0,2025-01-26 07:00:00,5006,491
14692.0,2025-01-26 08:00:00,5074,540
14352.0,2025-01-26 09:00:00,4668,445
13705.0,2025-01-26 10:00:00,4442,178
13608.0,2025-01-26 11:00:00,4433,176
13850.0,2025-01-26 12:00:00,4555,178
13821.0,2025-01-26 13:00:00,4491,179
14153.0,2025-01-26 14:00:00,4675,179
14754.0,2025-01-26 15:00:00,5112,183
15868.0,2025-01-26 16:00:00,6065,191
17047.0,2025-01-26 17:00:00,6466,317
17033.0,2025-01-26 18:00:00,6441,434
16616.0,2025-01-26 19:00:00,6375,278
16085.0,2025-01-26 20:00:00,6238,204
15321.0,2025-01-26 21:00:00,5586,174
14462.0,2025-01-26 22:00:00,4733,178
13793.0,2025-01-26 23:00:00,4149,176
13533.0,2025-01-27 00:00:00,4178,179
13302.0,2025-01-27 01:00:00,4235,177
13207.0,2025-01-27 02:00:00,4205,179
13261.0,2025-01-27 03:00:00,4218,179
13560.0,2025-01-27 04:00:00,4648,178
14323.0,2025-01-27 05:00:00,5364,182
15641.0,2025-01-27 06:00:00,6346,214
16479.0,2025-01-27 07:00:00,6534,370
15595.0,2025-01-27 08:00:00,6128,305
14492.0,2025-01-27 09:00:00,5020,184
13602.0,2025-01-27 10:00:00,3977,166
12937.0,2025-01-27 11:00:00,3451,166
12617.0,2025-01-27 12:00:00,3358,166
12807.0,2025-01-27 13:00:00,3468,166
13494.0,2025-01-27 14:00:00,3688,169
14770.0,2025-01-27 15:00:00,5008,173
16110.0,2025-01-27 16:00:00,6320,175
17360.0,2025-01-27 17:00:00,6943,222
17430.0,2025-01-27 18:00:00,6937,273
16999.0,2025-01-27 19:00:00,6883,263
16382.0,2025-01-27 20:00:00,6636,216
15613.0,2025-01-27 21:00:00,6086,176
14692.0,2025-01-27 22:00:00,5013,172
13925.0,2025-01-27 23:00:00,4199,173
13442.0,2025-01-28 00:00:00,3836,178
13266.0,2025-01-28 01:00:00,3934,179
13019.0,2025-01-28 02:00:00,3853,177
12983.0,2025-01-28 03:00:00,3899,176
13073.0,2025-01-28 04:00:00,3982,176
13698.0,2025-01-28 05:00:00,4476,176
14865.0,2025-01-28 06:00:00,5555,195
15746.0,2025-01-28 07:00:00,5849,251
15347.0,2025-01-28 08:00:00,5740,246
14346.0,2025-01-28 09:00:00,5232,207
13718.0,2025-01-28 10:00:00,4289,169
12918.0,2025-01-28 11:00:00,3488,168
12315.0,2025-01-28 12:00:00,3271,169
12260.0,2025-01-28 13:00:00,3293,170
13053.0,2025-01-28 14:00:00,3596,168
14437.0,2025-01-28 15:00:00,4690,172
16374.0,2025-01-28 16:00:00,6623,201
17661.0,2025-01-28 17:00:00,7800,275
17759.0,2025-01-28 18:00:00,7766,304
17455.0,2025-01-28 19:00:00,7659,312
16922.0,2025-01-28 20:00:00,7522,318
16100.0,2025-01-28 21:00:00,7076,304
14988.0,2025-01-28 22:00:00,6031,258
14011.0,2025-01-28 23:00:00,5302,216
13697.0,2025-01-29 00:00:00,5271,214
13357.0,2025-01-29 01:00:00,4934,272
13183.0,2025-01-29 02:00:00,4856,295
13164.0,2025-01-29 03:00:00,4873,301
13470.0,2025-01-29 04:00:00,5139,306
14272.0,2025-01-29 05:00:00,5710,341
15340.0,2025-01-29 06:00:00,6390,539
16220.0,2025-01-29 07:00:00,6448,524
16220.0,2025-01-29 08:00:00,6488,517
15556.0,2025-01-29 09:00:00,6343,533
14681.0,2025-01-29 10:00:00,5778,262
13950.0,2025-01-29 11:00:00,5077,167
13842.0,2025-01-29 12:00:00,4941,169
14268.0,2025-01-29 13:00:00,5609,168
14475.0,2025-01-29 14:00:00,5727,169
14967.0,2025-01-29 15:00:00,6298,186
15952.0,2025-01-29 16:00:00,6664,199
17058.0,2025-01-29 17:00:00,7229,233
17185.0,2025-01-29 18:00:00,7139,257
16897.0,2025-01-29 19:00:00,7102,182
16392.0,2025-01-29 20:00:00,7013,180
15665.0,2025-01-29 21:00:00,6368,181
14746.0,2025-01-29 22:00:00,5319,175
14176.0,2025-01-29 23:00:00,4668,179
14011.0,2025-01-30 00:00:00,4972,207
13997.0,2025-01-30 01:00:00,4826,250
13979.0,2025-01-30 02:00:00,4765,218
14076.0,2025-01-30 03:00:00,4948,190
14363.0,2025-01-30 04:00:00,5141,203
14966.0,2025-01-30 05:00:00,5573,220
16218.0,2025-01-30 06:00:00,6289,215
17073.0,2025-01-30 07:00:00,6777,192
16251.0,2025-01-30 08:00:00,6353,198
14869.0,2025-01-30 09:00:00,5420,206
13851.0,2025-01-30 10:00:00,4068,231
13559.0,2025-01-30 11:00:00,3717,245
13516.0,2025-01-30 12:00:00,3870,208
13708.0,2025-01-30 13:00:00,3861,264
14037.0,2025-01-30 14:00:00,4060,175
15094.0,2025-01-30 15:00:00,5460,171
16864.0,2025-01-30 16:00:00,7556,181
18055.0,2025-01-30 17:00:00,8086,256
18185.0,2025-01-30 18:00:00,7995,268
17866.0,2025-01-30 19:00:00,7859,220
17327.0,2025-01-30 20:00:00,7865,198
16493.0,2025-01-30 21:00:00,7298,189
15383.0,2025-01-30 22:00:00,6267,185
14412.0,2025-01-30 23:00:00,5221,183
14046.0,2025-01-31 00:00:00,4955,171
13593.0,2025-01-31 01:00:00,4438,101
13333.0,2025-01-31 02:00:00,4181,46
13247.0,2025-01-31 03:00:00,4237,20
13456.0,2025-01-31 04:00:00,4471,3
14202.0,2025-01-31 05:00:00,5182,3
15186.0,2025-01-31 06:00:00,6347,2
16019.0,2025-01-31 07:00:00,7059,2
16147.0,2025-01-31 08:00:00,7222,2
16128.0,2025-01-31 09:00:00,7467,3
16083.0,2025-01-31 10:00:00,7400,3
16026.0,2025-01-31 11:00:00,7464,3
15904.0,2025-01-31 12:00:00,7387,3
15816.0,2025-01-31 13:00:00,7380,6
15720.0,2025-01-31 14:00:00,7347,6
15860.0,2025-01-31 15:00:00,7365,6
16239.0,2025-01-31 16:00:00,7602,6
16660.0,2025-01-31 17:00:00,7665,6
16403.0,2025-01-31 18:00:00,7523,6
15928.0,2025-01-31 19:00:00,6956,6
15377.0,2025-01-31 20:00:00,6572,6
14688.0,2025-01-31 21:00:00,5985,6
14029.0,2025-01-31 22:00:00,5400,6
13296.0,2025-01-31 23:00:00,4911,6
13004.0,2025-02-01 00:00:00,4531,0
12562.0,2025-02-01 01:00:00,4155,0
12554.0,2025-02-01 02:00:00,4010,0
12539.0,2025-02-01 03:00:00,4161,0
12645.0,2025-02-01 04:00:00,4105,0
12978.0,2025-02-01 05:00:00,4461,0
13187.0,2025-02-01 06:00:00,4614,0
13754.0,2025-02-01 07:00:00,4700,0
14548.0,2025-02-01 08:00:00,4993,0
14808.0,2025-02-01 09:00:00,4791,0
14521.0,2025-02-01 10:00:00,4578,0
14196.0,2025-02-01 11:00:00,4237,0
13916.0,2025-02-01 12:00:00,3869,0
13840.0,2025-02-01 13:00:00,3581,0
14032.0,2025-02-01 14:00:00,3724,0
14920.0,2025-02-01 15:00:00,4710,0
15798.0,2025-02-01 16:00:00,5937,0
16973.0,2025-02-01 17:00:00,6756,3
17142.0,2025-02-01 18:00:00,6761,3
16963.0,2025-02-01 19:00:00,6894,3
16664.0,2025-02-01 20:00:00,6727,2
16212.0,2025-02-01 21:00:00,6413,2
15578.0,2025-02-01 22:00:00,5762,3
14951.0,2025-02-01 23:00:00,5278,3
14803.0,2025-02-02 00:00:00,5591,2
14723.0,2025-02-02 01:00:00,5656,2
14606.0,2025-02-02 02:00:00,5525,3
14593.0,2025-02-02 03:00:00,5462,3
14724.0,2025-02-02 04:00:00,5605,2
14571.0,2025-02-02 05:00:00,5565,2
15086.0,2025-02-02 06:00:00,6099,3
15828.0,2025-02-02 07:00:00,6590,2
15714.0,2025-02-02 08:00:00,6665,3
15229.0,2025-02-02 09:00:00,6216,3
15265.0,2025-02-02 10:00:00,6228,3
15107.0,2025-02-02 11:00:00,6171,3
14977.0,2025-02-02 12:00:00,6217,3
15328.0,2025-02-02 13:00:00,6557,3
15801.0,2025-02-02 14:00:00,7242,3
16369.0,2025-02-02 15:00:00,7885,67
17169.0,2025-02-02 16:00:00,8418,195
17932.0,2025-02-02 17:00:00,8580,297
17805.0,2025-02-02 18:00:00,8323,307
17405.0,2025-02-02 19:00:00,8263,217
16743.0,2025-02-02 20:00:00,7980,158
15922.0,2025-02-02 21:00:00,7050,45
14902.0,2025-02-02 22:00:00,5936,2
13964.0,2025-02-02 23:00:00,5027,2
13388.0,2025-02-03 00:00:00,4614,0
13250.0,2025-02-03 01:00:00,4395,0
13330.0,2025-02-03 02:00:00,4541,0
13332.0,2025-02-03 03:00:00,4396,0
13494.0,2025-02-03 04:00:00,4530,0
14054.0,2025-02-03 05:00:00,5194,0
15165.0,2025-02-03 06:00:00,6137,67
16111.0,2025-02-03 07:00:00,6782,138
16409.0,2025-02-03 08:00:00,6986,161
16170.0,2025-02-03 09:00:00,6896,152
15964.0,2025-02-03 10:00:00,7227,179
15158.0,2025-02-03 11:00:00,6523,82
14806.0,2025-02-03 12:00:00,5710,82
14871.0,2025-02-03 13:00:00,5764,82
14826.0,2025-02-03 14:00:00,6196,13
14893.0,2025-02-03 15:00:00,6303,3
15731.0,2025-02-03 16:00:00,6745,3
16804.0,2025-02-03 17:00:00,6853,3
16826.0,2025-02-03 18:00:00,6734,3
16341.0,2025-02-03 19:00:00,6667,2
15711.0,2025-02-03 20:00:00,6153,3
15024.0,2025-02-03 21:00:00,5756,2
14025.0,2025-02-03 22:00:00,5425,2
13247.0,2025-02-03 23:00:00,5144,2
13143.0,2025-02-04 00:00:00,4301,0
12769.0,2025-02-04 01:00:00,3728,0
12586.0,2025-02-04 02:00:00,3728,0
12596.0,2025-02-04 03:00:00,3798,0
12949.0,2025-02-04 04:00:00,4215,0
13391.0,2025-02-04 05:00:00,4597,0
14271.0,2025-02-04 06:00:00,5345,0
15086.0,2025-02-04 07:00:00,5762,0
14549.0,2025-02-04 08:00:00,5075,78
13987.0,2025-02-04 09:00:00,4755,192
13065.0,2025-02-04 10:00:00,3971,138
12546.0,2025-02-04 11:00:00,3526,44
12430.0,2025-02-04 12:00:00,3427,44
12955.0,2025-02-04 13:00:00,3960,44
13916.0,2025-02-04 14:00:00,3841,44
14572.0,2025-02-04 15:00:00,4398,21
15707.0,2025-02-04 16:00:00,5285,22
17142.0,2025-02-04 17:00:00,6407,22
17410.0,2025-02-04 18:00:00,6633,22
17162.0,2025-02-04 19:00:00,6690,22
16699.0,2025-02-04 20:00:00,6590,22
15924.0,2025-02-04 21:00:00,5946,22
14943.0,2025-02-04 22:00:00,5024,21
14138.0,2025-02-04 23:00:00,4183,21
14057.0,2025-02-05 00:00:00,4287,0
13858.0,2025-02-05 01:00:00,4137,0
13745.0,2025-02-05 02:00:00,4324,0
13841.0,2025-02-05 03:00:00,4402,0
13873.0,2025-02-05 04:00:00,4471,0
14672.0,2025-02-05 05:00:00,5002,2
16216.0,2025-02-05 06:00:00,6153,23
16928.0,2025-02-05 07:00:00,6366,74
15741.0,2025-02-05 08:00:00,5774,43
14226.0,2025-02-05 09:00:00,4306,56
13553.0,2025-02-05 10:00:00,3664,48
13000.0,2025-02-05 11:00:00,3398,11
12697.0,2025-02-05 12:00:00,3393,11
12900.0,2025-02-05 13:00:00,3534,11
13404.0,2025-02-05 14:00:00,3965,11
14389.0,2025-02-05 15:00:00,5257,11
16465.0,2025-02-05 16:00:00,7470,14
17682.0,2025-02-05 17:00:00,8412,2
17900.0,2025-02-05 18:00:00,8543,2
17742.0,2025-02-05 19:00:00,8309,3
17347.0,2025-02-05 20:00:00,8103,2
16678.0,2025-02-05 21:00:00,7466,2
15724.0,2025-02-05 22:00:00,6643,3
14942.0,2025-02-05 23:00:00,5907,2
14406.0,2025-02-06 00:00:00,5419,2
14354.0,2025-02-06 01:00:00,5385,3
14253.0,2025-02-06 02:00:00,5462,2
14247.0,2025-02-06 03:00:00,5601,2
14294.0,2025-02-06 04:00:00,5711,3
14986.0,2025-02-06 05:00:00,6239,3
16114.0,2025-02-06 06:00:00,7304,2
16916.0,2025-02-06 07:00:00,7953,2
17396.0,2025-02-06 08:00:00,8571,5
17810.0,2025-02-06 09:00:00,8729,2
18178.0,2025-02-06 10:00:00,8791,85
18346.0,2025-02-06 11:00:00,8903,139
18295.0,2025-02-06 12:00:00,8935,165
18109.0,2025-02-06 13:00:00,9017,12
17843.0,2025-02-06 14:00:00,9029,2
17588.0,2025-02-06 15:00:00,8777,3
17696.0,2025-02-06 16:00:00,8503,2
18253.0,2025-02-06 17:00:00,8629,15
18058.0,2025-02-06 18:00:00,8289,83
17484.0,2025-02-06 19:00:00,7888,67
16755.0,2025-02-06 20:00:00,7458,2
16029.0,2025-02-06 21:00:00,6902,2
14862.0,2025-02-06 22:00:00,5543,3
13748.0,2025-02-06 23:00:00,4415,6
13319.0,2025-02-07 00:00:00,4005,0
12920.0,2025-02-07 01:00:00,3607,0
12890.0,2025-02-07 02:00:00,3500,0
12819.0,2025-02-07 03:00:00,3604,0
12877.0,2025-02-07 04:00:00,3677,0
13406.0,2025-02-07 05:00:00,4023,0
14767.0,2025-02-07 06:00:00,5044,75
15589.0,2025-02-07 07:00:00,5444,148
15340.0,2025-02-07 08:00:00,5299,96
15002.0,2025-02-07 09:00:00,5196,47
14651.0,2025-02-07 10:00:00,4538,47
14240.0,2025-02-07 11:00:00,3911,47
13659.0,2025-02-07 12:00:00,3139,47
13435.0,2025-02-07 13:00:00,3136,47
13734.0,2025-02-07 14:00:00,3434,47
14727.0,2025-02-07 15:00:00,4407,42
15648.0,2025-02-07 16:00:00,5264,42
16838.0,2025-02-07 17:00:00,6268,36
16961.0,2025-02-07 18:00:00,6287,3
16646.0,2025-02-07 19:00:00,6197,2
16215.0,2025-02-07 20:00:00,6171,3
15617.0,2025-02-07 21:00:00,5768,2
14912.0,2025-02-07 22:00:00,5060,3
14689.0,2025-02-07 23:00:00,4810,2
14272.0,2025-02-08 00:00:00,4278,2
14142.0,2025-02-08 01:00:00,4184,3
13966.0,2025-02-08 02:00:00,4039,3
13954.0,2025-02-08 03:00:00,4111,2
14089.0,2025-02-08 04:00:00,4372,3
14159.0,2025-02-08 05:00:00,4633,2
14142.0,2025-02-08 06:00:00,4663,2
14551.0,2025-02-08 07:00:00,4847,2
14124.0,2025-02-08 08:00:00,4352,3
13410.0,2025-02-08 09:00:00,3865,3
12887.0,2025-02-08 10:00:00,3408,3
12815.0,2025-02-08 11:00:00,3204,3
12695.0,2025-02-08 12:00:00,3151,3
12885.0,2025-02-08 13:00:00,3419,3
13485.0,2025-02-08 14:00:00,4092,3
14175.0,2025-02-08 15:00:00,4991,3
15170.0,2025-02-08 16:00:00,6231,3
16303.0,2025-02-08 17:00:00,7163,2
16371.0,2025-02-08 18:00:00,7050,3
15986.0,2025-02-08 19:00:00,6904,3
15498.0,2025-02-08 20:00:00,6773,2
14984.0,2025-02-08 21:00:00,6474,2
14414.0,2025-02-08 22:00:00,5813,3
13599.0,2025-02-08 23:00:00,4895,2
13115.0,2025-02-09 00:00:00,4598,0
13035.0,2025-02-09 01:00:00,4558,0
12799.0,2025-02-09 02:00:00,4357,0
12667.0,2025-02-09 03:00:00,4195,0
12705.0,2025-02-09 04:00:00,4198,10
12709.0,2025-02-09 05:00:00,4129,109
13162.0,2025-02-09 06:00:00,4327,294
13740.0,2025-02-09 07:00:00,4854,305
14514.0,2025-02-09 08:00:00,5352,305
15113.0,2025-02-09 09:00:00,5799,315
15340.0,2025-02-09 10:00:00,6011,313
15519.0,2025-02-09 11:00:00,6101,314
15595.0,2025-02-09 12:00:00,6135,344
15564.0,2025-02-09 13:00:00,6034,374
15594.0,2025-02-09 14:00:00,6182,357
15859.0,2025-02-09 15:00:00,6763,365
16405.0,2025-02-09 16:00:00,7352,396
17205.0,2025-02-09 17:00:00,7743,451
16957.0,2025-02-09 18:00:00,7539,456
16106.0,2025-02-09 19:00:00,7283,341
15531.0,2025-02-09 20:00:00,6859,313
15021.0,2025-02-09 21:00:00,6176,384
14353.0,2025-02-09 22:00:00,5552,350
13642.0,2025-02-09 23:00:00,4829,312
13439.0,2025-02-10 00:00:00,4327,315
13360.0,2025-02-10 01:00:00,4341,318
13467.0,2025-02-10 02:00:00,4524,328
13501.0,2025-02-10 03:00:00,4456,339
13907.0,2025-02-10 04:00:00,4907,359
14585.0,2025-02-10 05:00:00,5562,502
15559.0,2025-02-10 06:00:00,5937,464
16398.0,2025-02-10 07:00:00,6304,377
16356.0,2025-02-10 08:00:00,6416,391
16030.0,2025-02-10 09:00:00,5902,400
15777.0,2025-02-10 10:00:00,5376,627
15927.0,2025-02-10 11:00:00,5100,942
16058.0,2025-02-10 12:00:00,5085,1156
15952.0,2025-02-10 13:00:00,5236,830
15628.0,2025-02-10 14:00:00,5093,721
15777.0,2025-02-10 15:00:00,5610,492
16428.0,2025-02-10 16:00:00,6437,394
17507.0,2025-02-10 17:00:00,7190,395
17766.0,2025-02-10 18:00:00,7488,447
17424.0,2025-02-10 19:00:00,7248,405
16879.0,2025-02-10 20:00:00,7088,402
16063.0,2025-02-10 21:00:00,6344,418
15265.0,2025-02-10 22:00:00,5365,592
14775.0,2025-02-10 23:00:00,5146,363
14343.0,2025-02-11 00:00:00,4963,378
13831.0,2025-02-11 01:00:00,4606,392
13792.0,2025-02-11 02:00:00,4464,402
13906.0,2025-02-11 03:00:00,4596,400
14338.0,2025-02-11 04:00:00,5088,404
15010.0,2025-02-11 05:00:00,5759,405
16584.0,2025-02-11 06:00:00,6668,414
17354.0,2025-02-11 07:00:00,7155,413
17144.0,2025-02-11 08:00:00,7287,416
16629.0,2025-02-11 09:00:00,6936,406
16139.0,2025-02-11 10:00:00,6467,405
16026.0,2025-02-11 11:00:00,6456,422
15746.0,2025-02-11 12:00:00,6016,401
15704.0,2025-02-11 13:00:00,6064,402
15695.0,2025-02-11 14:00:00,5940,394
16037.0,2025-02-11 15:00:00,6543,405
16787.0,2025-02-11 16:00:00,7450,397
17725.0,2025-02-11 17:00:00,7856,396
17821.0,2025-02-11 18:00:00,7754,397
17417.0,2025-02-11 19:00:00,7642,389
16799.0,2025-02-11 20:00:00,7282,390
15914.0,2025-02-11 21:00:00,6678,232
14792.0,2025-02-11 22:00:00,5776,63
13881.0,2025-02-11 23:00:00,4906,3
13617.0,2025-02-12 00:00:00,4954,3
13434.0,2025-02-12 01:00:00,4899,2
13353.0,2025-02-12 02:00:00,5159,2
13385.0,2025-02-12 03:00:00,5136,2
13507.0,2025-02-12 04:00:00,5183,2
14436.0,2025-02-12 05:00:00,6067,2
15579.0,2025-02-12 06:00:00,7342,2
16409.0,2025-02-12 07:00:00,8197,2
16358.0,2025-02-12 08:00:00,8135,3
16036.0,2025-02-12 09:00:00,8281,2
15860.0,2025-02-12 10:00:00,8002,2
15577.0,2025-02-12 11:00:00,7617,2
15321.0,2025-02-12 12:00:00,7364,2
15538.0,2025-02-12 13:00:00,7579,49
15587.0,2025-02-12 14:00:00,8177,49
16016.0,2025-02-12 15:00:00,8406,50
16676.0,2025-02-12 16:00:00,8210,49
17476.0,2025-02-12 17:00:00,8354,22
17498.0,2025-02-12 18:00:00,8410,2
17110.0,2025-02-12 19:00:00,8182,2
16535.0,2025-02-12 20:00:00,7485,3
15718.0,2025-02-12 21:00:00,6613,2
14675.0,2025-02-12 22:00:00,5524,21
13931.0,2025-02-12 23:00:00,4718,28
13698.0,2025-02-13 00:00:00,4916,66
13330.0,2025-02-13 01:00:00,4810,97
13173.0,2025-02-13 02:00:00,4480,97
13149.0,2025-02-13 03:00:00,4445,97
13447.0,2025-02-13 04:00:00,4561,97
13839.0,2025-02-13 05:00:00,4817,97
14847.0,2025-02-13 06:00:00,5836,97
15791.0,2025-02-13 07:00:00,6735,97
16372.0,2025-02-13 08:00:00,7182,97
16571.0,2025-02-13 09:00:00,7047,95
16570.0,2025-02-13 10:00:00,7089,97
16485.0,2025-02-13 11:00:00,7311,59
16352.0,2025-02-13 12:00:00,7433,59
16032.0,2025-02-13 13:00:00,7136,59
15655.0,2025-02-13 14:00:00,6638,59
15587.0,2025-02-13 15:00:00,6688,59
15946.0,2025-02-13 16:00:00,6762,59
16731.0,2025-02-13 17:00:00,7263,2
16835.0,2025-02-13 18:00:00,7305,2
16449.0,2025-02-13 19:00:00,6763,3
15917.0,2025-02-13 20:00:00,6353,32
15209.0,2025-02-13 21:00:00,5505,127
14585.0,2025-02-13 22:00:00,4426,585
13993.0,2025-02-13 23:00:00,4476,254
13789.0,2025-02-14 00:00:00,4762,0
13527.0,2025-02-14 01:00:00,4456,0
13626.0,2025-02-14 02:00:00,4384,0
13683.0,2025-02-14 03:00:00,4441,0
13702.0,2025-02-14 04:00:00,4503,0
14422.0,2025-02-14 05:00:00,4866,69
15334.0,2025-02-14 06:00:00,5542,2
15907.0,2025-02-14 07:00:00,5991,7
15115.0,2025-02-14 08:00:00,5324,43
14430.0,2025-02-14 09:00:00,4659,13
13891.0,2025-02-14 10:00:00,3937,13
13872.0,2025-02-14 11:00:00,3800,13
13639.0,2025-02-14 12:00:00,3552,13
13794.0,2025-02-14 13:00:00,3465,13
14038.0,2025-02-14 14:00:00,3494,13
14728.0,2025-02-14 15:00:00,4498,13
15846.0,2025-02-14 16:00:00,5913,13
16890.0,2025-02-14 17:00:00,6332,5
17172.0,2025-02-14 18:00:00,6495,8
16801.0,2025-02-14 19:00:00,6341,5
16344.0,2025-02-14 20:00:00,6384,2
15744.0,2025-02-14 21:00:00,5958,2
14975.0,2025-02-14 22:00:00,5315,3
14286.0,2025-02-14 23:00:00,4695,2
13889.0,2025-02-15 00:00:00,4525,2
13527.0,2025-02-15 01:00:00,4192,2
13459.0,2025-02-15 02:00:00,4084,2
13375.0,2025-02-15 03:00:00,4108,2
13551.0,2025-02-15 04:00:00,4208,2
13639.0,2025-02-15 05:00:00,4392,2
14264.0,2025-02-15 06:00:00,5041,21
14576.0,2025-02-15 07:00:00,5138,127
14287.0,2025-02-15 08:00:00,4892,261
13886.0,2025-02-15 09:00:00,4697,301
13715.0,2025-02-15 10:00:00,4947,221
13917.0,2025-02-15 11:00:00,5384,181
14334.0,2025-02-15 12:00:00,6134,45
14760.0,2025-02-15 13:00:00,6436,69
15168.0,2025-02-15 14:00:00,6692,135
15645.0,2025-02-15 15:00:00,6865,153
16265.0,2025-02-15 16:00:00,7465,162
17026.0,2025-02-15 17:00:00,7620,274
17089.0,2025-02-15 18:00:00,7560,280
16665.0,2025-02-15 19:00:00,7190,235
16118.0,2025-02-15 20:00:00,6896,151
15382.0,2025-02-15 21:00:00,6371,163
14593.0,2025-02-15 22:00:00,5562,145
