Date,Slope,R2
2021-08-01,0.8620201901560364,0.9673757129486151
2021-08-02,0.8790635061253669,0.9519406760009591
2021-08-03,1.1690668912572069,0.9717126838278191
2021-08-04,1.2493397588251751,0.9695671702436733
2021-08-05,1.2523629004085377,0.9554207016676264
2021-08-06,0.9722551426207509,0.962961236948235
2021-08-07,1.0465035888168526,0.9495728269831679
2021-08-08,1.0616610184298507,0.9545074963932905
2021-08-09,1.3185584860800887,0.9654302443435614
2021-08-10,1.0493701473543375,0.9588719802149008
2021-08-11,0.7824225343557258,0.9796392315262595
2021-08-12,0.7514168688306635,0.9599124400970045
2021-08-13,0.8271595064606136,0.9764875088725201
2021-08-14,0.8377276231247561,0.9587980038694487
2021-08-15,0.9058199247770273,0.944968801781007
2021-08-16,1.0280530578871934,0.9574092613639688
2021-08-17,0.9205464485582847,0.9771962543179628
2021-08-18,0.8758950023975053,0.9750196332551685
2021-08-19,0.9232397762350608,0.9704549482620038
2021-08-20,1.0089030293768857,0.9676323195490663
2021-08-21,1.0008196588801594,0.9817678709877223
2021-08-22,1.4249679284322965,0.9483490412373482
2021-08-23,1.2322131229602329,0.9880875224116094
2021-08-24,0.9210344114260998,0.9695849118084169
2021-08-25,0.8349406639220156,0.9611888158419356
2021-08-26,0.8077793101219287,0.9297855292685246
2021-08-27,0.8318542381237839,0.9750179508349137
2021-08-28,0.9716896626198409,0.3742458390480621
2021-08-29,1.2054933248446784,0.9624504721832436
2021-08-30,0.9023105563975948,0.9740434139163467
2021-08-31,0.9629385711419787,0.9204372293093994
2021-09-01,1.0380459977855234,0.9876162551846623
2021-09-02,0.9334786550389972,0.9170650829493047
2021-09-03,0.8684498363894624,0.9343997212018207
2021-09-04,1.0470071363002076,0.9241235054268216
2021-09-05,0.8771877989865025,0.9525100075849068
2021-09-06,0.9962383550655223,0.9651369858084639
2021-09-07,1.1513336064368302,0.9775638782123891
2021-09-08,0.8571661161475064,0.9439197042519278
2021-09-09,0.976569153078285,0.9769459292096294
2021-09-10,0.7993947604992271,0.9048098910850795
2021-09-11,0.9732783036896118,0.9372567828935103
2021-09-12,0.9884070812338215,0.9753062668224532
2021-09-13,0.8704075241441874,0.8891698957052171
2021-09-14,1.0236839891135938,0.9103426258626892
2021-09-15,0.8627208302451034,0.9746904322659483
2021-09-16,1.3385793433527295,0.9429719747444134
2021-09-17,1.0798789914966849,0.9812017149556493
2021-09-18,1.0223631873647125,0.9527951330682904
2021-09-19,1.122347507516809,0.940281941138924
2021-09-20,1.0398664481930113,0.9470794579643532
2021-09-21,1.0753961764841964,0.9173283550451955
2021-09-22,0.9431918788633716,0.9835450293205427
2021-09-23,0.9542304584215676,0.9354371829746565
2021-09-24,0.8878284171705954,0.9693129652170276
2021-09-25,1.036142148948291,0.9246048438417324
2021-09-26,0.7874405026221042,0.9713481424904646
2021-09-27,0.986471023437739,0.9794781659313061
2021-09-28,0.9045987975318733,0.9803875675021265
2021-09-29,0.9714336563618209,0.9032739646632753
2021-09-30,0.8303534019925052,0.9791580764628984
2021-10-01,0.9855486909031207,0.8975367694077536
2021-10-02,0.962281085005043,0.9261702059263031
2021-10-03,0.7729603267780308,0.9363565777764379
2021-10-04,1.0669271890869394,0.9440908461506549
2021-10-05,1.0836976381326053,0.9644519770261649
2021-10-06,0.8380246405024669,0.9005839317349719
2021-10-07,0.8980802993334501,0.9077965677090918
2021-10-08,1.0399574774387081,0.9029428724435178
2021-10-09,0.9074295751466258,0.7801009145776183
2021-10-10,0.9801415961951518,0.9424205220135436
2021-10-11,0.8985100227195364,0.9094744488088798
2021-10-12,0.8866505104518567,0.8861342810366066
2021-10-13,0.9303529047986362,0.9343708776468805
2021-10-14,0.9576781269383278,0.947455504304903
2021-10-15,1.0218282843915367,0.9722346487986014
2021-10-16,0.8338263277433905,0.9637372637242444
2021-10-17,0.9672571419919662,0.9914005398428041
2021-10-18,0.9287058212732021,0.9349706634530204
2021-10-19,0.9157292061557383,0.980407142531232
2021-10-20,0.9206312705746235,0.9543301423872603
2021-10-21,0.8053612034431419,0.9300962546861139
2021-10-22,0.7787869027334305,0.8637719861608537
2021-10-23,0.6989709091153388,0.7106652978111808
2021-10-24,0.8035900657190913,0.9329731135612177
2021-10-25,0.8796443365847648,0.9508919513211003
2021-10-26,0.764211223318687,0.9630728448565623
2021-10-27,0.9198563452047492,0.924505187860528
2021-10-28,0.8982729062277981,0.9240570518174201
2021-10-29,1.0587843056032396,0.8704483559719295
2021-10-30,0.8647984535928621,0.9573856351965349
2021-10-31,0.9353181441954427,0.9403533708687466
2021-11-01,0.9061310284660803,0.9606249609764279
2021-11-02,0.9466633432814446,0.8997402484698561
2021-11-03,0.880967918276899,0.9338494673134029
2021-11-04,0.7930749755965327,0.8784697633737997
2021-11-05,0.7802609726634078,0.9201224613607408
2021-11-06,0.7461005624634798,0.9172856740608272
2021-11-07,,
2021-11-08,0.7574001610868598,0.8506778258254222
2021-11-09,0.7527486403589742,0.8713823424302173
2021-11-10,0.915267827805805,0.9413254053653207
2021-11-11,0.9150089959126463,0.9419456256994497
2021-11-12,0.9011480283173762,0.9854952118040708
2021-11-13,0.7461090219842469,0.9305743762222921
2021-11-14,0.8847753806507724,0.9275891987723454
2021-11-15,0.885788803686073,0.9186694664228101
2021-11-16,0.7293713502828229,0.9455050511546904
2021-11-17,0.9657219438697019,0.9306907716942849
2021-11-18,0.6786621832129209,0.8253718882852652
2021-11-19,0.789928817290838,0.9385652165098636
2021-11-20,0.7530287552967218,0.9311345285084356
2021-11-21,0.6760313028194024,0.9668426076422366
2021-11-22,0.8281630615325634,0.9748030685917694
2021-11-23,0.7063536439949316,0.9295611548444351
2021-11-24,0.7024990961774894,0.9386609128877661
2021-11-25,0.9976522167769072,0.9015308156164581
2021-11-26,0.988429867715171,0.9779441608611699
2021-11-27,0.7112798439870123,0.9566131456757906
2021-11-28,0.8282757075983329,0.9333125201614597
2021-11-29,0.8137154173858105,0.955446379924723
2021-11-30,0.9529843353318695,0.9623633455095386
2021-12-01,0.7924633479295601,0.9469016352143798
2021-12-02,0.6998025227373226,0.7324766167924405
2021-12-03,0.7309383629566019,0.9523486402847308
2021-12-04,0.9417806178262547,0.9471320290418663
2021-12-05,0.8118981484987887,0.9585322578639582
2021-12-06,0.8016112699149912,0.9318824561370189
2021-12-07,0.7805105119616826,0.9818856097885148
2021-12-08,0.9795974416522198,0.9785857775768206
2021-12-09,0.8621444594174523,0.9732209452337189
2021-12-10,0.9058564246903246,0.9371873305602577
2021-12-11,0.7107981447795434,0.9382194887769741
2021-12-12,0.8353745835530193,0.9793727172955546
2021-12-13,0.8082164737881882,0.9812810216022371
2021-12-14,1.0079758290547474,0.9274714951679613
2021-12-15,0.8779988389465211,0.9706457965238887
2021-12-16,0.7933273218240754,0.9444360396977245
2021-12-17,0.8087198459878573,0.9630722558768252
2021-12-18,0.7354420198432651,0.9317684995974668
2021-12-19,0.45407961619661524,0.9318292159938574
2021-12-20,0.5652871218495215,0.9017933156352014
2021-12-21,0.7733526570212687,0.9087110137483051
2021-12-22,0.6775001290009217,0.9556541402038564
2021-12-23,0.5522325080938987,0.9273230457271073
2021-12-24,0.7485135576843511,0.9413624998816671
2021-12-25,1.0860851686274415,0.9622277097293005
2021-12-26,0.5913143977527252,0.892554043799531
2021-12-27,0.8986784464047834,0.9828378321839211
2021-12-28,0.7807744580906477,0.9553794957243509
2021-12-29,1.1223367091184169,0.9835839860712999
2021-12-30,0.9516689809467548,0.9905625876428371
2021-12-31,0.9215501467917906,0.9763278193422993
2022-01-01,0.7049163514835829,0.9548473349771197
2022-01-02,0.6083829473198547,0.9677128444214543
2022-01-03,0.9818262482975841,0.9668238017739661
2022-01-04,0.8331349974083095,0.9546440919254964
2022-01-05,0.8712611458184435,0.9881712222561755
2022-01-06,0.9091847049199006,0.9515994278571591
2022-01-07,0.34213078471158737,0.7423062083703758
2022-01-08,0.6223938369053909,0.8977114241924342
2022-01-09,0.5458518509854664,0.8811823878866772
2022-01-10,0.5690716447368587,0.9455796547049723
2022-01-11,0.6539747827685671,0.9519157892321409
2022-01-12,0.6921492073255624,0.7001541452636644
2022-01-13,0.8293311409008421,0.9392348293555224
2022-01-14,0.4599915118456213,0.7001113657719958
2022-01-15,0.3497457454731544,0.8982022074241622
2022-01-16,0.5197648691747014,0.661475022228071
2022-01-17,0.7675187129262956,0.8203394665733852
2022-01-18,0.30676761156704235,0.6512539553053007
2022-01-19,0.9290549811325779,0.7183970723678346
2022-01-20,0.8020831950670786,0.9355666614140998
2022-01-21,0.5752135977841907,0.7949044856060141
2022-01-22,0.6378278684968303,0.6195706010734301
2022-01-23,0.8308920099904744,0.9093639639524959
2022-01-24,0.6937305286168242,0.9131060097137675
2022-01-25,0.7416349333439357,0.9601203935790483
2022-01-26,0.5235411818029088,0.8516162054635927
2022-01-27,0.5343915956942973,0.8732804116930758
2022-01-28,0.706463772649049,0.855251280209688
2022-01-29,0.40761916306954954,0.857573226488164
2022-01-30,0.5901965661784591,0.9507754240666811
2022-01-31,0.5986091314100291,0.9456985771086767
2022-02-01,0.8698844813620971,0.7562855078899041
2022-02-02,0.6564002410456798,0.9704990304399371
2022-02-03,1.0418282909398973,0.9440287237613959
2022-02-04,0.7760850185241317,0.956559980482859
2022-02-05,0.9519404423979104,0.9353634690970625
2022-02-06,0.5875394404547291,0.8831084757484104
2022-02-07,0.7335185188979235,0.9109547068781642
2022-02-08,1.192751806122025,0.9547608315539012
2022-02-09,0.8712770039280944,0.9445669490205268
2022-02-10,0.7255253960534042,0.6133987589051386
2022-02-11,0.7939779823142864,0.8762175918883854
2022-02-12,0.9259267042230597,0.911661656117327
2022-02-13,0.6534877794108469,0.9613541407207812
2022-02-14,0.6334588651825268,0.9098680527464723
2022-02-15,0.5762148342044935,0.7828097932237899
2022-02-16,0.9044300081400848,0.8715876991597414
2022-02-17,0.7669122750603248,0.9330845359364104
2022-02-18,0.6686885383631965,0.9031698083964038
2022-02-19,0.7448079686350884,0.9502231740037363
2022-02-20,0.6543466517884813,0.8707216338169051
2022-02-21,0.7599189940971685,0.920086876709523
2022-02-22,0.9871470239750091,0.9676263800018354
2022-02-23,0.7652220712397604,0.905205663903182
2022-02-24,0.6607676339840162,0.8242827380082247
2022-02-25,0.6616884445234332,0.9692465602128524
2022-02-26,0.8934818985029784,0.9455557999696981
2022-02-27,0.6862608273680454,0.9762871952937614
2022-02-28,0.7108840883178766,0.9650909692618561
2022-03-01,1.0736983016360748,0.8890962539814282
2022-03-02,0.9082416994443904,0.948843434779154
2022-03-03,0.43559694686311284,0.278976516631173
2022-03-04,0.7189415864826451,0.8182598616460576
2022-03-05,0.976249021364901,0.8304279160075988
2022-03-06,0.6797003355411974,0.8366768274149605
2022-03-07,0.9726442848447915,0.9534025926554986
2022-03-08,0.9500454357456496,0.9468353746146844
2022-03-09,1.0554792259238048,0.9580355395381148
2022-03-10,0.9383381741476151,0.9330895353560463
2022-03-11,0.6983015000538886,0.8826085253724224
2022-03-12,0.7107356464061556,0.942622271494376
2022-03-13,0.8886594814731963,0.9356192781819871
2022-03-14,0.8897204938637691,0.9625521518120173
2022-03-15,0.8904208968976984,0.8854326309579736
2022-03-16,0.6819182389124283,0.9398140791438859
2022-03-17,0.9585900791747374,0.9531395673636502
2022-03-18,0.8019423610453114,0.9669781185502575
2022-03-19,0.9042353605289493,0.9810528476725612
2022-03-20,0.8278370024042209,0.9083433697720147
2022-03-21,0.7216138709876713,0.9628359875125878
2022-03-22,0.7500940472055877,0.9687051766971844
2022-03-23,0.8710027380939792,0.9265936140649688
2022-03-24,0.9489157556349107,0.9856721107235569
2022-03-25,0.6405743016201868,0.8797043054696547
2022-03-26,1.0688953402845993,0.7501238953496742
2022-03-27,0.5885520411197541,0.9526383555371895
2022-03-28,0.674245149869585,0.8291958928406442
2022-03-29,0.6530244146281988,0.8606017866883685
2022-03-30,0.8093672032281374,0.5135732941687062
2022-03-31,0.9689316122816176,0.9721532574095071
2022-04-01,0.8780137159290209,0.9257350146649694
2022-04-02,0.6122884613739271,0.860171583690435
2022-04-03,0.7442312875166465,0.8236883940801455
2022-04-04,0.7023364013323669,0.9292611125297925
2022-04-05,0.6831147642115836,0.8880970021229593
2022-04-06,0.9553942774219643,0.9797742803501214
2022-04-07,1.0489613418405292,0.9146516039490918
2022-04-08,0.8452809977960741,0.8266264996742145
2022-04-09,0.781649125295409,0.9336610819490818
2022-04-10,0.6679282591075415,0.9561308203745403
2022-04-11,0.9033866412351101,0.9460712670485739
2022-04-12,0.7060597949285738,0.964068005891174
2022-04-13,0.8046857602228981,0.963853359465138
2022-04-14,0.8885836114462933,0.9822559097750346
2022-04-15,0.6704121317526469,0.9510020537929884
2022-04-16,0.8635716113915803,0.9620959184930449
2022-04-17,0.7209800565028185,0.9279874527733726
2022-04-18,0.7596021735624667,0.8209377234047877
2022-04-19,0.9189111990834872,0.986535274157943
2022-04-20,0.7009873409211692,0.845934246271455
2022-04-21,0.7848671465310821,0.9315839088734778
2022-04-22,0.6540987638571699,0.9615494571943527
2022-04-23,0.8185444078655592,0.9590438387470107
2022-04-24,0.8379905346475474,0.9680342521167624
2022-04-25,0.8662193519311404,0.9327333248682885
2022-04-26,0.9413240683271886,0.960996162002285
2022-04-27,0.8202743065007846,0.8561354423370932
2022-04-28,0.6083015813482213,0.950503524289037
2022-04-29,0.8383099610887564,0.9446209847625123
2022-04-30,0.7377145225016756,0.9482858090693717
2022-05-01,0.7040777811143857,0.939248030116159
2022-05-02,0.6807142400947507,0.9734655104669588
2022-05-03,0.757601669413918,0.8690052283211762
2022-05-04,0.8989514019191088,0.9775910747929324
2022-05-05,0.8797366248627376,0.9295872164492749
2022-05-06,0.8999293902540876,0.9705382231386928
2022-05-07,0.8029971802721554,0.9198206374504857
2022-05-08,0.8373151600822872,0.8237977750420082
2022-05-09,0.7811808301095093,0.7927438583482275
2022-05-10,0.9403295493254578,0.9321809095464417
2022-05-11,0.9485188715851208,0.9837360209671895
2022-05-12,0.7833368177330712,0.9121530753826852
2022-05-13,0.831825959229619,0.9194730880486882
2022-05-14,1.0408948518594756,0.9394550734953623
2022-05-15,0.8917744053501282,0.9470236846397214
2022-05-16,0.7564371812759947,0.9469189577291867
2022-05-17,0.7889596901270398,0.9401292862566287
2022-05-18,0.6217761741951834,0.7307670112195029
2022-05-19,0.9567996543684604,0.982641149826536
2022-05-20,0.724378169009012,0.9404683119005831
2022-05-21,0.8700776008499717,0.8906969169065011
2022-05-22,0.712808424691261,0.9723677959402902
2022-05-23,0.9671740904841409,0.9403783415171559
2022-05-24,0.6885889903630974,0.9282126595922455
2022-05-25,0.8080061230478673,0.9454034156045283
2022-05-26,0.8042034907475605,0.9539924121294957
2022-05-27,0.8748206711309128,0.9581789409041683
2022-05-28,1.0019588318395027,0.962084342231821
2022-05-29,1.0643923297128828,0.9753874126249862
2022-05-30,0.8027405936994987,0.9861481001960042
2022-05-31,1.003604841403608,0.946923058955134
2022-06-01,1.2310381266846044,0.9480550388304004
2022-06-02,1.0119572431164423,0.9708297852214033
2022-06-03,0.8608891276063546,0.8951991839533822
2022-06-04,0.6752820841489313,0.908707454278436
2022-06-05,0.8223533799986086,0.9548176409576571
2022-06-06,0.8440200291540584,0.9443846135344264
2022-06-07,0.7679052892451156,0.9741317163596739
2022-06-08,0.8862140348402305,0.9575772862052933
2022-06-09,0.6562989858555398,0.907138985422599
2022-06-10,0.8241000507969966,0.9698016025577177
2022-06-11,0.9643756401072925,0.9851635586653652
2022-06-12,0.8499530138471764,0.9615710513865071
2022-06-13,1.0561043004815787,0.9813184001431966
2022-06-14,0.9611083426759535,0.9845318230504096
2022-06-15,1.1506242908054318,0.9565744885405681
2022-06-16,1.0598428069523294,0.9681235476952003
2022-06-17,1.0126164803108761,0.9811929685773553
2022-06-18,0.7413362343886712,0.7115117034083402
2022-06-19,0.6837522445279687,0.8371345600906086
2022-06-20,1.0244222964910992,0.9773696950134487
2022-06-21,0.9365955065079952,0.9432168587737954
2022-06-22,0.9934431883278181,0.9119183134222972
2022-06-23,1.1098280398058056,0.9539425743899324
2022-06-24,0.768215199157664,0.9726763500471036
2022-06-25,1.01216875927926,0.9449002131392512
2022-06-26,0.8758700642969314,0.9597083772551496
2022-06-27,0.8646362303221163,0.9576073116908882
2022-06-28,0.8682778628055647,0.9779857262378902
2022-06-29,0.8514380487332981,0.9567133674361634
2022-06-30,1.0320660269640594,0.9740355333579535
2022-07-01,0.8639104568641977,0.9710071941008503
2022-07-02,1.0222824779833648,0.9617777151398764
2022-07-03,0.9028611609238562,0.9810282682301533
2022-07-04,0.9422548388386522,0.9644897940698781
2022-07-05,1.0456553270791606,0.9620743212039428
2022-07-06,0.8247423586054389,0.9835087323245024
2022-07-07,0.84897990461787,0.971207216383233
2022-07-08,0.8312944532853455,0.9631848468378045
2022-07-09,0.7510927737438953,0.9532942758017175
2022-07-10,0.9004084445168296,0.9726904598753838
2022-07-11,0.9458262142388517,0.9815161934933667
2022-07-12,0.8946856786804719,0.977456428810888
2022-07-13,0.997350004024457,0.9667288230858981
2022-07-14,0.7511126445011413,0.9645553091588769
2022-07-15,0.9060766849883648,0.9654628089025395
2022-07-16,1.0584201442024852,0.9694930297382461
2022-07-17,0.9824993439794751,0.9721759725404655
2022-07-18,0.8560562237093683,0.9809771742424277
2022-07-19,0.682150141755576,0.9627132805550989
2022-07-20,0.553569282766046,0.8818055143962706
2022-07-21,0.468446857399258,0.8968043381428973
2022-07-22,0.8036712202564066,0.915458662038532
2022-07-23,0.7215367125680074,0.9262494508996975
2022-07-24,0.6811451183292508,0.8930912282600801
2022-07-25,0.8509106371030907,0.9569531215445962
2022-07-26,1.1859569770253386,0.944397661432493
2022-07-27,1.0740871980453064,0.9661765586564148
2022-07-28,0.7790308262098063,0.9529272711284253
2022-07-29,0.8158447665306584,0.9478836731634958
2022-07-30,1.0865321298381512,0.9609535664711201
2022-07-31,1.074304391707442,0.9757913114098018
2022-08-01,1.0798505923562614,0.9537201166308273
2022-08-02,0.9819726408672103,0.960450824825722
2022-08-03,0.9027720101027752,0.9317530002648442
2022-08-04,0.8362776930862831,0.9672828800598215
2022-08-05,0.8855167498366893,0.951821538166655
2022-08-06,0.8074743222795864,0.9808245209700971
2022-08-07,0.9380276893616063,0.9547436536148648
2022-08-08,0.8083235490595085,0.9654431274116301
2022-08-09,0.8041908085072335,0.9720176767457359
2022-08-10,1.0684280443830139,0.9567448888202159
2022-08-11,1.0890976631652443,0.9689956229492066
2022-08-12,1.0691609226243386,0.9831505975108094
2022-08-13,1.0410335276614413,0.9306664968904487
2022-08-14,0.979841253685681,0.9589567212425837
2022-08-15,0.8892639551990243,0.9582951147050532
2022-08-16,1.0736920733072677,0.9712147532048941
2022-08-17,1.101239860924768,0.9770059870342752
2022-08-18,1.1385295784245797,0.936085718485602
2022-08-19,1.0440188769539203,0.9759939407639499
2022-08-20,1.070393925745361,0.960149928069677
2022-08-21,1.0072568623283655,0.9707981109876076
2022-08-22,1.2047493679577133,0.9808143627415249
2022-08-23,1.184158509762204,0.9722021284173207
2022-08-24,0.9722397287421329,0.9671896209481877
2022-08-25,0.9500853609092152,0.9443800901334556
2022-08-26,0.9402470494982443,0.9614160827416911
2022-08-27,1.156737215804046,0.9596399054766165
2022-08-28,1.09395340453852,0.9506906826132602
2022-08-29,0.9985483893756631,0.9611958536279077
2022-08-30,0.9552394148308728,0.9339440643555155
2022-08-31,1.0710668668949628,0.8964088457929871
2022-09-01,1.0817392757017703,0.9627396323428136
2022-09-02,0.8549118347743689,0.8600472009272514
2022-09-03,1.0785054699663923,0.9454177681697324
2022-09-04,0.8593225539919607,0.9574917513444352
2022-09-05,0.9859230579447041,0.9082722583622757
2022-09-06,0.910759844556497,0.9744296284093811
2022-09-07,0.9200622779317771,0.9557347489375544
2022-09-08,1.0145493754049806,0.9174738326294929
2022-09-09,0.9704260105608985,0.9682832337145024
2022-09-10,0.9135966926825653,0.9861027054746212
2022-09-11,0.9186677747656579,0.9736072691889707
2022-09-12,0.9008062486551652,0.9799329297610426
2022-09-13,0.8442242720520192,0.9617445967060806
2022-09-14,0.9035481845563228,0.9864790732353973
2022-09-15,0.8297175614164155,0.9743236303450835
2022-09-16,1.1171015739983958,0.9850430117198543
2022-09-17,1.0604958624897352,0.9747950618658863
2022-09-18,0.9142024751916589,0.9893930651526956
2022-09-19,1.1804969800099803,0.8823751708769019
2022-09-20,1.2004830747247157,0.9692417819703386
2022-09-21,1.081875332274482,0.9606809232300448
2022-09-22,0.9895602228136041,0.9845696160962174
2022-09-23,0.9917772174754925,0.9680119188784662
2022-09-24,0.9918925521445742,0.9854040761895897
2022-09-25,0.9250865992189443,0.9662517074742939
2022-09-26,0.811160704916411,0.9537365384917229
2022-09-27,0.8737707066514108,0.9546149028625447
2022-09-28,0.7030648081369906,0.9586092522949727
2022-09-29,0.7978186899674153,0.9747679067715013
2022-09-30,0.8046240292459836,0.9808233607381742
2022-10-01,0.6490342122371758,0.8805433533946612
2022-10-02,0.7250894740034073,0.834726452102823
2022-10-03,0.6144233364491138,0.9257435896410517
2022-10-04,0.8614161708460754,0.9568414383510796
2022-10-05,1.0852125100846544,0.9430670013764696
2022-10-06,0.7124850429051396,0.9302070879006121
2022-10-07,0.5390117291423978,0.6832285515679918
2022-10-08,0.7121616580692471,0.9123288096402508
2022-10-09,0.676402951202196,0.9713272868473206
2022-10-10,0.7790173165782979,0.9626553157837632
2022-10-11,0.5993467002170295,0.8338728874093451
2022-10-12,0.8004632478137075,0.8954360728290814
2022-10-13,1.0437834852557666,0.9719161042674024
2022-10-14,0.863887825476654,0.9567988800626178
2022-10-15,0.8685595008547674,0.9452859835204551
2022-10-16,0.7060920887467954,0.9527221735692663
2022-10-17,0.7909816037783794,0.9287811679117342
2022-10-18,0.705827189357295,0.9395430403515098
2022-10-19,0.7683987103940139,0.9733668650171382
2022-10-20,0.7295790141399616,0.9558191555256218
2022-10-21,0.47967164810523366,0.7838990469227843
2022-10-22,0.43576634513920504,0.8038501757285768
2022-10-23,0.9044856161787561,0.9202701597698859
2022-10-24,0.8626392239173017,0.9639858364911185
2022-10-25,0.8442919762100577,0.9490752478035713
2022-10-26,0.9060674895191348,0.9756886310629147
2022-10-27,0.6495932608967785,0.9532652706162674
2022-10-28,0.7875868622919338,0.8407832857604937
2022-10-29,0.5349542564913553,0.829898449825922
2022-10-30,0.5279118615564646,0.7106415631155916
2022-10-31,0.6387015033619352,0.8792900081450172
2022-11-01,0.5984282697172356,0.8978608175693049
2022-11-02,0.48567407134520313,0.731325430652289
2022-11-03,0.36355352546997616,0.8797758926523263
2022-11-04,0.3869916464285935,0.7625192949053202
2022-11-05,0.541282522879968,0.8126574394277163
2022-11-06,0.27493403912112796,0.8328976863352959
2022-11-07,0.3218955876938488,0.8315619352787589
2022-11-08,0.5864503161971892,0.9353883622473728
2022-11-09,0.64035888175384,0.8607805665825264
2022-11-10,0.5950393851720723,0.9320368728446868
2022-11-11,0.6191946210112016,0.8996414326268916
2022-11-12,0.582679330811997,0.6471808957936255
2022-11-13,0.5940307777310447,0.8234796226411865
2022-11-14,0.81169720860368,0.9807504230750966
2022-11-15,1.0701539369041067,0.8529437262456636
2022-11-16,0.8694801993135486,0.9709845459456177
2022-11-17,0.8098911496318214,0.9734098989814088
2022-11-18,0.9707381289118759,0.9505790754981608
2022-11-19,0.8167658605341419,0.9403112065947664
2022-11-20,0.5380096467907077,0.9095541641480726
2022-11-21,0.7555687885606344,0.7329845509166683
2022-11-22,1.014890190699194,0.8882305326534449
2022-11-23,0.9610719876252144,0.9648898768581405
2022-11-24,0.8886821726893938,0.6595917342462848
2022-11-25,0.5657918513360178,0.8912828266006918
2022-11-26,0.8625560834240836,0.8989959916913295
2022-11-27,0.7233481559518627,0.904765547214462
2022-11-28,0.7476715252361315,0.9555199116169767
2022-11-29,0.9704491040049911,0.9016647412599036
2022-11-30,0.8275967959514711,0.9272095400112547
2022-12-01,0.7345407167580942,0.9487393927810928
2022-12-02,1.075828637210497,0.8315610531312906
2022-12-03,0.9555458175546132,0.9169579986587881
2022-12-04,0.8298655928514468,0.947630295627274
2022-12-05,0.7367602818242335,0.9736742780111312
2022-12-06,0.7058061294529511,0.9020193170483143
2022-12-07,0.7544565211820973,0.9697275178014318
2022-12-08,0.7443456018691128,0.9477059487184308
2022-12-09,0.6917822119284156,0.9657759196381861
2022-12-10,0.5526861698583773,0.871915038678983
2022-12-11,0.786540690137533,0.9696811070376642
2022-12-12,0.6680153079143158,0.9516598660129969
2022-12-13,0.8614593733340289,0.9241653784903083
2022-12-14,0.8123448968711894,0.9231270900281277
2022-12-15,0.8272315107621181,0.9433371432002009
2022-12-16,0.9943689829611644,0.969328971690214
2022-12-17,1.093080147466717,0.9225596491606194
2022-12-18,0.7121455641277362,0.9317157679268545
2022-12-19,0.6071750304823403,0.9462877584452916
2022-12-20,0.9378389240978193,0.9476839372257103
2022-12-21,0.8935445281258295,0.9505418421407914
2022-12-22,0.8969490717188009,0.8133013425977001
2022-12-23,0.09480492045719861,0.051672416451073
2022-12-24,0.10327297928837102,0.16998180008765557
2022-12-25,0.367505822202621,0.7664143606489584
2022-12-26,0.37606479603667015,0.8963830353685566
2022-12-27,0.36487520256474126,0.767364270726214
2022-12-28,0.8862227738728792,0.8967370472670627
2022-12-29,0.9347246883330932,0.8904351192843127
2022-12-30,0.7117566401975611,0.8845976740386393
2022-12-31,0.7575250609671398,0.9473193223055697
2023-01-01,0.6008771886859494,0.8640787382387596
2023-01-02,0.7418752253811396,0.9718888648403878
2023-01-03,0.9361358595779337,0.9871270083240147
2023-01-04,1.034976234598488,0.9542587375278525
2023-01-05,0.8972775064111089,0.982398264320757
2023-01-06,0.8471898782449166,0.9884792642433261
2023-01-07,0.7515614995710055,0.9004751071655267
2023-01-08,0.6140362337585364,0.8184940523340792
2023-01-09,0.9193413568942757,0.9266812464191405
2023-01-10,0.6323614732725377,0.9083639264268637
2023-01-11,0.8275865575583707,0.9648964745667443
2023-01-12,0.9069488985411865,0.9820897314858255
2023-01-13,0.8977389711758301,0.9313307489326051
2023-01-14,0.7693659160908312,0.9313312370313002
2023-01-15,0.5659754855499948,0.8817537622076587
2023-01-16,0.6512591218807718,0.9613721872498503
2023-01-17,0.6812205757343806,0.927632844572872
2023-01-18,0.7738541506750526,0.9330436638373072
2023-01-19,0.8947583362412377,0.9660893184261782
2023-01-20,0.7803148604835406,0.9665065014759684
2023-01-21,0.781856516449247,0.9873954777281553
2023-01-22,0.7327431655967243,0.9547176681731038
2023-01-23,0.5259641945053243,0.8885825448072117
2023-01-24,0.6956760604425902,0.8975247133665419
2023-01-25,1.0581494000376392,0.9567768238238752
2023-01-26,0.4969629536109435,0.8605263317972488
2023-01-27,0.88429095962403,0.8369449211741604
2023-01-28,0.7163630201244522,0.8587517904034261
2023-01-29,0.6228978138548611,0.9640604121169091
2023-01-30,0.7359599553386644,0.9639626801258215
2023-01-31,0.5700011922888287,0.7942342300618491
2023-02-01,0.720880161562735,0.9459485316534715
2023-02-02,0.6141795138165264,0.9018820727844056
2023-02-03,0.4472208122898507,0.8280492523968173
2023-02-04,0.7318379132311749,0.541626715234128
2023-02-05,0.8943539329582504,0.5727653218865437
2023-02-06,0.7554739332456629,0.8610323451870606
2023-02-07,0.8327792632269682,0.963099885246588
2023-02-08,0.6418619318000173,0.9062964677648963
2023-02-09,0.8500630629666561,0.9055592169681043
2023-02-10,0.5068722504064832,0.7428005311460771
2023-02-11,0.7563591442004989,0.9629250809523615
2023-02-12,0.7297728575828927,0.8710654391526593
2023-02-13,0.727137507140472,0.9373202742429311
2023-02-14,0.6651645878498227,0.862140542643841
2023-02-15,0.5047275736954346,0.9323703220504231
2023-02-16,0.4415331985241481,0.6404466601961328
2023-02-17,0.5541894061844858,0.8465423689877135
2023-02-18,0.5642842568824572,0.8549339802308006
2023-02-19,0.6448878495456667,0.9303825522507997
2023-02-20,0.6616825592532634,0.8440317358252936
2023-02-21,0.7036466384276509,0.9415295663983145
2023-02-22,0.7507361445756949,0.8809853748376228
2023-02-23,0.796842901516232,0.935847945812349
2023-02-24,0.45794149277133367,0.7538564301661529
2023-02-25,0.5944465726284096,0.894301144175746
2023-02-26,0.9892535341326055,0.8915663976286005
2023-02-27,0.8244136805576043,0.9804852294384864
2023-02-28,0.7561074205040218,0.9848571368820561
2023-03-01,0.9303921254623191,0.7783546374203683
2023-03-02,0.6199185292865004,0.9171657242837118
2023-03-03,0.7751056382593833,0.8983519566943963
2023-03-04,0.7804865269939211,0.9367914856507379
2023-03-05,0.668001096123779,0.8883428422153509
2023-03-06,0.8986853511895363,0.9571184444713284
2023-03-07,0.7822720024419805,0.9483439423736139
2023-03-08,0.8530382038920026,0.9051720741998397
2023-03-09,0.7606842713171,0.9470433228355604
2023-03-10,0.6620427277654485,0.898387078570446
2023-03-11,0.5859602168133458,0.8624248058646403
2023-03-12,0.7215769147125812,0.9164704049853492
2023-03-13,0.8863480371401224,0.9419396389152497
2023-03-14,0.6997132594734439,0.9413700956076234
2023-03-15,0.7893398701241352,0.9364471368026264
2023-03-16,0.6445914691510537,0.677496744013421
2023-03-17,0.6424686243240806,0.8760109749563396
2023-03-18,0.8317835128349614,0.8780176623524154
2023-03-19,0.7178142668067446,0.9302493287871642
2023-03-20,0.6603913973013583,0.9334519169912334
2023-03-21,0.7012053013726307,0.9207171801717056
2023-03-22,0.7669535364899713,0.9813879308268642
2023-03-23,0.7129997689989042,0.9319640808231967
2023-03-24,0.6716870824661154,0.9006453958349425
2023-03-25,0.8536781552664103,0.8799661042370827
2023-03-26,0.808599807163134,0.9584149378921905
2023-03-27,0.7663615051648879,0.9144810801419492
2023-03-28,0.8487704851693393,0.9784140049598953
2023-03-29,0.7516077520808008,0.9582123145697059
2023-03-30,0.7887342292185179,0.9292350442104469
2023-03-31,0.6986219924581224,0.7783801857036933
2023-04-01,0.6049435553692649,0.9208920576494175
2023-04-02,0.8242000111163087,0.9673610152220454
2023-04-03,0.8156012932234437,0.9661814185995913
2023-04-04,0.6872286664341339,0.9784800544784951
2023-04-05,0.9284532753353415,0.984992462300112
2023-04-06,0.5871635673544053,0.8143820146546334
2023-04-07,0.7543220355906309,0.9138304101609953
2023-04-08,0.7867435648974479,0.9628325816443614
2023-04-09,0.7721017964973323,0.9818149851987412
2023-04-10,0.6857229205204576,0.9711556234946336
2023-04-11,0.6109340877801401,0.9241750745439193
2023-04-12,0.6822453033550432,0.9618799437106
2023-04-13,0.7048607768293208,0.9104702190905991
2023-04-14,0.829377349806711,0.9631835092190598
2023-04-15,0.7879520191078702,0.9764689652800201
2023-04-16,0.7967904471820052,0.9590779713092923
2023-04-17,0.7651927784950177,0.9494369178040986
2023-04-18,0.6994416402628622,0.9797839708136886
2023-04-19,0.6678076586606719,0.7606143739579679
2023-04-20,0.7193447279571386,0.9381487101056785
2023-04-21,0.807542746212195,0.9566541439288504
2023-04-22,0.6078332950797478,0.8049992008887927
2023-04-23,0.5719353842381439,0.8262958190744008
2023-04-24,0.8089042221460078,0.9817979443471917
2023-04-25,0.7046970687604747,0.9503616417001504
2023-04-26,0.5789133633149647,0.8914340761824797
2023-04-27,0.6572970520299808,0.7524752519441394
2023-04-28,0.45890138312177925,0.7945014522696769
2023-04-29,0.5511181022783451,0.9403572689314429
2023-04-30,0.5277688333840577,0.9198793162958527
2023-05-01,0.6943683664896853,0.772929989326139
2023-05-02,0.5069055085657321,0.868631095231322
2023-05-03,0.5305335778505338,0.8691531995980968
2023-05-04,0.7173968561664065,0.916655734118756
2023-05-05,0.4394376510459554,0.7843413590211007
2023-05-06,0.7243831785147237,0.8969855007218384
2023-05-07,0.5331094855600442,0.8558171930976612
2023-05-08,0.6350038633627111,0.8926534811085934
2023-05-09,0.546869357497883,0.8570394972961078
2023-05-10,0.43843652276743034,0.7906246707978167
2023-05-11,0.6892196832112066,0.8880106804826975
2023-05-12,0.6923628168433354,0.7775869222952727
2023-05-13,0.47183971829044347,0.8274030063689096
2023-05-14,0.7828395151549663,0.9281527924662172
2023-05-15,0.5134410395211171,0.8937041837712801
2023-05-16,0.5347377286546342,0.9157503543664497
2023-05-17,0.5346650369135295,0.5436207017140875
2023-05-18,0.4726177336051414,0.9286666710919251
2023-05-19,0.6691373389913533,0.9049408310077227
2023-05-20,0.5210343680739715,0.8691700762318127
2023-05-21,0.713386008417739,0.9305957983333614
2023-05-22,0.4808331452534496,0.8697802612525914
2023-05-23,0.3123609111326264,0.38610483247390165
2023-05-24,0.6639688475087023,0.8443962255011604
2023-05-25,0.5830101754173652,0.8369061808376761
2023-05-26,0.3828120666232988,0.7856307122120114
2023-05-27,0.47529996848602485,0.8855737096343039
2023-05-28,0.5520282501234267,0.8432131650244618
2023-05-29,0.4378937291024258,0.7505008887929475
2023-05-30,0.4656950019992724,0.6366249310349599
2023-05-31,0.5628416686082057,0.7339455935131867
2023-06-01,0.7238841848981604,0.9016969112284436
2023-06-02,1.0655234323315772,0.9333023425674064
2023-06-03,0.7474723484235296,0.5284258900430209
2023-06-04,0.5792435740135131,0.8080641606077374
2023-06-05,0.7358837260403562,0.8937785272318732
2023-06-06,0.6440104380324735,0.9038410422035706
2023-06-07,0.5930848701394106,0.6950519774540347
2023-06-08,0.6455827300225395,0.8461937550437126
2023-06-09,0.6195993831365465,0.8143166992136935
2023-06-10,0.8588367329463324,0.9129385607941439
2023-06-11,0.7658749835060499,0.9386919837552528
2023-06-12,0.635811682450537,0.9535193157087177
2023-06-13,0.5105272300979605,0.841698729358304
2023-06-14,0.6060069228361772,0.9545043003024165
2023-06-15,0.8554509128505123,0.9154966568814993
2023-06-16,0.9181446004310199,0.8841161352579037
2023-06-17,0.7716006584024001,0.9646634251280677
2023-06-18,1.2391707751328547,0.9005003663557258
2023-06-19,0.9518643834774592,0.9443537862337388
2023-06-20,0.9706027937535556,0.8908593338954871
2023-06-21,0.9026118218421352,0.8981253441756301
2023-06-22,0.8701928213330835,0.8657820682205977
2023-06-23,0.5755952491121057,0.9571451776537805
2023-06-24,0.7224353679087561,0.8826057395651815
2023-06-25,0.5920222737137173,0.9873707293253744
2023-06-26,0.872316732274391,0.9770711678314823
2023-06-27,0.8048815354667028,0.9570308897641118
2023-06-28,0.8062590114145888,0.9841862764415172
2023-06-29,0.7103331225952965,0.9684485951972814
2023-06-30,0.8653058634288109,0.9313904751988303
2023-07-01,0.8924522305219381,0.9423313502871619
2023-07-02,1.0479065044507596,0.9772629847021524
2023-07-03,0.7829865223998855,0.9187188314002486
2023-07-04,1.0359081498465341,0.9272278395137753
2023-07-05,0.8049183510861679,0.9668418059728136
2023-07-06,0.700609741525388,0.9413878977102491
2023-07-07,0.9326850387610807,0.9521401921786021
2023-07-08,0.9393839817732862,0.9487233230823215
2023-07-09,1.0003514053258988,0.9384455040423496
2023-07-10,1.108009951324274,0.9853174475417654
2023-07-11,0.9613697836189702,0.9676013147797468
2023-07-12,0.7557235984852881,0.9446769421018881
2023-07-13,0.6929721647292556,0.9807278415402648
2023-07-14,0.7496888393531337,0.9663012353284172
2023-07-15,0.6435872592872743,0.9411889711222151
2023-07-16,0.6183601062525066,0.7961386221884258
2023-07-17,0.7666562318748874,0.9631159046168849
2023-07-18,0.6415374093041897,0.9622602900406511
2023-07-19,0.7230359815240534,0.9634412875110977
2023-07-20,0.7354004773730246,0.9386697210519981
2023-07-21,0.9543442814693008,0.9451414674329357
2023-07-22,0.8471890260837547,0.9168506217690988
2023-07-23,0.795074170622943,0.9332206603292414
2023-07-24,0.6097376679648402,0.979295689837301
2023-07-25,0.6623701068556473,0.9518251451292411
2023-07-26,0.6446810768049971,0.9832967573310094
2023-07-27,0.6652127097218794,0.9473101057564589
2023-07-28,0.7928668199721427,0.9773168804334947
2023-07-29,0.9046070955859611,0.9411550538777083
2023-07-30,1.2640145974827104,0.908033421860706
2023-07-31,0.7770226476467161,0.9728035352401275
2023-08-01,0.7235584804404982,0.7362343611239576
2023-08-02,0.8707728111522741,0.7945178656812866
2023-08-03,0.8135904931954036,0.8911985540812996
2023-08-04,1.0814750829921989,0.971594671046442
2023-08-05,0.8159527311273194,0.9093597096337992
2023-08-06,0.7585897224323706,0.9281391772812991
2023-08-07,0.8443029499678192,0.9463341691449223
2023-08-08,0.7834875697908629,0.9216818062348398
2023-08-09,0.8819294939994257,0.952851831473699
2023-08-10,0.8840520147474981,0.9017463611633315
2023-08-11,0.7727303064466564,0.9178195551032471
2023-08-12,0.8673412557830071,0.9252424584489436
2023-08-13,0.7326901113341548,0.9485411077328489
2023-08-14,0.8002734141156248,0.9672700566970238
2023-08-15,0.9952958343509918,0.9392372877392807
2023-08-16,0.7679112172784223,0.9748849859347762
2023-08-17,0.9063943718171791,0.971363869313801
2023-08-18,0.6290814843739301,0.9530148781820982
2023-08-19,0.8787519159918598,0.9838180939541363
2023-08-20,0.7291189053853268,0.9262879969235706
2023-08-21,0.6239651264514074,0.8931675955264456
2023-08-22,0.7141348789811943,0.9247243908020129
2023-08-23,0.6010862552506536,0.9429806860066187
2023-08-24,0.4641217487324579,0.8591895504857265
2023-08-25,0.835295172840567,0.952557256271479
2023-08-26,0.8028144893670266,0.9420258341741253
2023-08-27,0.7980473327200861,0.9223944971510842
2023-08-28,0.4883558933072742,0.8838016082064822
2023-08-29,0.5991771618686356,0.8661413467369098
2023-08-30,0.6310219805746295,0.9359795217635032
2023-08-31,0.6895297735369461,0.8748553971312591
2023-09-01,0.7188948425657868,0.8842045996768915
2023-09-02,0.7723988581849245,0.897544501404472
2023-09-03,0.9358015180744491,0.9541191118686088
2023-09-04,0.7603000685452108,0.9700804118143129
2023-09-05,0.6655884510861261,0.9125789855949763
2023-09-06,0.6508225650014322,0.8847385877357626
2023-09-07,0.5408833250647733,0.9149861061432183
2023-09-08,0.6536948270944761,0.9216405085309431
2023-09-09,0.8678915221661329,0.9375538001969693
2023-09-10,0.8981802193917605,0.9779946341368092
2023-09-11,0.663913574869327,0.9731248154048099
2023-09-12,0.5912896537509883,0.9569231918767116
2023-09-13,0.3268164670771707,0.8838312758053702
2023-09-14,0.44201656134144496,0.7464696116085076
2023-09-15,0.42847476907640486,0.7435316756443913
2023-09-16,0.7876251035609471,0.8607169526977921
2023-09-17,0.8533771881441323,0.911085228904384
2023-09-18,0.6776961008656144,0.9504547490599733
2023-09-19,0.6094738250644163,0.9008481369705956
2023-09-20,0.7408342280361623,0.782784572540472
2023-09-21,0.6633519736253527,0.8338313876155818
2023-09-22,0.6426237993078212,0.7187275220338156
2023-09-23,0.8395271761754879,0.8868148897856344
2023-09-24,0.8467905399214727,0.8958132499326078
2023-09-25,0.7257742596305415,0.9447856150164888
2023-09-26,0.8412664538691305,0.8016606871454373
2023-09-27,0.7037391591085759,0.9236559714310627
2023-09-28,0.6214586304420356,0.8330323154862433
2023-09-29,0.8659908288854808,0.9618212967281414
2023-09-30,0.6923938934119545,0.9253899938758816
2023-10-01,0.6032281850888181,0.9562964976392926
2023-10-02,0.6639654807236212,0.8677240156140704
2023-10-03,0.825552410562177,0.9302856914638202
2023-10-04,0.7021747088373073,0.8598719051560709
2023-10-05,0.5864626301659066,0.8263200813348797
2023-10-06,0.7256509748996525,0.9063266591308322
2023-10-07,0.5959834007303497,0.8702519751081449
2023-10-08,0.8410784627091465,0.8938203502435776
2023-10-09,0.713550051687098,0.9280839394808815
2023-10-10,0.6213420225000372,0.8506832701871601
2023-10-11,0.5717806962141476,0.8118477376410498
2023-10-12,0.6808351775395106,0.8971220751049773
2023-10-13,0.6324875314004907,0.8471353086905954
2023-10-14,0.7033978111704959,0.8601398716815664
2023-10-15,0.6865907638922897,0.9320832305340095
2023-10-16,0.7469496948552327,0.9296524668513599
2023-10-17,0.7296553421884554,0.9651745588670888
2023-10-18,0.6967846236509359,0.9044065799144789
2023-10-19,0.9561485252627708,0.8233487529655068
2023-10-20,0.8476253675553508,0.9718865820237762
2023-10-21,0.7453553650692242,0.9353248530041535
2023-10-22,0.7406955847541611,0.9004578902064959
2023-10-23,0.45379065132071855,0.7705138220352593
2023-10-24,0.6524555272451434,0.8783827674005813
2023-10-25,0.7115638140554454,0.9108733443783451
2023-10-26,0.8457161119211103,0.8485508744723872
2023-10-27,0.8428521279545568,0.860588798973687
2023-10-28,0.7204152373661277,0.8979982062813765
2023-10-29,0.7926311348013624,0.9595285687198053
2023-10-30,0.729349919046914,0.9561209270864369
2023-10-31,0.7304693917877758,0.9249008318873182
2023-11-01,0.8701970292632364,0.9571562060205125
2023-11-02,0.8939404197863957,0.9479283565060428
2023-11-03,0.742137383276213,0.8904905403696968
2023-11-04,0.8900358386808023,0.8351280606485586
2023-11-05,0.6190207594833986,0.9368567792975044
2023-11-06,0.707441527300848,0.9039983118061262
2023-11-07,0.7418148295607759,0.9450891483011776
2023-11-08,0.7145324032491244,0.9109161622527625
2023-11-09,0.8545195562611405,0.9711549454994114
2023-11-10,0.5885665602421728,0.8048332702066091
2023-11-11,0.628765978085483,0.8833025793122887
2023-11-12,0.46944162125622046,0.9048764967238992
2023-11-13,0.5920038997201469,0.9074998133974743
2023-11-14,0.8090421861371044,0.8276238015180761
2023-11-15,0.6215175796088831,0.8878003827735987
2023-11-16,0.6633943057054699,0.8194697690322142
2023-11-17,0.46754786432135925,0.8885429556924228
2023-11-18,0.5697697287371359,0.9525480571589047
2023-11-19,0.5481852371997977,0.9639473032483643
2023-11-20,0.5537378330033361,0.952536971977767
2023-11-21,0.8175023390162816,0.8643431082961842
2023-11-22,0.735625556455302,0.9299778043815515
2023-11-23,0.7886038875179494,0.8886237797209775
2023-11-24,0.541741078114133,0.9513888265744503
2023-11-25,0.6931250272849362,0.9480955266783861
2023-11-26,0.8684419763068316,0.9550151813851346
2023-11-27,0.7136329457359212,0.9489917278523985
2023-11-28,0.6359435381381914,0.9106272266308065
2023-11-29,0.9262270515705568,0.9238631732566046
2023-11-30,0.6165996801941193,0.8510128124596822
2023-12-01,0.916307118631678,0.735781658877667
2023-12-02,0.514749768813991,0.8265551917445269
2023-12-03,0.5259925932529086,0.9720595364176046
2023-12-04,0.7807562310330144,0.9127511327824649
2023-12-05,0.8029539210323785,0.9695959511514484
2023-12-06,0.6767137762488312,0.8975745140696944
2023-12-07,0.807118175412892,0.9652591058023374
2023-12-08,0.6935082728212458,0.6665191804064229
2023-12-09,0.5605614637303278,0.8141496727948496
2023-12-10,0.7208635704309203,0.9030314047887065
2023-12-11,0.5530758209688553,0.9084500042364467
2023-12-12,0.5804585562366857,0.9552100365010938
2023-12-13,0.641242512460232,0.9270707298715662
2023-12-14,0.7080908781989426,0.8240746067847052
2023-12-15,0.6040293453819117,0.7982282769698374
2023-12-16,0.8355530985264945,0.8809149429076384
2023-12-17,0.952398669121364,0.9570642492296327
2023-12-18,0.8348610610592782,0.9159831922850875
2023-12-19,0.8445438988972086,0.9518908688927922
2023-12-20,0.6265578979519939,0.8541755211441083
2023-12-21,0.7945390541027955,0.9609144403491549
2023-12-22,0.7431671020702382,0.8429905096512132
2023-12-23,0.8732104605729162,0.8309286610197487
2023-12-24,0.7837319655944186,0.962125899040795
2023-12-25,0.7432809650764344,0.9553500576526092
2023-12-26,0.996705688779915,0.9487553586906803
2023-12-27,0.8587298672514921,0.9736375994336126
2023-12-28,0.8113686166041447,0.9626655662683079
2023-12-29,0.8263793844248328,0.8927432416724889
2023-12-30,0.7905813224813508,0.9761748871498972
2023-12-31,0.8688851311975636,0.9719762299958324
2024-01-01,0.7802097313327112,0.9227475479932942
2024-01-02,0.6037771423592746,0.8428237822722072
2024-01-03,0.6882206954697249,0.8591515526397087
2024-01-04,0.43350997024448806,0.5972615128091263
2024-01-05,0.5678658448907921,0.6690960588213045
2024-01-06,0.5660964037892449,0.8675385354692626
2024-01-07,0.7278656860463139,0.9653038455208864
2024-01-08,0.5544358644627169,0.8816721995559443
2024-01-09,0.9967530699590164,0.891149483540689
2024-01-10,0.5790587981387045,0.8292264443373963
2024-01-11,0.5615233159140539,0.7205954123080316
2024-01-12,0.7983919639695556,0.8409434957484537
2024-01-13,0.5839723507186636,0.6683913113453903
2024-01-14,1.0214538822502242,0.9471772855268081
2024-01-15,0.9116761486792793,0.959731968626683
2024-01-16,0.6224709619370994,0.9439032030852944
2024-01-17,0.8375239816223616,0.963569027664905
2024-01-18,0.799463219914296,0.8858180785028482
2024-01-19,1.0022958431812083,0.8522124823910739
2024-01-20,0.7843137307351784,0.9118483056871822
2024-01-21,0.8843308613333051,0.9476563494861099
2024-01-22,0.8955590991353776,0.9203974819227889
2024-01-23,1.0908887605594273,0.8704325302181107
2024-01-24,0.9099608028251733,0.969943854425446
2024-01-25,0.88512289089174,0.9380516589129221
2024-01-26,1.0429820598212656,0.9278738306773866
2024-01-27,0.6860815380702152,0.856929227586922
2024-01-28,0.6355089215997023,0.9403918339039902
2024-01-29,0.606066025189307,0.9492066238549662
2024-01-30,0.5688281434383651,0.9565012740947885
2024-01-31,0.8553659501981591,0.9255764477440627
2024-02-01,0.9205770480150633,0.8466075996120039
2024-02-02,0.6964352909209841,0.8731475693110365
2024-02-03,0.5475905437925418,0.9319460635510582
2024-02-04,0.41112340114249046,0.9114580148439068
2024-02-05,0.4594632716792883,0.921617614185706
2024-02-06,0.46584004372767895,0.7704041861747148
2024-02-07,0.42723839833282373,0.8462800839073221
2024-02-08,0.6163400263043708,0.8651658866963572
2024-02-09,0.7537603225368681,0.9598618701026673
2024-02-10,0.68424494784539,0.792536233191666
2024-02-11,0.7217207117754879,0.8363983374090599
2024-02-12,0.5138226114957911,0.6533011519868408
2024-02-13,0.5032124518209455,0.7627212327507626
2024-02-14,0.5605687292741293,0.9076430006758944
2024-02-15,0.4305873738724694,0.6392196072253454
2024-02-16,0.5141521692870744,0.8362745843087771
2024-02-17,0.3963232288029214,0.831881118613605
2024-02-18,0.5107726453434377,0.730652301800644
2024-02-19,0.513084906214585,0.8081695765878378
2024-02-20,0.6074374367369981,0.8897381760318774
2024-02-21,0.4917873918281792,0.7571788748493679
2024-02-22,0.5131087550043464,0.7787566291216408
2024-02-23,0.4145461672441052,0.7414249021121649
2024-02-24,0.4566628095435992,0.763161218574274
2024-02-25,0.516605750891575,0.932268394348011
2024-02-26,0.4639924255316806,0.8943300357677764
2024-02-27,0.5198626094743246,0.8152576762133568
2024-02-28,0.9268675895754055,0.8273200017888405
2024-02-29,0.6255404339635848,0.8862771574509923
2024-03-01,0.42316180064064135,0.5981757551811396
2024-03-02,0.9249075101462989,0.8170644485606736
2024-03-03,0.7226248304912388,0.8243513136536449
2024-03-04,0.8698101984337022,0.8183631325075221
2024-03-05,1.0566334459940634,0.8932040617796482
2024-03-06,0.7777735985672608,0.8707380149314384
2024-03-07,0.9279665269463477,0.905726235987977
2024-03-08,0.7202674733551329,0.959009898984532
2024-03-09,0.7107218912169601,0.8267335894840158
2024-03-10,0.5594851863668446,0.7786806749192827
2024-03-11,0.5439273403166999,0.7608853917014753
2024-03-12,0.7145797811628294,0.8899996174568667
2024-03-13,0.6641095955664535,0.8981079574604001
2024-03-14,0.6566804523335942,0.9320938798110977
2024-03-15,1.0555601991418495,0.8912032929849111
2024-03-16,0.8070732396408558,0.837933132162226
2024-03-17,0.6264350741299858,0.7039974634399365
2024-03-18,0.6768447624542427,0.8269907342569679
2024-03-19,0.48898027366837105,0.8442294006948172
2024-03-20,0.25961183932680226,0.4746891491307395
2024-03-21,0.7156784514971469,0.8885060071780636
2024-03-22,0.5850583007617616,0.8936454307949794
2024-03-23,0.7977121777315678,0.962421496744284
2024-03-24,0.5798670380248355,0.8542937913256256
2024-03-25,0.5441209433936284,0.7683603791653905
2024-03-26,0.6314374977935171,0.8424984497890174
2024-03-27,0.442181831047946,0.6331475581278523
2024-03-28,0.6416795246218026,0.9212716913617094
2024-03-29,0.620176989343874,0.5988685987624979
2024-03-30,0.7550996711538859,0.9615148823690667
2024-03-31,0.8042471977740345,0.943713356298657
2024-04-01,0.8746950551736842,0.9123295074142916
2024-04-02,0.5776653923754911,0.8140791743623949
2024-04-03,0.6245063090934714,0.934715019225044
2024-04-04,0.4478709323839275,0.6754702583872987
2024-04-05,0.5133913776133457,0.5826607431486319
2024-04-06,0.4018959057249334,0.8800600016385765
2024-04-07,0.4101944477658157,0.7047675234752399
2024-04-08,0.4610752820198306,0.8229211836345991
2024-04-09,0.5719500745132943,0.8811955736547752
2024-04-10,0.5128523164150514,0.8320594301244404
2024-04-11,0.5472562076876559,0.9290746688579201
2024-04-12,0.6738213990455882,0.9259226244650042
2024-04-13,0.7339088748459021,0.9245783995327245
2024-04-14,0.8049077408258078,0.9119148173637802
2024-04-15,0.3962847917453499,0.7882347598937175
2024-04-16,0.7335154706948147,0.8662233191140024
2024-04-17,0.6745818604860438,0.9001810039772727
2024-04-18,1.0395249268952322,0.8962848232839827
2024-04-19,0.5874081440101919,0.8943766533235694
2024-04-20,0.605221556966111,0.7864931124202962
2024-04-21,0.3971212632177916,0.8427732739055322
2024-04-22,0.7442592945030341,0.8784201692281756
2024-04-23,0.7188877213495819,0.8796843893453364
2024-04-24,0.6775639302707771,0.9134452371546719
2024-04-25,0.8448050902286832,0.8753867613375332
2024-04-26,0.7136339535382877,0.9266995890540616
2024-04-27,0.6945531439672556,0.9612296157345599
2024-04-28,0.5925708311808832,0.8552715976081834
2024-04-29,0.7933734651606419,0.8502643477722821
2024-04-30,0.8333837094589316,0.8068150170860955
2024-05-01,0.6853928514245661,0.8686055136097374
2024-05-02,0.6156612630817387,0.7557894727977196
2024-05-03,0.4777907924224907,0.7647132515879358
2024-05-04,0.6503284343645445,0.9108077608093614
2024-05-05,0.6194384361858222,0.9529125282139445
2024-05-06,0.4214281070060164,0.6970366215308034
2024-05-07,0.6586178834296028,0.9353264691086987
2024-05-08,0.6469487451195503,0.8996742679867065
2024-05-09,0.6440834939344674,0.9108248358975715
2024-05-10,0.30582771415715226,0.8503745682498459
2024-05-11,0.6214884179492923,0.8896530875697293
2024-05-12,0.4584600526851689,0.7636176794954177
2024-05-13,0.4093954017156971,0.844639581637461
2024-05-14,0.5847893165053889,0.8051883758600479
2024-05-15,0.7128947881104508,0.8603510687156781
2024-05-16,0.5659701896809607,0.901518984511338
2024-05-17,0.5384104497728217,0.8027518115822044
2024-05-18,0.4687764996328862,0.6570668439549845
2024-05-19,0.48427582747451386,0.7602662130667469
2024-05-20,0.46742458887031024,0.855435381908219
2024-05-21,0.6425495250360036,0.8881986221804786
2024-05-22,0.7048379629583289,0.9218910956909669
2024-05-23,0.512772721928929,0.8291529057579919
2024-05-24,0.6963889198559198,0.9104605657588906
2024-05-25,0.8625712779523003,0.923913274230538
2024-05-26,0.6449134127645759,0.9015602879221515
2024-05-27,0.7952051019705539,0.9268614213724997
2024-05-28,0.7549394570763294,0.92651527785288
2024-05-29,0.8856300124221345,0.8989396868927324
2024-05-30,0.9319008701814607,0.8795748674809833
2024-05-31,0.7723652803517996,0.9622826057365949
2024-06-01,1.1087720937103147,0.9275363144894848
2024-06-02,0.8485217331859773,0.9411472490494573
2024-06-03,0.585376992491935,0.9085531339012133
2024-06-04,0.6943165428983761,0.9503961879166339
2024-06-05,0.6896323028879933,0.9154720563888977
2024-06-06,0.4375395740140868,0.895666774542707
2024-06-07,0.4896776448942247,0.7741634328489271
2024-06-08,0.7829406964651167,0.89740425260909
2024-06-09,0.7659750060594079,0.857074485226717
2024-06-10,0.660858273668635,0.9135923138936914
2024-06-11,0.43345870868952674,0.6206482686923885
2024-06-12,0.40580716249427595,0.866286295189017
2024-06-13,0.5127483852313707,0.9404817871323204
2024-06-14,0.8461001731963064,0.8971575571703503
2024-06-15,0.8630965698635505,0.9369648866185828
2024-06-16,0.9377747808251711,0.8943997079361332
2024-06-17,0.9405469390095956,0.9554463042053202
2024-06-18,0.5697020322044971,0.9429766281070826
2024-06-19,0.6577207038853163,0.9045579136597279
2024-06-20,0.647671385347899,0.9307965437991432
2024-06-21,0.8482208776666685,0.892884604150647
2024-06-22,0.8752991392491236,0.8892341379748266
2024-06-23,0.5806378710975739,0.9653705495162125
2024-06-24,0.5039580908236053,0.7719302544245696
2024-06-25,0.7057756144302315,0.9331997045997891
2024-06-26,0.6461949809545293,0.9625830608799357
2024-06-27,,
2024-06-28,0.641437845258936,0.8451125662713755
2024-06-29,0.8242085189834104,0.8916634470842836
2024-06-30,0.5378761806815899,0.9238804022608836
2024-07-01,0.7310471128293287,0.8503889664360513
2024-07-02,0.657275326076389,0.8614719605894259
2024-07-03,0.5552950757235574,0.8874833254032837
2024-07-04,0.8238611775447482,0.8846933073267522
2024-07-05,0.5470052338130728,0.9656478822437663
2024-07-06,0.6595699533581028,0.9542945302050084
2024-07-07,0.5332659848580229,0.9469426445204467
2024-07-08,0.4955219491345916,0.9281894263558543
2024-07-09,0.46385447578103023,0.9241899515674669
2024-07-10,0.5368727000585943,0.8893801141043884
2024-07-11,0.4733166938678433,0.892605283780508
2024-07-12,0.44871396539269215,0.8907064380664901
2024-07-13,0.48039892307066795,0.8537124437251287
2024-07-14,0.5876817560930047,0.8839208109640705
2024-07-15,0.5488772400186063,0.9554475965284399
2024-07-16,0.4763205337524308,0.932578715993242
2024-07-17,0.5414283815608616,0.9264238533430766
2024-07-18,0.6010233389671705,0.8068888450995918
2024-07-19,0.6013447224771935,0.8420104906508549
2024-07-20,0.6833036630490831,0.9179924155197737
2024-07-21,0.5593453180722444,0.8372249229787341
2024-07-22,0.3807998887974706,0.8759635969084936
2024-07-23,0.6668601549272076,0.9141846160353275
2024-07-24,0.5457517470214036,0.8942189989103395
2024-07-25,0.552363271335625,0.818665323489645
2024-07-26,0.7090693326697161,0.8768721524411631
2024-07-27,0.7310606374699937,0.8876841363695521
2024-07-28,0.9047778349383843,0.8767258091596005
2024-07-29,0.8064498283112497,0.9244259760622463
2024-07-30,0.5685127386054122,0.9521748617328093
2024-07-31,0.5026140105670134,0.8939618198812072
2024-08-01,0.5365046446266807,0.8624778468903349
2024-08-02,0.4072441362171948,0.8396149041339104
2024-08-03,0.44777303998058343,0.8985587842353381
2024-08-04,0.5502088756113733,0.8311583689524786
2024-08-05,0.5989466161117629,0.9346808576365352
2024-08-06,0.6505931004895087,0.7356513560480481
2024-08-07,0.6947332433455263,0.8588561201064031
2024-08-08,0.5554375518759798,0.7148711213035076
2024-08-09,0.5680367555703034,0.8252763738562684
2024-08-10,0.7343315984454422,0.8610438030770764
2024-08-11,0.9612077728357852,0.9298957962795271
2024-08-12,1.0020524485353275,0.8736193372602364
2024-08-13,0.827844530589192,0.8925264111990706
2024-08-14,0.733363622407879,0.8688918657289952
2024-08-15,0.8277135678817459,0.8585435902610378
2024-08-16,0.9057777841510642,0.7748199590845948
2024-08-17,0.9404247597145867,0.8996758336377064
2024-08-18,1.1922472506730613,0.9785078526816773
2024-08-19,0.8080033324603454,0.9060728178658062
2024-08-20,0.9570835872175004,0.9225247280667556
2024-08-21,0.6857436151094972,0.9382667187657814
2024-08-22,0.8724482424351048,0.9260166613234094
2024-08-23,0.8387544833247094,0.8562698727904322
2024-08-24,0.8119792091541839,0.8854845555104652
2024-08-25,0.7096455708610303,0.9138985433679223
2024-08-26,0.7570226311466893,0.8981426254025326
2024-08-27,0.6735864030740382,0.850760455543894
2024-08-28,0.6036947427278113,0.856629812470917
2024-08-29,0.8456029803443619,0.6849242740168907
2024-08-30,0.5409162298583091,0.7966534866051879
2024-08-31,0.9920895839713586,0.9192022584826931
2024-09-01,0.6747757063277579,0.9113563004494634
2024-09-02,0.5863478497806199,0.9643318734833994
2024-09-03,0.7861565064283956,0.7834846186202654
2024-09-04,0.6366225337182878,0.8390779322357503
2024-09-05,0.6967402262179243,0.879050079106778
2024-09-06,0.8871341719529268,0.9013714177131835
2024-09-07,0.6411995915629067,0.8382750163052713
2024-09-08,0.8082784151107805,0.9337189809073678
2024-09-09,0.7223431537892668,0.8763808759097548
2024-09-10,0.6510622268104314,0.821804331352583
2024-09-11,0.6033347915986736,0.7102615750473881
2024-09-12,0.7102655002837539,0.8319910156433429
2024-09-13,0.6054360217008484,0.7364513296456192
2024-09-14,0.8362249377095032,0.8938347890354709
2024-09-15,0.8150976079828978,0.811416100186429
2024-09-16,0.6937722342645625,0.780387811065628
2024-09-17,0.6370269478233282,0.917340404001215
2024-09-18,0.7967958571133765,0.7469806074166857
2024-09-19,0.8457888835563132,0.8246197818337715
2024-09-20,1.0202270926229355,0.821186851651679
2024-09-21,1.3929290247712551,0.9004913563454974
2024-09-22,0.910757601570986,0.812563184453343
2024-09-23,1.0690787642913469,0.8652602725877693
2024-09-24,0.5640233094642824,0.6858621888450364
2024-09-25,0.9622788261913491,0.8164876924725294
2024-09-26,0.8353323611266381,0.8969061870160201
2024-09-27,0.5955165030552834,0.7391733266848548
2024-09-28,0.8050393021173503,0.8744039468338246
2024-09-29,0.74077776053319,0.8892857056998366
2024-09-30,0.6593548746614567,0.7507824834918406
2024-10-01,0.7750764219388053,0.7020610902503116
2024-10-02,0.7769773840642934,0.627927515382149
2024-10-03,0.8305163853411428,0.7773059034010487
2024-10-04,0.6882040382748655,0.6339468488413985
2024-10-05,0.5744745736461128,0.9067595660599735
2024-10-06,0.7488634782339312,0.9719721649083567
2024-10-07,0.754211561653921,0.945701936228389
2024-10-08,0.5813274819602002,0.9074302045947671
2024-10-09,0.5671473800586951,0.9487414790578882
2024-10-10,0.5396397880733176,0.8843940320994507
2024-10-11,0.7130402744140839,0.9674467896636887
2024-10-12,0.8294056275588837,0.8968615356267677
2024-10-13,0.9242490923529263,0.9190843831132537
2024-10-14,0.67001480497936,0.9568664015520213
2024-10-15,0.6197467336138459,0.9546240043275707
2024-10-16,0.5852947158308056,0.8237843688118119
2024-10-17,0.4526100468530278,0.8384390430914024
2024-10-18,0.5724575446481746,0.9280401241854761
2024-10-19,0.5473659656432919,0.8800314960107228
2024-10-20,0.6024248076433276,0.8647883305306465
2024-10-21,0.5968552930983403,0.7316095413893345
2024-10-22,0.5184684711891321,0.9125809753597175
2024-10-23,0.6725544807477821,0.9238295658360626
2024-10-24,0.6567594897206601,0.9362774293848044
2024-10-25,0.5725487563668133,0.8541134670327277
2024-10-26,0.7545141350993199,0.8576860732882106
2024-10-27,0.6489251780322631,0.9074499392319482
2024-10-28,0.7223082337421701,0.9528243682766318
2024-10-29,0.5776638363317111,0.7883959490113758
2024-10-30,0.5850233148561845,0.9090577381661807
2024-10-31,0.5153733676043574,0.8083165471266655
2024-11-01,0.4954948919009275,0.7660159761240459
2024-11-02,0.47675636263311105,0.9453756523968745
2024-11-03,0.6025733144911045,0.9302983283140148
2024-11-04,0.5303503070315512,0.8622687333008453
2024-11-05,0.4783706173540903,0.8329658462148132
2024-11-06,0.5502825165693321,0.8447294798430305
2024-11-07,0.47196110552719184,0.8035093182880275
2024-11-08,0.36251674551588686,0.5090507383213407
2024-11-09,0.7843574113039345,0.9077337954589447
2024-11-10,0.5043786033411733,0.8752598083994092
2024-11-11,0.40096269082673314,0.5771126707707411
2024-11-12,0.6746218652074503,0.886657530366741
2024-11-13,0.7405183478064741,0.9028308350920493
2024-11-14,0.5768653031988747,0.9439306866264999
2024-11-15,0.47953341058285504,0.7553785505235716
2024-11-16,0.7212739973372334,0.936420950411716
2024-11-17,0.6682814916108311,0.9693416190676838
2024-11-18,0.48776485384971324,0.8591237452138505
2024-11-19,0.6907107436003346,0.8878458566905064
2024-11-20,0.5544820217528902,0.8199089696370796
2024-11-21,0.41965800373769757,0.689826762430881
2024-11-22,0.6403328679690816,0.9152137818378908
2024-11-23,0.4255949583723397,0.91707502131649
2024-11-24,0.6570267739784562,0.8463953144153565
2024-11-25,0.7082875567514483,0.9559830857710966
2024-11-26,0.6535198699096753,0.9416432636003536
2024-11-27,0.6340301048502532,0.7413645026088328
2024-11-28,0.4870255904272405,0.9403683397899394
2024-11-29,0.584324528169489,0.89784972334023
2024-11-30,0.5013878231949405,0.913353078317786
2024-12-01,0.4932096650730296,0.6873849474528382
2024-12-02,0.7175731401326508,0.8557389761320713
2024-12-03,0.7972941601454395,0.9181358146586501
2024-12-04,0.9091917956235465,0.92107768669206
2024-12-05,0.6841192886504689,0.9220118343398002
2024-12-06,0.8346686398462212,0.9493599938732774
2024-12-07,0.8281603987262789,0.8447919592038832
2024-12-08,0.6415412323705842,0.9551010079282165
2024-12-09,0.6991840882223156,0.9375760929950681
2024-12-10,0.8596101786071993,0.9772389590361396
2024-12-11,0.7089795387882815,0.9302475063135908
2024-12-12,0.43996368099605265,0.7020350041092376
2024-12-13,0.8137669934149919,0.9759940588925584
2024-12-14,0.9489240820841591,0.9783311509042903
2024-12-15,0.8214517677330442,0.9639152459523499
2024-12-16,0.8326164717161206,0.9495108279279444
2024-12-17,0.8761725050471537,0.8641559669332832
2024-12-18,0.7176313968085835,0.7816156773788686
2024-12-19,0.6944233811129449,0.9659687483594809
2024-12-20,0.37563512447314173,0.5512692395736668
2024-12-21,0.5933558667011667,0.9439947533608242
2024-12-22,0.579119842013222,0.8624864484640652
2024-12-23,0.7232343142119781,0.8593387263406853
2024-12-24,0.6228344120743334,0.929825779145496
2024-12-25,0.8171531572813836,0.9533164198644096
2024-12-26,0.6996678440835175,0.9586873008377411
2024-12-27,0.9026675012907062,0.7434104493957515
2024-12-28,0.9053518558132415,0.9898944943478468
2024-12-29,0.8567537495401178,0.9744192164101023
2024-12-30,0.7899444573922739,0.9785201184803732
2024-12-31,0.9326433085526653,0.9408687199049157
2025-01-01,0.7099919762328276,0.9475268031125175
2025-01-02,0.690206850729903,0.9254171225639313
2025-01-03,0.39832631036103644,0.5730741646791909
2025-01-04,0.6998659004077145,0.9602452694181371
2025-01-05,0.635722936714061,0.9542209918279518
2025-01-06,0.6975198412910059,0.977385669295914
2025-01-07,0.8478918484579941,0.9626101326791281
2025-01-08,0.775477236674634,0.9562474961492614
2025-01-09,0.8059376251685026,0.9698961246330224
2025-01-10,0.7407312940679514,0.8666887598257305
2025-01-11,0.75769136650036,0.9544848639554303
2025-01-12,0.6875676625268472,0.9005600970546057
2025-01-13,0.9240982105780576,0.9439332870898532
2025-01-14,0.6723947211065447,0.9431726911457261
2025-01-15,0.7153954134266445,0.9613399149830351
2025-01-16,0.9442092741030418,0.8739033092144411
2025-01-17,0.6754086100601873,0.9200428592702167
2025-01-18,0.8787767376797939,0.9058959097501532
2025-01-19,0.7003918452198374,0.9345711883245545
2025-01-20,0.24327908675142232,0.21817248532279004
2025-01-21,0.6161272928866938,0.7590520236631885
2025-01-22,0.7241043516164467,0.9108993726174992
2025-01-23,0.8980934281593876,0.8410676992173249
2025-01-24,0.9681034772021767,0.9468823095558286
2025-01-25,1.145918731509933,0.9700320756241386
2025-01-26,0.685863961183329,0.9620481291119585
2025-01-27,0.7906408611127231,0.9485646830035241
2025-01-28,0.877511032980089,0.9679038368736995
2025-01-29,0.6186257449802444,0.9086695355665133
2025-01-30,0.895032585499904,0.9426662066666492
2025-01-31,1.0701937010672982,0.9665013630529559
2025-02-01,0.6307627871697254,0.8074240431203913
2025-02-02,0.9703466137508268,0.9556826260022734
2025-02-03,0.7208942958551477,0.8850428261289732
2025-02-04,0.6275397822601919,0.9089109060544283
2025-02-05,1.008786266590773,0.9538171727373603
2025-02-06,0.9015450460536936,0.964975648529385
2025-02-07,0.7580506680837268,0.8966289578107277
2025-02-08,1.1614912481378725,0.9001180489902509
2025-02-09,0.7931778496986074,0.9610016271112243
2025-02-10,0.6538033980232689,0.8086147404943381
2025-02-11,0.8045452222473406,0.9667895862764696
2025-02-12,0.9628253543330852,0.851140275992621
2025-02-13,0.8530699796443211,0.9077362795153717
2025-02-14,0.7649950275424638,0.8426864726624783
2025-02-15,0.9726411635483144,0.9007632572587064
2025-02-16,0.7576414877970202,0.9729362517347645
2025-02-17,0.74965357169897,0.9679016226126061
2025-02-18,0.7705677804906385,0.9873014967122978
2025-02-19,0.832193916294271,0.8942706493446282
2025-02-20,0.6829591738061862,0.7487056685346529
2025-02-21,0.544158600489576,0.8479694101024206
2025-02-22,0.9832411000132779,0.9185692480700726
2025-02-23,0.7186540793131987,0.8776910378397769
2025-02-24,0.5373612569492623,0.768905518446297
2025-02-25,0.8786930281323553,0.8295130498387246
2025-02-26,0.9120405137989889,0.9304358761017877
2025-02-27,0.7880329580128674,0.8726016929196422
2025-02-28,0.9797542624882519,0.6879634475135578
2025-03-01,0.5443167229185405,0.5279703269810382
2025-03-02,0.6638680511790945,0.9505179247311517
2025-03-03,0.7706438749610052,0.9754776512701706
2025-03-04,0.5592663775885679,0.73395567599695
2025-03-05,0.4703416349972632,0.6355002087343172
2025-03-06,1.0383347060172963,0.9490367146617464
2025-03-07,0.7276247808130258,0.9524969110986006
2025-03-08,0.9448522100558241,0.9774085125299409
2025-03-09,0.8810588153973938,0.8652951519994789
2025-03-10,0.9486470856302497,0.9789094071468953
2025-03-11,0.8133129904655486,0.8945093633761624
2025-03-12,0.87007659651144,0.9662301588403405
2025-03-13,0.8142715190338404,0.9532340259120794
2025-03-14,0.7190777126452259,0.9459916800381847
2025-03-15,0.6785030439741325,0.9643152334807001
2025-03-16,0.7317732329857336,0.9236997377264572
2025-03-17,0.9524225338690268,0.951315811277099
2025-03-18,0.8647541727022755,0.9413499397564135
2025-03-19,0.8262228532425093,0.8519262867111551
2025-03-20,1.1808120020329727,0.8968928972023419
2025-03-21,0.8164363442553254,0.77682047236141
2025-03-22,0.8082853885949465,0.8809590745904472
2025-03-23,0.8867871702720458,0.9502161394791498
2025-03-24,0.8789103175769405,0.9641959758749807
2025-03-25,0.7225014730681507,0.8777109670483536
2025-03-26,0.8052355383735778,0.9443096530220138
2025-03-27,0.888093857093932,0.8960237767773677
2025-03-28,0.6570858500210547,0.8832889312565894
2025-03-29,1.0357421348477431,0.9302845626537275
2025-03-30,0.9172714023426953,0.9730054239162936
2025-03-31,0.7309537899003368,0.8893394448250211
2025-04-01,0.8925380860998998,0.9576494728552999
2025-04-02,0.5764531802561461,0.7949829704969165
2025-04-03,0.4189200959730509,0.8958014524886323
2025-04-04,0.4836093546037516,0.7212164552891374
2025-04-05,0.8001000681283412,0.9117080290917053
2025-04-06,0.9161876007038676,0.9125487122071684
2025-04-07,0.776998291507972,0.9463871621080137
2025-04-08,0.5898177936118048,0.7478407219715824
2025-04-09,0.646290028830919,0.9013256117940026
2025-04-10,0.6360683764596292,0.6163917206840749
2025-04-11,0.5674724049305262,0.8484881987893124
2025-04-12,0.4704122230113404,0.8214295279112622
2025-04-13,0.5596655486390275,0.8335238893832638
2025-04-14,0.5580690245554085,0.7629197029513622
2025-04-15,0.4815920087681942,0.888018668122397
2025-04-16,0.7608986874821364,0.8402530519121604
2025-04-17,0.855078344152798,0.9139330192319199
2025-04-18,0.7831743475042414,0.9393166506728865
2025-04-19,0.659115013014225,0.9647643035243656
2025-04-20,0.6607497766255022,0.9507202466632089
2025-04-21,0.613801617652037,0.9573858516345977
2025-04-22,0.7664181082493465,0.9189628307278717
2025-04-23,0.7937969897342665,0.9252979340483113
2025-04-24,0.7084155442334605,0.9481248020731744
2025-04-25,0.6311200540134339,0.8789071875395519
2025-04-26,0.7188918937920409,0.9340858392143354
2025-04-27,0.6776794255501029,0.8754333671022883
2025-04-28,0.5421530568547935,0.9284564212987879
2025-04-29,0.536426157058835,0.8619559068967767
2025-04-30,0.5980453877472862,0.9081534370247676
2025-05-01,0.8690640899445943,0.9480888683949751
2025-05-02,0.7547610128192479,0.9070530621725007
2025-05-03,0.6310317807726611,0.8834549811991754
2025-05-04,0.5400490206610629,0.9053808713350419
2025-05-05,0.860349750983682,0.8556760014910609
2025-05-06,0.9697812528183237,0.9584587083466041
2025-05-07,0.7464789321630863,0.9423593493540416
2025-05-08,0.6838187192945632,0.9572162377787777
2025-05-09,0.8541912805655367,0.9556946665093367
2025-05-10,0.623059547691519,0.49470964545546164
2025-05-11,0.6655978392081274,0.9570018022507415
2025-05-12,0.7967314888347079,0.9839099823553847
2025-05-13,0.7483318195715012,0.9515925132930884
2025-05-14,0.5001739607515547,0.8471358481889516
2025-05-15,0.8631364759173253,0.8760647190831887
2025-05-16,0.5883595819995895,0.9368260010919642
2025-05-17,0.6953577915427133,0.9638255358856416
2025-05-18,0.9289940993416306,0.9627259839707077
2025-05-19,0.7940876196506255,0.9514340749448874
2025-05-20,0.7761121664562491,0.9085905564384336
2025-05-21,0.7331084261907355,0.9222802285578161
2025-05-22,0.9712804636823255,0.9597643264438641
2025-05-23,1.175643750291777,0.819506568143277
2025-05-24,0.7377182364180969,0.9257462132356377
2025-05-25,0.8894542255325063,0.9019103524254954
2025-05-26,0.8407171094699084,0.9754900631454991
2025-05-27,0.7827684023782066,0.8969194658014215
2025-05-28,0.8551504481550555,0.94554097642504
2025-05-29,0.8858191501226761,0.9559832904418049
2025-05-30,0.8738017426648679,0.9053070815777068
2025-05-31,0.6316857179790784,0.8347121941373205
2025-06-01,0.9822756823803839,0.9560941798340842
2025-06-02,0.8986286796224685,0.9456102064549874
2025-06-03,0.8262017294407327,0.9581883112053065
2025-06-04,0.9582627035332483,0.9501241538868959
2025-06-05,0.6503832879891428,0.9288679319600597
2025-06-06,0.8621871355650779,0.8693890741243127
2025-06-07,1.022224970018418,0.930231426993859
2025-06-08,0.9682152272884557,0.8984462216813137
2025-06-09,0.7105037869926367,0.9116772764768986
2025-06-10,1.248019063076936,0.9529944706155071
2025-06-11,0.8698572572158564,0.9808977494409021
2025-06-12,0.6933463710828801,0.9138278720823465
2025-06-13,1.0644937243565102,0.8681768086138378
2025-06-14,1.0334776387464728,0.8599599858663322
2025-06-15,0.8909622792007328,0.9170795741921657
2025-06-16,0.6897111641543577,0.8994114742826944
2025-06-17,1.1310622920703695,0.9184703556242533
2025-06-18,1.0984134681684274,0.9509036364374682
2025-06-19,0.4748713976563915,0.9056245986437007
2025-06-20,0.8131512219772824,0.9360853649965714
2025-06-21,1.057006632644199,0.9688498579101162
2025-06-22,0.7608955724215617,0.9471921919025929
2025-06-23,0.37509710166854865,0.8626576933680724
2025-06-24,0.26112870480084244,0.7443223748020511
2025-06-25,0.07387886516850314,0.003988227107156918
2025-06-26,0.5021074239427162,0.41183271507818986
2025-06-27,0.6948411752725949,0.9399491651503958
2025-06-28,0.9958006276389719,0.9341598931485875
2025-06-29,0.9171019244688012,0.9805251893174725
2025-06-30,0.6406537977518652,0.9209567727039223
2025-07-01,0.47085715080629553,0.8452853144057002
